photo_url,caption,capture_date,captured_at,uploaded_at,timezone,latitude,longitude,device_model,notes,source_asset_id,source_platform
https://lh3.googleusercontent.com/pw/AP1GczMFMLOe7oiwjfy2VzLYUh5tJOWEA7wfObH4QF5kurmaWY69z7ktRZ8VveosEOtK6LaPOAEKKRUFcBYQdbOE3GTkmdqEVNG7VFBiAV9MEzmTnmaLW5qh,,2026-02-25,2026-02-25T15:03:49.626000-08:00,2026-02-25T23:42:07.824000+00:00,-08:00,,,,,AF1QipPU9RHgErKWJwJJ92pF-E0klp18nr0eMqppu6yS,google_photos
https://lh3.googleusercontent.com/pw/AP1GczM_-onCa0Wcrfjf20N-VnH8urwQNIOfacr9iQL4-MUob6XBcv-bqhaIqNgfqqi0cMsyqLXpJFjjpUXXDp5kpgX60CIQoQ_y3ViaGgzmENYin3PWAMgM,,2026-02-25,2026-02-25T15:04:31.921000-08:00,2026-02-25T23:42:07.824000+00:00,-08:00,,,,,AF1QipP3uLTxp7JBdSEI1arLdrVpzmVWxPsfUREzogQc,google_photos
https://lh3.googleusercontent.com/pw/AP1GczM3sgJLOFfLxtTTQ-7yhO2hi0NJzMObA-mPgxRs3ToIaCFJlCq5NuYk8xxOLXvpBKBSjaoD0qkMRH8CRLHkH2A6PpPKLgrgOhfkO3_juwlrhXXiUmqh,,2026-02-25,2026-02-25T15:04:52.014000-08:00,2026-02-25T23:42:07.824000+00:00,-08:00,,,,,AF1QipMhYY3ADKACHG7cdnyQKr5EB6ubpjjpWykvU06O,google_photos
https://lh3.googleusercontent.com/pw/AP1GczNWU1KGbKd-lxw1pHAMPVOEykVSffgvIk4YOkduAozkzL32eWu9h8BTlhLbFOuiCZwfoie-CwGscaPrE79DDWJfKeiskVX-byjP_zXyGKrPbSSj-dlW,,2026-02-25,2026-02-25T15:05:07.484000-08:00,2026-02-25T23:42:07.824000+00:00,-08:00,,,,,AF1QipND0gAwfUQ1xbVpfJqHJ7hJJjb6fhFYSQdo4CWe,google_photos
https://lh3.googleusercontent.com/pw/AP1GczOyDG--plQlxn84m_7asZCbRv4RGEUpk_dtgvs97UJog8pa3POFlhom66xsSd0oyrWe_ZqTwp_qvL9PFt5Umbm_SYt5d6sQ222lB5skoSpdjR2SmusU,,2026-02-25,2026-02-25T15:05:23.066000-08:00,2026-02-25T23:42:07.824000+00:00,-08:00,,,,,AF1QipOAixlyabr6w5IntjDZchh5IVfv3jAqII7bUhAI,google_photos
https://lh3.googleusercontent.com/pw/AP1GczPBDkxvbJW2i0Aq4-I9nYwMelPN6qKIoaC2FzkmKsTzNIs6TXDn-HUNk8ChAFymNFkCrVoLGBvRU9cex69d6ftAvr4JFulbo4MwfK2P95lY1nmSjpVv,,2026-02-25,2026-02-25T15:05:52.191000-08:00,2026-02-25T23:42:07.824000+00:00,-08:00,,,,,AF1QipPy0PJSqnwpfWm_W4pspUcOt_QTWuAzcKvpBi_4,google_photos
https://lh3.googleusercontent.com/pw/AP1GczPmpa_ecGly6DmKjzNTVcOwn6CKvzqjG4eDDi41ki8BGSmPg0pCjZz5YURce1l2tD5oK5J757klLG7SAlk_H3nq5FIPheIvH67c8RSnUpJFt4t5rHGo,,2026-02-25,2026-02-25T15:07:05.402000-08:00,2026-02-25T23:42:07.824000+00:00,-08:00,,,,,AF1QipMB-jUQ93DXcLOwaHZnlF1J7IK3rz6IW8Dgpv2B,google_photos
https://lh3.googleusercontent.com/pw/AP1GczPbUzKffSUzNaJgkbWllUKOKGMV5zMlbnMOZ-1-zw0UmSE3d4TUsGxs3PsGN7_V_SQgrW5zEk4SR3fFJ8-5jpkpYdtPmj0Af1CezrqGQwuYxJKzd2ga,,2026-02-25,2026-02-25T15:07:15.144000-08:00,2026-02-25T23:42:07.824000+00:00,-08:00,,,,,AF1QipM6AUa6pLQQ6rWh54k2_an_Z5J1ijOLl5S1vVYB,google_photos
https://lh3.googleusercontent.com/pw/AP1GczNINkznFs3eW_WC8eBcLPZCcBGo2WjQp2R28NUZ7t3qGVGMoE6zBnJ_MWx3lupOSTyEEt64IiZJ45_aGn_8n5dCaeOvn7cQ6170bnz89xQ3wZ5C3Bvh,,2026-02-25,2026-02-25T15:07:27.925000-08:00,2026-02-25T23:42:07.824000+00:00,-08:00,,,,,AF1QipPBKSwU3sjNcQQSkKhJlcDXrMPgsJUsYU4qxJBM,google_photos
https://lh3.googleusercontent.com/pw/AP1GczPf7y7iK9rIjFFcXNMalZrKueHECps2QmiEVeHeZp9d9GvtzBusWm-zrteqjhx_Tch5wgyugPzE_45r6nKPcuQ7VqzC4kE0uhqVn1Xe9b0kTh7sf9EB,,2026-02-25,2026-02-25T15:07:43.173000-08:00,2026-02-25T23:42:07.824000+00:00,-08:00,,,,,AF1QipOjuN57XrR72JGpYJD-MNFmDIU5mMfTXiSqesvx,google_photos
https://lh3.googleusercontent.com/pw/AP1GczPWQ8DfLtfo_a0nXO3jTa4v-JDZMGawgo8AuOgEZTRTHpORPZJsPsN_BbkYTiWRXkO0XaR5JY3ZsIuYC3j-2EB0-WSbAwClkoiJ6t9ltUB5e-uE388H,,2026-02-25,2026-02-25T15:08:01.793000-08:00,2026-02-25T23:42:07.824000+00:00,-08:00,,,,,AF1QipOD-4JZKFoLLmop8kf5UrZVgFK997FlrUV2bfDK,google_photos
https://lh3.googleusercontent.com/pw/AP1GczPERxghxAmrYvnJhRkc6N01Mqge0DcfCKrHP_KrnZ-hCSJS0hMfe-DAW1tVhOc8iVOmRnzphNCTErjtHfUC3vx43EgCsxfPCn7WWIXNCbbQA0wqPlYB,,2026-02-25,2026-02-25T15:08:32.646000-08:00,2026-02-25T23:42:07.824000+00:00,-08:00,,,,,AF1QipOFj7AJ4wBEzoSghT-FmoK39t8yyzYEN5BeNu8N,google_photos
https://lh3.googleusercontent.com/pw/AP1GczP1g64yXnEjN4EMpwF1V2O6xgmsYAs9ttj1xVDDUVGsq1RYg1b0x-KydO-ZOzc3jyw_rl_FNyUMN69tD1R3v5PQTNWMH5j7THrio2r2dZ6-_txuJM2l,,2026-02-25,2026-02-25T15:08:52.048000-08:00,2026-02-25T23:42:07.824000+00:00,-08:00,,,,,AF1QipNPL4nt2YpB_XIcQzYhO655wqvWMHRH-KHmtrYL,google_photos
https://lh3.googleusercontent.com/pw/AP1GczPm9-YeIg_h_p3Kyn-0ehAv4IoH6sZurgEBC4m0Ss0W0L3LkJ5UEGD2om0hcw4n8YvhWu7LnKzle7CLTo5YpFOPi8DCWUJEWjcuEGbuepnrU2842U9W,,2026-02-25,2026-02-25T15:09:11.414000-08:00,2026-02-25T23:42:07.824000+00:00,-08:00,,,,,AF1QipOKLGjadxmA3cB21dGUO7lBOdTQURwF1BvGZdiR,google_photos
https://lh3.googleusercontent.com/pw/AP1GczO0v1TDxsnW-7uz_wgBh4hhnvWYYFD_07GhGv-NALPVgOHQkxjjIAmKE69yPzs21iY7DbeI9TPdrHPzPVG6O5EzfYsbkE641dtLcUD2SAidxVb5XcQ5,,2026-02-25,2026-02-25T15:09:23.522000-08:00,2026-02-25T23:42:07.824000+00:00,-08:00,,,,,AF1QipN2YoB1bCy4GtnTmb14BMvYRBvSTUZ2eqDUQChh,google_photos
https://lh3.googleusercontent.com/pw/AP1GczP5jqwsEP0C4Ytq5xjtD59107Gy1jqJy3JSDKkyUfEc-oFnZnvF5fnD_Xeg6HLWO6yI1Co4oyk_p6EX60-hyfkQDWLP4RJWbDhMjJDsqlaI-8fcloV2,,2026-02-25,2026-02-25T15:09:36.700000-08:00,2026-02-25T23:42:07.824000+00:00,-08:00,,,,,AF1QipOLVxSyli52QM5HMEqdgY_3saaI5bYdnoJgIolG,google_photos
https://lh3.googleusercontent.com/pw/AP1GczOT17BKW-sfNkNNhmrA30AVJBEFDuJQ5xHEvo4y_96i-wgZVy5wqWasExh8AXPBdor6Q0Be9wF7JmN0z0na2IWEY1tBG8IN5gMvH-FOeYZK4QBU-MA7,,2026-02-25,2026-02-25T15:09:49.993000-08:00,2026-02-25T23:42:07.824000+00:00,-08:00,,,,,AF1QipM1i3MSJ0yhTT2hSftqHOFdl3W_wWqD5xJY0F34,google_photos
https://lh3.googleusercontent.com/pw/AP1GczP8DJ9tE-Q_EmBoGpO-cEJZCYM3XUEEFwitCqI9PEfTT8_4hx0uI5UzWgPj6hqSDp0Lqiob8ZKezlVvJLYtEnciMrIqpAHE9IN6qPF_lK4D7JmfHPcy,,2026-02-25,2026-02-25T15:10:03.936000-08:00,2026-02-25T23:42:07.824000+00:00,-08:00,,,,,AF1QipP1dMtVzUEgy1xAa-BPODBu3C8Mv1MxdVczHmsv,google_photos
https://lh3.googleusercontent.com/pw/AP1GczMxb7DsDhsL11aNsPvQHYmE3NqPJ0kGBGWmCx-t0j9FL_0o2iRFy2N10rBlGx4XN-ofymZOCy54A0JUkt0LXgNbkRVFWAzdDqSq-Q8WYBUQE0GUMykk,,2026-02-25,2026-02-25T15:10:24.254000-08:00,2026-02-25T23:42:07.824000+00:00,-08:00,,,,,AF1QipNjCXO2DCyYSPo8z8XBD0Ec50YkcouPnONL4iMi,google_photos
https://lh3.googleusercontent.com/pw/AP1GczPmacGu7fZK_lV9h9M9ZeiHU0vdAwCeLAs5jC-UTtAcMj8emS46A-Nc3QtXCK1CKeQoWHmtZZc4cwmTOUw3AAK67rI6UR5oLplX7jECu7r1s-GgW05U,,2026-02-25,2026-02-25T15:10:37.277000-08:00,2026-02-25T23:42:07.824000+00:00,-08:00,,,,,AF1QipOWtl-WwkecNu9F9l_igA2_xjUTX61phekqUISY,google_photos
https://lh3.googleusercontent.com/pw/AP1GczOPLG_gOrPMpurEI9RA83YIAeId_r5YUR65grLsHjnN-BuRFaKFnfHhLotsTsMzIWP0p78_BzUTJ-CWR1lo_gQzBzPkzrDyCUcziaPLBKQbFVyL37JK,,2026-02-25,2026-02-25T15:10:52.554000-08:00,2026-02-25T23:42:07.824000+00:00,-08:00,,,,,AF1QipNgy53gtDiRsdSvAMrdHdBvBkbmKmaU1vFW5Zwz,google_photos
https://lh3.googleusercontent.com/pw/AP1GczNF0fK6hvQA6gRp-hGq7-UlmPY5LQWxv2AfYsgYty8ghMBK2_s5YHN8z4XFRwWFc-DMhalQoCuqh_LQ_55KQn5i9t7NnQoQflHsPIAHHwS5PSQmtrCc,,2026-02-25,2026-02-25T15:11:10.129000-08:00,2026-02-25T23:42:07.824000+00:00,-08:00,,,,,AF1QipPAAscveydu_pS2BDKBY5GW6c2PcX28PTEVjWAg,google_photos
https://lh3.googleusercontent.com/pw/AP1GczP18fcZCnjTI0f3oP6cdVHcgqNKQVhNje-uRu9DYDSHEFmPsv180Ej7L3LfJXEaTEfs-DuX8xJkYUyjkQtQeq5aoz0iSJzEDBwha-N2Ntowu3ST460g,,2026-02-25,2026-02-25T15:11:21.664000-08:00,2026-02-25T23:42:07.824000+00:00,-08:00,,,,,AF1QipOyJ1f5YmuDH5yEFsgS-jiPJZezlWGcMT5fMGtw,google_photos
https://lh3.googleusercontent.com/pw/AP1GczPzu4jevb4mCcnaY0_zhC_1uMP5-V96DoDpAWdOhS6xwNbiJf5vWCnpez9lb2nL20T-vcnfO8G49VHCxNnsx4XUygfwyu9NvBEI9yGwLdUBS6lU521T,,2026-02-25,2026-02-25T15:11:38.169000-08:00,2026-02-25T23:42:07.824000+00:00,-08:00,,,,,AF1QipNP68Vw7mvYGsv5QBHZUceKBkEDLjdMJrAvrxd7,google_photos
https://lh3.googleusercontent.com/pw/AP1GczOYTQdRirf0TMq5CgwTAd7biLXutMRn3GHQjr8niRQHCyUhau-l8GH78VaND3Xga6ZEEQn0qrqq9qmT6nZahQGa3gx2zWh_1o0KfUvOlMb8e3StVJ0X,,2026-02-25,2026-02-25T15:11:44.325000-08:00,2026-02-25T23:42:07.824000+00:00,-08:00,,,,,AF1QipMsgTsMPe0GgrGEOMSzeDEb5I0btOG77tyXcHuV,google_photos
https://lh3.googleusercontent.com/pw/AP1GczOhmZ7bnSvrB-bY6eKpKNMj7E29JoweUGwU2qVcFSo1i8MS2EssRJ8bV6R4LkpHWS8i3jKJicsFYJdK2BJgMcxAsjUt5oBDjUwgHCKHIkc6v85Pr2Ex,,2026-02-25,2026-02-25T15:11:48.655000-08:00,2026-02-25T23:42:07.824000+00:00,-08:00,,,,,AF1QipMEl7diDesLyGqrp1qoRqwhHn3qWfQf49Qfnky2,google_photos
https://lh3.googleusercontent.com/pw/AP1GczMspnDV4yy6NgNlxgybeEO1gNnv5SvZ2YwRQhAQtnzq-ypeUErNXJLVb9s3JXaBBrv_cEPeLH2o_BhgYx3culTiJ0u5eaoEgZ_TMeZWDujH1pXblORm,,2026-02-27,2026-02-27T15:59:35.072000-08:00,2026-02-28T01:11:51.400000+00:00,-08:00,,,,,AF1QipNkNoPwuiEal7zLlF1luNvKjGdOMuwLzCIZ1XYC,google_photos
https://lh3.googleusercontent.com/pw/AP1GczMqxFz88jhevGGborYJjQn9TO37YSA1Yn_J6HhEnA7NfJnqdmp4HbyOINvkrwhVJBC8fQzPOxKa3EPgEBRx_n1wIr965ExCbBvtInDrH6ZcM3IH4src,,2026-02-27,2026-02-27T16:00:32.131000-08:00,2026-02-28T01:11:51.400000+00:00,-08:00,,,,,AF1QipM8_VNjFYM6p6XZxnmZbDEe2Jta-agf8uMv3HRX,google_photos
https://lh3.googleusercontent.com/pw/AP1GczPj0LcfwL6u4FKikzzERHKEe2r4Aeemp8WSIukvKcEf77d7hhQBdT0VP-v1hjS0lfh6aCaTSRYBeAhc2N3PyXOtMzyI70LJCqjK3VPZZFtkNvZGYiz3,,2026-02-27,2026-02-27T16:01:50.309000-08:00,2026-02-28T01:11:51.400000+00:00,-08:00,,,,,AF1QipPs5VaxkM25iMl5SmV5FGCnaaoIuO2T0AlKaJDc,google_photos
https://lh3.googleusercontent.com/pw/AP1GczPDMVWYjdcJEfLfSyLldRqqFEgaOiY2ANB8hldouIAqy_J-08omhsCvbq-b6Z-f2UD1--DRwai0f-szHUGpg2cstd6r9hNxgkscxEHrxjWsk-nZo2On,,2026-02-27,2026-02-27T16:02:39.714000-08:00,2026-02-28T01:11:51.400000+00:00,-08:00,,,,,AF1QipMxykxrPSUc6w0Sfi5syejDGOKOoZpIr4sDFLm2,google_photos
https://lh3.googleusercontent.com/pw/AP1GczNO50WfF518Cy03IelfloUktfgNH7c_lk_FHQpPhq3k6-gEccPSkxFJq7AYO5DeiRVHDetXn4CCyppiyDNxQqt1nsn6fQJIpEZxR00BIV2MXusD8Vf_,,2026-02-27,2026-02-27T16:03:44.928000-08:00,2026-02-28T01:11:51.400000+00:00,-08:00,,,,,AF1QipMuRYdh97xeszs34rqMRR0sncEgNU-1RSBC0iz8,google_photos
https://lh3.googleusercontent.com/pw/AP1GczNexmoMldYiO-5ZxWlBQbDqpzm-TOlMjIVYfehr9l4uNw_6RHB4TeszoGreTKYDV90_Plfn4MWhxVnahcR0U82-9_r5NlrYLO2hTxKzRPeYP69bG0B_,,2026-02-27,2026-02-27T16:04:40.125000-08:00,2026-02-28T01:11:51.400000+00:00,-08:00,,,,,AF1QipOh2iMlMQ7BT_GI2stqUxDG0ASkO8q7N_Gzp1mw,google_photos
https://lh3.googleusercontent.com/pw/AP1GczNpueT12SXMsMrHdCSbRX0urRlLgcBnz5e70xcf0xpkMmaVQ5379H2GqOJZQDQkkBstFyPqXZTByLJ9N1UI02J5idg0shQnnTJIVEhCOKNmkIWnL67A,,2026-02-27,2026-02-27T16:07:00.567000-08:00,2026-02-28T01:11:51.400000+00:00,-08:00,,,,,AF1QipMOrNyIbBFmWPB1l0MKNFxFAkvt1kqdtsz1vNRj,google_photos
https://lh3.googleusercontent.com/pw/AP1GczOAnNE-AntYNp3NqwVrSekv-DWmBx4X8517cw0BX4oxkAfFpENyfu9-Z25fqKrgZibBCFnhtktescugXwsLIhRJus1xEePli-zSRQBMxVtuBObZRY_Z,,2026-02-27,2026-02-27T16:07:24.251000-08:00,2026-02-28T01:11:51.400000+00:00,-08:00,,,,,AF1QipM5jM5GYBXRvXyJF6QM_c1PeZheaz2reTEUt5K-,google_photos
https://lh3.googleusercontent.com/pw/AP1GczNxvEUUByth3inm218o3N36rOfEqO8mtAy2HE1nIHSpOo5heE4FTj8KG6NfFMnaWOpKQaBUSm3n-1PpFLwgqidfKsE1AzD---Q5dSGENejr-mtoXwQ-,,2026-02-27,2026-02-27T16:07:44.473000-08:00,2026-02-28T01:11:51.400000+00:00,-08:00,,,,,AF1QipNu1M2E0AEQYK7hFn3pmzbxiIGeSq5J5Dotovbe,google_photos
https://lh3.googleusercontent.com/pw/AP1GczNf_XOSQLU-S56-YXdNNKgl3cMQ89E8uBh-VA-pO5FSTp-DWWRCgAi03XaCQqwOn8I4vDevbPG-p0lf2iDd8yaGuRYBqEF8CFcWMvA5t9Ama2fqL3dZ,,2026-02-27,2026-02-27T16:08:06.083000-08:00,2026-02-28T01:11:51.400000+00:00,-08:00,,,,,AF1QipPQ3ZWzolhWl3_1pB8e_6oGzGgs5Zr27sPloFFL,google_photos
https://lh3.googleusercontent.com/pw/AP1GczMfo9NBEs53rqIly_9WsQHXNXEmxpOAzN_6vYbo_JBUv8uy_U_vrSwTMTDuzfZQzx1ylGWMnrR12t5NiHjGEkJX-j2vAa3MGiZd9ws59CEsXpkTQ0Fz,,2026-02-27,2026-02-27T16:08:54.425000-08:00,2026-02-28T01:11:51.400000+00:00,-08:00,,,,,AF1QipP0GSadCV_QUXvaUIJg4ToDtuQV2EuemT3VBdGd,google_photos
https://lh3.googleusercontent.com/pw/AP1GczOF7FUdohj3sD_dtw24urJStx4ET4pqvlkbH0rvtXURmOPx1wf3xtA9GE4JpWSyh6phJEv1rsaYhgvTNzUF8lDHHeEX7KVET36uEXqXjy3SVe47Z0JS,,2026-02-27,2026-02-27T16:09:28.220000-08:00,2026-02-28T01:11:51.400000+00:00,-08:00,,,,,AF1QipPcRUF9VFcBtV6xTPyLJvDNn91cVt9MSk1b9ELy,google_photos
https://lh3.googleusercontent.com/pw/AP1GczPELAIUEBHHZlOBv89CmH0M7rQpbMxn4_mvK4NERomCB8OnPKHjKE8Rhcbmj47u0Y4sDl8lnHi1B6abEEpB4CQV_oC5w8CW4DFBf8_3lk8sOfpMqnoy,,2026-02-27,2026-02-27T16:10:09.060000-08:00,2026-02-28T01:11:51.400000+00:00,-08:00,,,,,AF1QipO9O8ofJOltx3a8m1wZDzXD_RBObZa59LwMiQZc,google_photos
https://lh3.googleusercontent.com/pw/AP1GczM5oed7ect65oYYdWPU2rPHIA1IBOnVt4zFJX4Xl137EmqQ1fGnWDYaU6JKqjFewDYzXuwNRWHPs29A1v5uJkonuHmHSCmWfAfwTOieNl710yjsWKRE,,2026-02-27,2026-02-27T16:10:35.022000-08:00,2026-02-28T01:11:51.400000+00:00,-08:00,,,,,AF1QipPdVE9IB07u1CtbsQ3DSY74m3ZuwXADzVdyG_LQ,google_photos
https://lh3.googleusercontent.com/pw/AP1GczOVJ4mM69ZgsEPDI5j1WCddGNSR0suntrDbgip765jcq9RNnf5vkkK_d5WTV_QjmkWYisUH2CT8ENnXJKeh6d8hJtSwNJ8De37YhGMrUQzCiWwAcyK6,,2026-02-27,2026-02-27T16:11:10.197000-08:00,2026-02-28T01:11:51.400000+00:00,-08:00,,,,,AF1QipPhljrNj7wo-iKKOyxIf1xHvkkj3CkWIKYtnlv3,google_photos
https://lh3.googleusercontent.com/pw/AP1GczP4av51WsEbp0Um4GA6Q5kaq5RRvVR0B7RTWLIgjNQv8eSHyhL4YJwMTo6oPruznEFUZzWDzFvSowQpIliR_C5DpHa_6Tm0kRVWWj2KEuvXCRc31fIc,,2026-02-27,2026-02-27T16:11:36.629000-08:00,2026-02-28T01:11:51.400000+00:00,-08:00,,,,,AF1QipMMO4uoJXozbYyUy6rRxeZYhw961kmp8Povegbo,google_photos
https://lh3.googleusercontent.com/pw/AP1GczMid2vqci6ubHdgRwTzgP25xC7No26ABEuVsbpJWT7wa4f8IAuJl6v1uU_mw-Vx5Yh6nzVoVEU8LanCnuCHHAPKXHeDg0sxMewAzfgUx4B-CKXUZ5dZ,,2026-02-27,2026-02-27T16:12:05.982000-08:00,2026-02-28T01:11:51.400000+00:00,-08:00,,,,,AF1QipMGoOuZlrRZznWkkqiaqTGliSLNsZ6uguUFT9Sw,google_photos
https://lh3.googleusercontent.com/pw/AP1GczOq1BJ6lQdAbSQpuPbf4ivPcfIf-GTWNd5c9DMV911nRH1JWPrlTuiud9jyWB7ZbI9J6VuxrIgYaFW83PXs45jRU-fDpZi9mhYPYSNhxREab3MwwyZ5,,2026-02-27,2026-02-27T16:13:06.839000-08:00,2026-02-28T01:11:51.400000+00:00,-08:00,,,,,AF1QipNHxDXPshBC7-87uRtOOjldwWgD7sHwj3tsBqPl,google_photos
https://lh3.googleusercontent.com/pw/AP1GczNBXWQ1-MDLDK8C-Wtlg5gFtLQ-KT5W9nBLdNMNGPMbT1j2ZDavogXzCd8QEvqQFgb1jrfIDM6tmkQlxr4UzBGjcaRkqG1ddHm1hNV1OFTqU6_3gio0,,2026-02-27,2026-02-27T16:13:45.896000-08:00,2026-02-28T01:11:51.400000+00:00,-08:00,,,,,AF1QipN8xGY0DJ1YO6FxU8cQUCA5Xj8-aAL5J6K0jNs3,google_photos
https://lh3.googleusercontent.com/pw/AP1GczPHQmto1Pb5BqOiU00D3JjWvwnjej0gVzNwSgNjMjrR1nu7Tl-Z4at27QQvoMwEvBKqxm6OqoPStrvzVgQ9ZN3CnrEPJwqhhidHFcbc0qQZAmfyjfT6,,2026-02-27,2026-02-27T16:14:10.043000-08:00,2026-02-28T01:11:51.400000+00:00,-08:00,,,,,AF1QipMYQNQywKhbOyI2QHkZYogmbkuNr-LIeoWHrJiK,google_photos
https://lh3.googleusercontent.com/pw/AP1GczOvy8pR0x7d7-3Dx4WREyaZ6mwWOu-NLFgTFSY4T0nahXYQ2BqI4J5f0S4R5nOAobHLWyHMc9JFmHrHW5ooGzv4VtTkwSMyHktgkBps5roQVpucOSjb,,2026-02-27,2026-02-27T16:14:29.099000-08:00,2026-02-28T01:11:51.400000+00:00,-08:00,,,,,AF1QipMa0qMVkNBfCip-aaXnEkgaIrdRp7x04CMh_HI_,google_photos
https://lh3.googleusercontent.com/pw/AP1GczPx9lwmq25WBkX1MFWYcna9GewV_AOjVukUHiFklKbtbETJhPWTrh7Thh-ZwvgjpMPiCslJUZNBqOEAKECNa0mCbdAFIwTa3Y5y-RWAuDd533hVoehG,,2026-02-27,2026-02-27T16:14:46.566000-08:00,2026-02-28T01:11:51.400000+00:00,-08:00,,,,,AF1QipNQus6o7w1H0bxgqTuVUHDttT63nQ0MI9HJ5nUt,google_photos
https://lh3.googleusercontent.com/pw/AP1GczM7PiSEtK6d9-UdjXGsEFFBXOH3kMR1qHZYJRMDjuLJMSKARljMCp8YcJIzhIZYj-0EVSPCoWFk27_9AuW6ECvQl6rI7J6_iNDywaYzl85svI4yOoTY,,2026-02-27,2026-02-27T16:15:03.412000-08:00,2026-02-28T01:11:51.400000+00:00,-08:00,,,,,AF1QipM0yvLYq5gh5dD0jBeZ7QVjN21Ze4e4PZTa41m2,google_photos
https://lh3.googleusercontent.com/pw/AP1GczNTaJ-tSOVSpMxV6P65xAe8SNcw1JT4LVKF7AbQmYguVqn5y4tNTeGGlGZ917AZmHE9RLyGM30bQ-iPamIuRI1uJk-1HHsRzm4Gt2QHbaAFTbnKpaCS,,2026-02-27,2026-02-27T16:15:25.015000-08:00,2026-02-28T01:11:51.400000+00:00,-08:00,,,,,AF1QipN5DqCCkcW274dmS91S3YUqca660Mf_KV-k4Uuu,google_photos
https://lh3.googleusercontent.com/pw/AP1GczNTS-bUm9nm0Hw0P5NlbEtHRYWEPNgF95SkbDkJ1J4tx57nYWzNMiMd9U-FU00TDrliiQCdVRLdDbFTDPw7jg1sO7q5ddLFvKmMSw5TvLMGoJFvCmaW,,2026-02-27,2026-02-27T16:16:22.009000-08:00,2026-02-28T01:11:51.400000+00:00,-08:00,,,,,AF1QipNODrVzJesRuXtXzBS4-drd3kbt24GJVefWTk2i,google_photos
https://lh3.googleusercontent.com/pw/AP1GczMX3e8-MVjyk91zng4gVqOtNGy-8qhIkH1rZfC458Xjs_iyCMGlfq7DAuBtc2wY2jSKMU7Xy3vKpErkvOZsMVl1uXZnYVGg2in9HghU9mZk4oJzYYnw,,2026-02-27,2026-02-27T16:16:40.842000-08:00,2026-02-28T01:11:51.400000+00:00,-08:00,,,,,AF1QipNdeVT-5e36OTyiL2lMm7CBCmO9kGQLrkK_u0RW,google_photos
https://lh3.googleusercontent.com/pw/AP1GczOfHQxNmKBdk7ZFHkOMlEGi496BC8jUarmCshEU_3KpOsrrXE-9o8SRQ6sT3ELgs0iMEmo1sHa3-SysAn8stONXBx6SopZhBF9isZhNVDX3Mmu4j0Ba,,2026-02-27,2026-02-27T16:17:06.862000-08:00,2026-02-28T01:11:51.400000+00:00,-08:00,,,,,AF1QipPWgrm0c2e2ueay8ltxkNXZmYWr_MEy6B3wWNyW,google_photos
https://lh3.googleusercontent.com/pw/AP1GczMSHh1oMxqHzVlUN07FbSMcpjsWqxVjuCodRU71YxaUrEs5UrDGo2dqrhFj5j5EjXdurSa20rzTatYyg4LTpFXkP0db93AMiaJTB4eOBPcRj9Xu3HCF,,2026-02-27,2026-02-27T16:17:34.471000-08:00,2026-02-28T01:11:51.400000+00:00,-08:00,,,,,AF1QipNNWpiy8RVHX96LLFVf8jWo7bcfr96LcWxlhLoN,google_photos
https://lh3.googleusercontent.com/pw/AP1GczMRYWGmryb52EBT1UAO8SZEjuVm-NlKe9r2OGoYj-TJXC1BeFniWJ5jHv5YaJrAs8egHVSkqZE4cyoOpxlBgPu2VgAb_3nCNLkQVcaR4D9Kk7Ahiru8,,2026-02-27,2026-02-27T16:17:53.526000-08:00,2026-02-28T01:11:51.400000+00:00,-08:00,,,,,AF1QipPl7rTGp9wwRZiLbaU7kO7c2HuMQ9t4Tpi1hSgo,google_photos
https://lh3.googleusercontent.com/pw/AP1GczPwLEoLlIsnSbPckw0lN7WT-HCyeEyamNGNItnqKWZ9YIMC4fTg2RJWP15GoFjsnbdCgUaG-ui9GTOe1voY6afF9YQiTYdTu29eh1_1lAyIltESJrHA,,2026-02-27,2026-02-27T16:18:17.438000-08:00,2026-02-28T01:11:51.400000+00:00,-08:00,,,,,AF1QipN537ybNXCCXSFj6NaQyygBKMS8sEZRVnfUYAhQ,google_photos
https://lh3.googleusercontent.com/pw/AP1GczPL_UlZIqmWCRXreoAvF62QWFTXrEBM-geNIgKs8LVYUcgqv_Gr02OP1HkCNMEaq23UW49ymVsbqUYKYnFH5gxoHLFfXlLMDKVkfguUZPgaasi00r5_,,2026-02-27,2026-02-27T16:18:37.571000-08:00,2026-02-28T01:11:51.400000+00:00,-08:00,,,,,AF1QipPgDMe3CWYmipAB-no13igQfPJRtD0OwTtO982r,google_photos
https://lh3.googleusercontent.com/pw/AP1GczMNSZHB4XRKLIzpLkXPYvWTjxdEHrXGHtfXDF0FMlGk1r56HuODaGe-oHpag-RbVhZGnBwOBOtKzDaw2gErXucV4qry4xhDqnUk9I1dpfoNpKGdgOWB,,2026-02-27,2026-02-27T16:18:58.684000-08:00,2026-02-28T01:11:51.400000+00:00,-08:00,,,,,AF1QipPW_xrbboWWeCEJUDigNayqwBG7NHzHDD0oShYP,google_photos
https://lh3.googleusercontent.com/pw/AP1GczNJQ-lqly7-xBJ-l34F-wgErqItgEtx7-7CaLyjI7FkCJU-NXgSR86F9c8HgKc3vDVpkymmkNt4D87lIXHp_Hpx85mztsw8x2UK0QdMuuyvnNpnjmxI,,2026-02-28,2026-02-28T17:56:06.171000-08:00,2026-03-01T05:32:56.532000+00:00,-08:00,,,,,AF1QipPdG_T6UaPwBUD1RGWtW2icgq6HQUXJSBMzrBw0,google_photos
https://lh3.googleusercontent.com/pw/AP1GczNxLKVf8Mn_Q_8H3wON3bIAD1FR5BppmWTUUo-KY6ayeqvUNED5Fs6uKVIkOC8-ilnilHUGkj37VCm-b1u6Tgan_zIiaSElNmxu5UHTjumExEpnIpPc,,2026-02-28,2026-02-28T17:56:47.657000-08:00,2026-03-01T05:32:56.532000+00:00,-08:00,,,,,AF1QipPanucT93rePbK9xX_BQVLGL0wKqkUC2oQVjCNj,google_photos
https://lh3.googleusercontent.com/pw/AP1GczMZU51q9mrRZDZ4g4hz97n-4IJ1ar1zuc7jq7OPKH6wVxYZgLRmOISdWSdE-pjrFHhw2_HPEfzsdXX7nHQfWS_2N7-EBs7QNzKjckQ7JzLvNdOCxMQx,,2026-02-28,2026-02-28T17:56:56.976000-08:00,2026-03-01T05:32:56.532000+00:00,-08:00,,,,,AF1QipOrjk-A7FWhfO-Po1FPkOKbhDU-z8hL7MYWQFmP,google_photos
https://lh3.googleusercontent.com/pw/AP1GczOZ0KqzJEwkff3kFRrmPuWidlBwGVHofKd8OOhbKzF2DMtQaGbkApxcqDwaotU5vi79ejDQ2RpRxXnChmiwA6onCnoVbCXfepCrjkqmRjEfQFMFx6fO,,2026-02-28,2026-02-28T17:57:00.450000-08:00,2026-03-01T05:32:56.532000+00:00,-08:00,,,,,AF1QipNCyuVuWMVC3_ftDTgjFt8IWXGqZtv7-NGm72sH,google_photos
https://lh3.googleusercontent.com/pw/AP1GczMrotArG2N2Zxz7La5MVYV5pjHMDgQr7yCU229yKNevYqyjTNUXHQ0lXtrGIssYmB_Lp-_H7LWmpl_87Z4K2WB80jYWQXa5Nz4NN2YwSKSbXDNNsdTz,,2026-02-28,2026-02-28T17:57:01.830000-08:00,2026-03-01T05:32:56.532000+00:00,-08:00,,,,,AF1QipPubP7Cfb9shgNI4FKnCnkt3v85xCt7AsTwt7S6,google_photos
https://lh3.googleusercontent.com/pw/AP1GczM6bc1F-B2201LBBcQ1R5xYlONlTPuwvHw-1b853scHZaFhcpUTjbEnv20T4TH7cLE-fne0q8v3rKhrKlvxdDCclsmyWwEqhim6od-OCBqfTRCJ0GzG,,2026-02-28,2026-02-28T17:57:11.320000-08:00,2026-03-01T05:32:56.532000+00:00,-08:00,,,,,AF1QipO0FF9Lbn43TXTt13Dwd5iLZtqrkOBABwpAla08,google_photos
https://lh3.googleusercontent.com/pw/AP1GczN77e5SJWqu8u_CEis9UyWPcWnuAaU-4qErhtYfEKygAMySGURFzaUK1tiLWHpKc-sLIeo0wiFPD_D6GXhBAjtkxJ7naDWJaM0bnIJ0aXNPVizKS7V3,,2026-02-28,2026-02-28T17:57:21.093000-08:00,2026-03-01T05:32:56.532000+00:00,-08:00,,,,,AF1QipMDFdFrsuQ19k9mtazn8wxw7Xk1jXHk3u5kvRya,google_photos
https://lh3.googleusercontent.com/pw/AP1GczNZ14SytXrEOxI8P9lyQ3iPkimLtQ5de-L2-bbt5f_XzQ4qIvW7DF-UyByeHuN3biTzW5wSf2IV1fCPhIAxWdFOuSi-vbZRQT3US7cUh4QHK7bH2EYn,,2026-02-28,2026-02-28T17:57:28.819000-08:00,2026-03-01T05:32:56.532000+00:00,-08:00,,,,,AF1QipNa_4m2EBDAlOxdIjS7hFZ5qQC7FzMHuKmo7-xM,google_photos
https://lh3.googleusercontent.com/pw/AP1GczNCmR7qX4mv7RuU8DenCLIovBN-9xXpv1KSYNCdNIERWuCForrvfN3CyFYNGDxu5n4aDOqN2N9KcnnbAqkEMKboPsTWwSI4pE2S10ZJqieBIRW3SJSZ,,2026-02-28,2026-02-28T17:57:52.128000-08:00,2026-03-01T05:32:56.532000+00:00,-08:00,,,,,AF1QipPKAdWgPHFVm5YG1Ft_YdGrU-SAq31-0FoUtN-l,google_photos
https://lh3.googleusercontent.com/pw/AP1GczPY6dYaq7iG8qEsiYj0QuRpZ95SEZAh-oNvTrakKnIrKR4NEkierYP97--0SbVuTqVkv5TTijWNAKybI9jtrGRxb787vYf4KR6njWBLAOZXhXIQvZRq,,2026-02-28,2026-02-28T17:57:54.151000-08:00,2026-03-01T05:32:56.532000+00:00,-08:00,,,,,AF1QipNsdwNtWA9hWh1GFXTU70rlrG8HIzAVQFyZCBcI,google_photos
https://lh3.googleusercontent.com/pw/AP1GczNlnosxWkahCkTkX5UMOKhwZ-FF70dYy-uhfpI3wKxWSe2UTQbuOLNRy3K5MKt7GwMqBmE2E-Cvm8A7jhoqO1qtqKKCrLDxmIoAhUkZ9Q0yFQGnnyVT,,2026-02-28,2026-02-28T17:57:55.907000-08:00,2026-03-01T05:32:56.532000+00:00,-08:00,,,,,AF1QipOtfgGC6kw6p74wMcF5b0RrV_9q3JEA88Toh1lv,google_photos
https://lh3.googleusercontent.com/pw/AP1GczOCcR6enIjWMHLmX1kWphFXg2eFrM_dcMfIu5Ydpy0Qmg5ynSfW9P_1D88_wTC_1AH8Ht9pHjGx_gWmMYF-vkJvX4Wi6JDrH0bPNw_ZIQmrJvzsDYSO,,2026-02-28,2026-02-28T17:57:58.008000-08:00,2026-03-01T05:32:56.532000+00:00,-08:00,,,,,AF1QipPlHHnlOJHRX4jyTuWRQGkWn2l8Ns9kgnIGF95-,google_photos
https://lh3.googleusercontent.com/pw/AP1GczNAgyGShx_3KArN0_lXmTx4dkSio80OSY2ZPvnRRooO9oiNmaC86BeaV90YUU_XfmgKjMIH5ioLrgsFT5oyzsMfG85goZzb_mboc_3hZtR6aika3zpc,,2026-02-28,2026-02-28T17:57:59.686000-08:00,2026-03-01T05:32:56.532000+00:00,-08:00,,,,,AF1QipPq_BwQYcGRESnVbEXHxyGnNJyt8Hli_XP_F9Ww,google_photos
https://lh3.googleusercontent.com/pw/AP1GczP4TiAdzWFzcMEmQSKsOcK_FIxTqsgqtipYLNtmurlsjs2-9hMkQ7oa1qcxOo24nlGNbG8zpcUsCdBbxBfcyUbX7QOFOGmuJ0yHWlCrYgVd3aIKUsLp,,2026-02-28,2026-02-28T17:58:03.611000-08:00,2026-03-01T05:32:56.532000+00:00,-08:00,,,,,AF1QipMuK-0SFRt7JtKjjIAyaaPCEmFimg0WCyLXDJ5i,google_photos
https://lh3.googleusercontent.com/pw/AP1GczN52YRhIhvlyY5al0GkLisabuA1a_C8ptrZZ-QbMuuA30ohXdgMQUjqhnXyoKgHPMJvNEEdx3Mh5Y822LUFa9FJy7IpDezTjQs6b7jd9dDKjiz_M4MV,,2026-02-28,2026-02-28T17:58:06.734000-08:00,2026-03-01T05:32:56.532000+00:00,-08:00,,,,,AF1QipPANAWdUHUA6Rb2gGxOnLzUlzrK2MW9Jxb-gwWa,google_photos
https://lh3.googleusercontent.com/pw/AP1GczPI1bG4WygICv3uPG0--gTOkw1srdNTZ_-HGvoMiP5c8j14KHJKl3n3_Y7CmA4JoM-Kjkahbcd3mwpYwUt63h2JQTq_PFp1KEcqGQxx9ac3PWQTZrdu,,2026-02-28,2026-02-28T17:58:15.434000-08:00,2026-03-01T05:32:56.532000+00:00,-08:00,,,,,AF1QipP2RYAT4X4c-NDudcJktwxOEUxql5rQeL15BA2d,google_photos
https://lh3.googleusercontent.com/pw/AP1GczMD9Xtp60Z4lZH9k1BOiw-9pIQwN7OA7DorrdClmz0e2-QbW5IBUauxaLHJdgepKEzqapXaASPXRsrot0w5NkaWUNvTIZjnqpwViBqEANj3OvNm-zki,,2026-02-28,2026-02-28T17:58:20.669000-08:00,2026-03-01T05:32:56.532000+00:00,-08:00,,,,,AF1QipPt-NKTgu4l7exf9nLGOkV_cyNzDV83exVU6qIp,google_photos
https://lh3.googleusercontent.com/pw/AP1GczNvZ5mZa0QC34fYB9VpJnRmLoTDmU_Elfl-MWrkr0Vg9GR8zYkdWJi4X5FY8qXUJDn5tm0khB7qLzXgWFZv0RHBHUNjwnraafXM-p5witHg2qduZF3u,,2026-02-28,2026-02-28T17:58:23.552000-08:00,2026-03-01T05:32:56.532000+00:00,-08:00,,,,,AF1QipM3K_2eWKR3kFYVV0WlwN2N_K4-6RcdKO14KMcg,google_photos
https://lh3.googleusercontent.com/pw/AP1GczMUsJ3MMwctsUX6z0FCsppSCdVFbczMLSuONaG36LvYqnOn58JIjF7IFENa-nwzImGSXBoxpgTP3W2mFhkjXl3BvTFKwq3okJV-84_QKoc2yTsaNDzh,,2026-02-28,2026-02-28T17:58:31.305000-08:00,2026-03-01T05:32:56.532000+00:00,-08:00,,,,,AF1QipNMQsEruJledTyWMij7GISvUPBwhasq7B0JWtMm,google_photos
https://lh3.googleusercontent.com/pw/AP1GczPkon3TuM0qbb8YYdhwgzzVK3bGUtVA3eAT74PWGy-1uWrJ9QoBhU-FOkkZYg5YuLkJErE8EzyvsVZn5kqUrQiU4rm1VXLlxJrqwkKxA7CMVEhtcLmd,,2026-02-28,2026-02-28T17:58:34.571000-08:00,2026-03-01T05:32:56.532000+00:00,-08:00,,,,,AF1QipMHqWeE93q9Ovs7OXkLreQyw8t1TVWR_HfNzrv1,google_photos
https://lh3.googleusercontent.com/pw/AP1GczNBtoxz0NZKO1GQkkBBbmuVuV_Vacj059y-MN2_mP6pjx9Ntf-krINUkdjIAK55M5evpbU5r4QOIsDmRFnh6EIiC0XWEN-NCrmX98pHE6B2M8pKQ7Yc,,2026-02-28,2026-02-28T17:58:38.416000-08:00,2026-03-01T05:32:56.532000+00:00,-08:00,,,,,AF1QipNG6W0i17Q-VM-w6wkrd8SPa1f4hLgktZhrqvPZ,google_photos
https://lh3.googleusercontent.com/pw/AP1GczMLPeN8IUwWRqHr4BaBHArP10nNUNAX9T_bPLUiJLZ5VcXFDxuUM9_iIiE0MM_xVINP4f-KK-bl2L4qSoNCQ2cARUaWrxERdbG-1viEwFPbJUoUqJZ7,,2026-02-28,2026-02-28T17:58:45.098000-08:00,2026-03-01T05:32:56.532000+00:00,-08:00,,,,,AF1QipPTRenQMhPx39xK37cc9nA5xBE66nR9bwAbJES1,google_photos
https://lh3.googleusercontent.com/pw/AP1GczMUkUmj6wZaG7NPARmUEvzhg3AtSf7OeEdAl-m9TsCi-ZAbgEzMnkHpqwsmJs30nepIywAgETqVqsAX83Mee4TENp6Ms106gBrgO6H7mV_WDRv0yOBS,,2026-02-28,2026-02-28T17:58:46.819000-08:00,2026-03-01T05:32:56.532000+00:00,-08:00,,,,,AF1QipPEad0ggMJvfwykUpjpTn0KZfxf_TPTkVf04nqY,google_photos
https://lh3.googleusercontent.com/pw/AP1GczOUhpQASK2RXNQ5HZwWbOC6AiZhXQllbMIhfVv5fR0LwbnyyncfTnGDLi9GeNpat0i2SSOjAFceWNVJxWKNWpcbaeOYNA1VkfbLfMYIKln2mWAn6Pnz,,2026-02-28,2026-02-28T17:58:50.870000-08:00,2026-03-01T05:32:56.532000+00:00,-08:00,,,,,AF1QipNOzHkk4-QYEg_3emd3syx5Z1IN3w8aJct-UBNI,google_photos
https://lh3.googleusercontent.com/pw/AP1GczNSqsV45a118Y647Dj9MbcEXECSMG2ls727PO1A6Le_8K27Q8C41zVGoFOzJR9TRmW0jPtp7T2VKNW9RpOwKeXbAu46S7cV5Lah-CvSYl7eyOK1p0s2,,2026-02-28,2026-02-28T17:58:59.054000-08:00,2026-03-01T05:32:56.532000+00:00,-08:00,,,,,AF1QipNEys5hf77ERQncizSI1R9M_ZCVJsXn3XcxnI5w,google_photos
https://lh3.googleusercontent.com/pw/AP1GczP0h16ffv5BEOkFv8vZx-4l1-NMVUjhiTajvRPq8oSwev0BQ_DsOx5OIeXP_Fq0ObLeLKgDg6VU7sBCTibTXTjuR4jZGkZhbul4Vw5xyGg5Wxqm1WPr,,2026-02-28,2026-02-28T17:59:01.898000-08:00,2026-03-01T05:32:56.532000+00:00,-08:00,,,,,AF1QipPsUfaWpyRhZsQFdVQ32Jbeb6r_i36h3t5W9puI,google_photos
https://lh3.googleusercontent.com/pw/AP1GczM_qJeWKg78eRjRwK3uVWXGklFx7UgliloE0vhuKECODgogg0fUP0IUPzHWa1bvY-phe3APs4NgtZhj59De1T7IGKB2or3QOsc6fYmXjd4lFsiCka-K,,2026-02-28,2026-02-28T17:59:04.309000-08:00,2026-03-01T05:32:56.532000+00:00,-08:00,,,,,AF1QipOw7mapHrBy7hUZcbIdhXEvbJVXPYN-MnVWdoUK,google_photos
https://lh3.googleusercontent.com/pw/AP1GczMrDIqBovSkm-iWqAQNGw3U2KtSdSSxSXzdN0dBVWBsqUZPHVIpYeigDlnECBJhs-ieNr29l41qP-644tsM5NSBBSrWgRKDJA5kOiDACLxig2mYiZ4X,,2026-02-28,2026-02-28T17:59:06.238000-08:00,2026-03-01T05:32:56.532000+00:00,-08:00,,,,,AF1QipPLhP4hNgXDaAMwkaJjzkJSlPBrlSP1h-oCyihI,google_photos
https://lh3.googleusercontent.com/pw/AP1GczPPdNAivl663cp9Aw-MLY3depUt-CHimLYMj0XMbcjQ-zoFEbChj-l2eagCTniFO1gzzDHLkZt28AF1Dz9dqvVzzeKeR9DS7IUvMD0vk55qKIWScohM,,2026-02-28,2026-02-28T17:59:08.492000-08:00,2026-03-01T05:32:56.532000+00:00,-08:00,,,,,AF1QipN8lN2IVLqK4sAOJ_vFHm3AXHh9n7uFHwwWGyBK,google_photos
https://lh3.googleusercontent.com/pw/AP1GczPYLYM_aOAORBDlH-8sqkJRhGN6adEn-D6DX3F8xanMRv1S6U-8NLW7izdhef7HXds8Ljpzwmd4f8bCDi0yDqAHlWjhbhg6wvbL-ne3jpfxstYPVbPZ,,2026-02-28,2026-02-28T17:59:10.233000-08:00,2026-03-01T05:32:56.532000+00:00,-08:00,,,,,AF1QipMA1KNHY-BkzEndCV8bbb6VSo3d5vNcieos4-_i,google_photos
https://lh3.googleusercontent.com/pw/AP1GczMCoMNb9hGT2Mw4NOWL4hT8mt-1KdwngjpkCFkvdT8u1eqcPAGhGZO159x7TmMhn0k2IHTIs5XpeNfve2HIotF6nLiG2PhlNgvnVzT7YZDgyXa0ljgs,,2026-02-28,2026-02-28T17:59:18.473000-08:00,2026-03-01T05:32:56.532000+00:00,-08:00,,,,,AF1QipMy07ShH1PZZKTwlfyeihWHhK1NMzrXYVSMKX9H,google_photos
https://lh3.googleusercontent.com/pw/AP1GczPnTIVnXVGhXw39HA6leGCPQDYZHwp7cnPASWhv_wTSlK3c9JSoE0i7YwPLfxFYEaW9IrVwg5IRKQ3pg-UqYLEzNvv3uOZZZNiQW2oqlHVSZRpm1xJ3,,2026-02-28,2026-02-28T17:59:25.550000-08:00,2026-03-01T05:32:56.532000+00:00,-08:00,,,,,AF1QipOiBi50K5TwISV3rtRgP2GIQC4IT7UbtiGN28Ps,google_photos
https://lh3.googleusercontent.com/pw/AP1GczOl_OLIPUg3xuwUKi1KwYMzwDQuE7FVVVHKCvglwTsls-8FoJFj-7bXM3njipR-ANYJp8i9gCd5FOS4RkmPx7Z6FLaV2XQRvm_KjJwdBENySRyrtCtP,,2026-02-28,2026-02-28T17:59:29.249000-08:00,2026-03-01T05:32:56.532000+00:00,-08:00,,,,,AF1QipOQAf3qzszGT2JYx_6t_r8Qkx_fIYYsf6S57RZX,google_photos
https://lh3.googleusercontent.com/pw/AP1GczMZFBv2mkvXwOiDLNRX1zLW3CX_3UqygkldjUQUSkoJBHi2JILOpa8VlTzm8z_zEh6PzlfY5aM8En_HGdbaiVAXeNBzQ6Da7MDY1cmL9w2rYBL7KEnU,,2026-03-01,2026-03-01T17:56:45.042000-08:00,2026-03-02T02:06:46.770000+00:00,-08:00,,,,,AF1QipMJXha_JmrzoMx996QXpREef_V5ciTb8WEIp4eS,google_photos
https://lh3.googleusercontent.com/pw/AP1GczP0D4oWHZhOujE8sdrOExZhERB9cKMDcLZzCfJRs6BIfiCX119gWtAmVmXKIGStbuJ3vvKTKVLqv7iu6ZwQYQqfJtLdEtfU7H6clD1FFBD6Rdh5veOq,,2026-03-01,2026-03-01T17:56:47.492000-08:00,2026-03-02T02:06:46.770000+00:00,-08:00,,,,,AF1QipPe37zlAju2TCouAPV5YunJmnridTiSZ9W1j0SB,google_photos
https://lh3.googleusercontent.com/pw/AP1GczOjxb3VTYDP4apb8qaPNHif6bNia1CApVumcC_nFSwI4AaiF7m6Nn2NsEZ4EJsWwYQV2NoueJNTZx6mB9XhxPo4wnX1Rf8Ijm2xelUZOcrUWqmVwiBi,,2026-03-01,2026-03-01T17:56:51.161000-08:00,2026-03-02T02:06:46.770000+00:00,-08:00,,,,,AF1QipONKQXPCi8_IMuBZYIiNLRXP-o8Gm7HXKwK_kb8,google_photos
https://lh3.googleusercontent.com/pw/AP1GczOufUfLtVP3MXCdDETBkzxgfcTy0lCzr0hxQ1IlvsRvaJw0U8txb3FcXjhwt7pqp8gnPuNDdZ-IlrhIfOCt7OmWueAwYdU0EXxNY_wTLQysCYJ-J_uP,,2026-03-01,2026-03-01T17:56:58.266000-08:00,2026-03-02T02:06:46.770000+00:00,-08:00,,,,,AF1QipMMCumGhk1D8US61YdSqwHboM6y4zS6DB94bSdS,google_photos
https://lh3.googleusercontent.com/pw/AP1GczN-QrU86g_vGhvYt_AcK9ymDlO731h82WXc9_EquF9I5Ni-5s5olT88XoQSyHZb7QqMuveSPB5KloXjsZmwrxWREwSulLqA0nCOg1GI-s9KxqpRpfVY,,2026-03-01,2026-03-01T17:57:02.369000-08:00,2026-03-02T02:06:46.770000+00:00,-08:00,,,,,AF1QipN5UGDUBJE_TdMqBxwaVvmSpxhobGE5Jpp5IE9M,google_photos
https://lh3.googleusercontent.com/pw/AP1GczNZ4eLtsGM2w1T9vYzfNGbpl-dx3_LrqYbWbx4qEr3LnIvavgNs_xSNMkrk8jIC8Wri_Fl6JrrJ7zeVxOp2LXuU5wPYzmsPPbO0EHR9zv2Y69zerHVT,,2026-03-01,2026-03-01T17:57:12.660000-08:00,2026-03-02T02:06:46.770000+00:00,-08:00,,,,,AF1QipMF9sn-jl1cee6mjqNHlog2czXKVlISGoQ3Ubpd,google_photos
https://lh3.googleusercontent.com/pw/AP1GczNlNtpLqpT7gPgtpvQe3-j_j88W19UcdE-XAYYo0cCHH3tG6hLwM05M8EyKXY3hjshTagG_kotWG5jBeACsG_-BncOZ4M_j4kWTQ5_9PKruCUXfGpkA,,2026-03-01,2026-03-01T17:57:14.795000-08:00,2026-03-02T02:06:46.770000+00:00,-08:00,,,,,AF1QipO8XHoL29mQYFBMh2KIq_wYCf-Qq_x7VV9X78GB,google_photos
https://lh3.googleusercontent.com/pw/AP1GczOBrjXaAkGQnGWS6uMfbvXd4giAtnWN_Ro7dtvLxrkvkEksaaGZkb918F4tHiTMI5e9yfFp1wNJQEN7q_mXqZg15IPW8uRTg6kc603xtoGvugaFhzsC,,2026-03-01,2026-03-01T17:57:17.029000-08:00,2026-03-02T02:06:46.770000+00:00,-08:00,,,,,AF1QipPhpVFmWxOEuSQR2TvDy31tpDiVeCfEW7xvZ-XF,google_photos
https://lh3.googleusercontent.com/pw/AP1GczNPI3I1AA_SyjXAZKaC5Gc7l6R1X6I7dWe2Nb_jagtqIsEM4LVpD7FOpO2w7AXF-Lnvr7Ku8Y0jgMDggLTudDKmOYTX8LLxoowl174lW6FQ0zBHRGud,,2026-03-01,2026-03-01T17:57:19.032000-08:00,2026-03-02T02:06:46.770000+00:00,-08:00,,,,,AF1QipPldk2El80lEMg_Qr66OZPGZxAbsZxvishUE3-J,google_photos
https://lh3.googleusercontent.com/pw/AP1GczP1aW7ciaDrZkYbr05nJWyxpeWoVgUiUtvKZmP2J9oMJroiHl-XIyYsk8eNRBtmdQAozyEn2JM_u4zvDcmfm-4muOOYgKc8oD65mDyuVKKhDPoBc2H5,,2026-03-01,2026-03-01T17:57:21.297000-08:00,2026-03-02T02:06:46.770000+00:00,-08:00,,,,,AF1QipNFZYgGKp96GQBJvPiceJkI9oGSrC_wGANBW2k0,google_photos
https://lh3.googleusercontent.com/pw/AP1GczNWGhSLfWr4kLKoFElt-qFCoog2W4z6lOFjw_XDucTUmHl657vh0Fd9j-5a8Ij6KKIgmoSkkLNphu01JL6lZU1DsuqubdKc7lAHB2YwutrfsZn7xAtD,,2026-03-01,2026-03-01T17:57:29.843000-08:00,2026-03-02T02:06:46.770000+00:00,-08:00,,,,,AF1QipO7W2pN3c33A9wClBCqibHYq2XJWWvddu6-RpW0,google_photos
https://lh3.googleusercontent.com/pw/AP1GczPi9RaIhqwIc5cqAkTHRMF_TzpVWCHcI6BkAeQ3k1y0Xga_sUoWVZglHI8gnBKo2n8y4K1Txngp5uTyh9q50RQeV86Oa-wHt3gJTQCOi8C9CsE8dVKX,,2026-03-01,2026-03-01T17:57:31.490000-08:00,2026-03-02T02:06:46.770000+00:00,-08:00,,,,,AF1QipMEigYtOwhL_C95lD_lFzuoM0HMCr9nCD0IRESF,google_photos
https://lh3.googleusercontent.com/pw/AP1GczPTcsAZu0lK-Pijjpy3GtBMVo-JO_dGOQbw0kxmXDXal0_oYIM-QzOU6QOcYNzs2mtkuIb7J70-NkwQXvi9PinsAWCU5X5T_ZGs_p86wgHvBP_MmqzF,,2026-03-01,2026-03-01T17:57:33.455000-08:00,2026-03-02T02:06:46.770000+00:00,-08:00,,,,,AF1QipOhYJcCoCZr_58gSMaWN4XAB7M7uA5yv4FEuA96,google_photos
https://lh3.googleusercontent.com/pw/AP1GczOS6JzO2ZxgaFK0keMzu0Vmypi2yT4zT0BTTw14n6OQEPVCkHJ8TK-QBdtOS2yQFysdn1rEJMJ-v5TwdVHETLYRG3Nh4ObKaixPM0GRBnDON7m58RHD,,2026-03-01,2026-03-01T17:57:34.997000-08:00,2026-03-02T02:06:46.770000+00:00,-08:00,,,,,AF1QipMftd2LaOGx35hX4kWjqA2BG7mi6NWiRccLjuvg,google_photos
https://lh3.googleusercontent.com/pw/AP1GczN9wdLvBgD3PsCRDXBceK8XdawCJwp9-wRcImKUTmT1ijnv4ArVRi9AlYtN5AUuij5Q2LKGVzAi3RdxfmhjNclBj63OqadreRLSVUWtl43Z4YJo9PeU,,2026-03-01,2026-03-01T17:57:39.456000-08:00,2026-03-02T02:06:46.770000+00:00,-08:00,,,,,AF1QipMlDWAyXeRWIe3KWeJCi6t9m4_wa4XmUhbO_AsK,google_photos
https://lh3.googleusercontent.com/pw/AP1GczNhqhQhpJI_BwlvAaAJ8XWlvlErPYaF9L0qib580Y4dyX2hpD3ISh0-4FPVaFl4rToCef_WWBD07AyqcDLGIxr1Ymg2Bapn5iwkE3wn5eBAAS3eQqBG,,2026-03-01,2026-03-01T17:57:48.404000-08:00,2026-03-02T02:06:46.770000+00:00,-08:00,,,,,AF1QipOGPBWReL0e_Ykaa8eX7oI_w4OKFJDwkqSMMoKe,google_photos
https://lh3.googleusercontent.com/pw/AP1GczOSihJRk6XKh2pZWC29pvXivwtUClo-c75kChsLnFkvDTW7mo8WUlOvAKRKl9xgODqfaf-wmjHtYVqG70tdG2-sqorixdkKg5Yc7A7M8hAIC5A8QgW4,,2026-03-01,2026-03-01T17:58:04.109000-08:00,2026-03-02T02:06:46.770000+00:00,-08:00,,,,,AF1QipPLCyDAleHo2_nt-__XsKFOIh2SjDXDR696Wmg5,google_photos
https://lh3.googleusercontent.com/pw/AP1GczMSEjdZ-cSBa8Jm5aJc1dC5UMoFsmriG5Is9RtY5_xtR6vSyHlvWB4R03uz7RdONusKcs7IBJX2UwXXDax2HOCx1N98xeH0NeWSBSy_0_QhlsuADLh8,,2026-03-01,2026-03-01T17:58:05.773000-08:00,2026-03-02T02:06:46.770000+00:00,-08:00,,,,,AF1QipOZiy5y7_33Jvu12eWe2DdZTMDPeaGKMf7H_tAj,google_photos
https://lh3.googleusercontent.com/pw/AP1GczMb8JAhzHMVjSLdirvE_FEWuwh9VaAdX_g6RycYhEftsD6FKVTDVa9HFxR4TGj8LubNscek2gMPeWzT-gUC7qaab4GUy3m4Ht-7EBwzOUuaakEO6n6n,,2026-03-01,2026-03-01T17:58:49.340000-08:00,2026-03-02T02:06:46.770000+00:00,-08:00,,,,,AF1QipNl9bjSllfGIMqq_I6YAGvLlwroxGMRRLQ9gbae,google_photos
https://lh3.googleusercontent.com/pw/AP1GczO2ZZjgg-5Peq188nIs_68QbAWRpy_b--xcnJQ2OlFoXQV2HL3gYCmJyTPY24Mn5g34MwQBlwtByvzonSfiWz85h4pOATpByG66tmVjJIvczjvHCpF3,,2026-03-01,2026-03-01T17:58:54.027000-08:00,2026-03-02T02:06:46.770000+00:00,-08:00,,,,,AF1QipNNpu3YZ1UVaOR35aRRxZ_8wAOjK2tP4TrWgZ-H,google_photos
https://lh3.googleusercontent.com/pw/AP1GczPfGJzKjHf9UNLnJnRB5s5ODRwFPigG6aYqn1-YlRqv1Bf_4zF_Bk0VsDBcEeX0dj5KQcvwkG_0Zc_sjce7Uh1vbDd4nIMDXFg7WNWfq9-woFABb554,,2026-03-01,2026-03-01T17:58:56.115000-08:00,2026-03-02T02:06:46.770000+00:00,-08:00,,,,,AF1QipPdDYoXnKvUZ-vuRoks5NUKsGYYGdS92h76ZjIV,google_photos
https://lh3.googleusercontent.com/pw/AP1GczM-XCeRg9lf49CB6rSYXr51gLWSxzBBqY62Sh3IW4v_6KstQJj4FuJnGbx3apO363PhLAZKSztNL1bxRa6x4yObrflOhZX0c7gnabdOgdaBlMBf_aDe,,2026-03-01,2026-03-01T17:59:01.339000-08:00,2026-03-02T02:06:46.770000+00:00,-08:00,,,,,AF1QipN6EbEkElMPz1tBBEdWJJiKFC5F6DzJ7M4y9bfp,google_photos
https://lh3.googleusercontent.com/pw/AP1GczPE-mB6x3UAsYma_uAFU8YAQl6r01nGq7DTu2K-Kw6xxqsKnsfPygS0LN2G_YFOZpzyxC0V5cbDVXJ4JZg6I5yllTm-LXRcXYlOtgBFuEe-EpHB-tZF,,2026-03-01,2026-03-01T17:59:07.306000-08:00,2026-03-02T02:06:46.770000+00:00,-08:00,,,,,AF1QipM7uGtne1p4U2UIb9xxZ4cwvrs-yi0r6F7CEf8g,google_photos
https://lh3.googleusercontent.com/pw/AP1GczNN80cry_18gmX8xj-uKECa5VO3kvBcShU06aWemPl7mgSXhufqFiNrHlcVaDYjBrLZaKPod10QOYsXzOQgt1BVB-sYUTKFcDJAR_q-i639Y185SDUP,,2026-03-01,2026-03-01T17:59:09.362000-08:00,2026-03-02T02:06:46.770000+00:00,-08:00,,,,,AF1QipPWBkqL4v5NLJ1PiJyG15nio0wI2mF4tBFBbnrg,google_photos
https://lh3.googleusercontent.com/pw/AP1GczOg4BV9hO7LAR46bkgXA8zHAtXaAHM7OaLlM2FXaInaeEnS1moxnk6b84kR5RlJchl5Md13fR2vNgBxT6qYxregQSENh7-9K5HOu5UP5QENvcXMsGBb,,2026-03-01,2026-03-01T17:59:12.138000-08:00,2026-03-02T02:06:46.770000+00:00,-08:00,,,,,AF1QipMtLrJPK0faCkX-3VID6XidGCN3fBR-dfPYm_vb,google_photos
https://lh3.googleusercontent.com/pw/AP1GczOcajIS1oCRsdbJfN69SvFYmlxqdtZ6IjDY1au0TR_sw8ipB3xhjo-YGqMtAym8j-XomTSaT-FVb5AhsN-aGHGDVdLVWlNJSpAgCQRud14mNOfO6JSZ,,2026-03-01,2026-03-01T17:59:14.286000-08:00,2026-03-02T02:06:46.770000+00:00,-08:00,,,,,AF1QipPMXsRVMDxz3y0VfHmgSpsS4GQhzWS3PhtW06tN,google_photos
https://lh3.googleusercontent.com/pw/AP1GczNQd6h8_uTZYSOszCTeM8IND4jIsgATeC6sVz-wMWB7GEzZX9FTEDqCjulXblYRDGnDzo_beTnO5tQQVwWH_d3Zx6NyAZhtUyrFympF7YpAISR5vFeA,,2026-03-01,2026-03-01T17:59:17.249000-08:00,2026-03-02T02:06:46.770000+00:00,-08:00,,,,,AF1QipNLP1nQE3N8XGORp7XYFHkzwanTKBkrM2RxhHSf,google_photos
https://lh3.googleusercontent.com/pw/AP1GczMP3UQckgjkD2OcmBdthIMuNs9az_-zg4kyLo1E3lgDC5dA8kDD_zHUpijeSRDi4T3IyYRtIbTu5PWeEiLcblV8BYVTww_ZRG3U1wym51cnZaLCJ4gz,,2026-03-01,2026-03-01T17:59:29.169000-08:00,2026-03-02T02:06:46.770000+00:00,-08:00,,,,,AF1QipMFmFE2zSwwItqtCu8Avz54TuW5eH9s8-LcxJUB,google_photos
https://lh3.googleusercontent.com/pw/AP1GczPLDMlt4FJDvxwHY5kLcUFrrNc0uuiNI3MXBk_XBEIUdGBgdczzcNNKZt8cTXNOFcmx1DmWqzqbc_3r9Etm9ZoShRnF5xTx21aQ5ttxT3Fhrcis-8tE,,2026-03-01,2026-03-01T18:04:53.064000-08:00,2026-03-02T02:06:46.770000+00:00,-08:00,,,,,AF1QipOBM5hLAYFlc1Fa8LN6Ueb4kynLjeQFj_VpFDmd,google_photos
https://lh3.googleusercontent.com/pw/AP1GczP1PnlCGC_ETTtu_4nsXQnWGKPcw9yVvM-qW4dy0GRdTL5Onmujf-RJ8R3z_ss7mWwY7T4aBboMWOIsJV14zykkTGlzaAAl23rJmFZ0XGJhWjfhixf_,,2026-03-01,2026-03-01T18:05:09.431000-08:00,2026-03-02T02:06:46.770000+00:00,-08:00,,,,,AF1QipMKVt0V5Rpl_ydwPD3DUF2hl7claC-uEj4b4U0C,google_photos
https://lh3.googleusercontent.com/pw/AP1GczMR0BVMBwLB28-XvcjKf_ZeDY_4J93BXJejZTwt1JRtC1MAtPOdE-GRC3HvLD-OQqARCAiD_aLb8vKKTiu_6t_eht7dKIu9XK_HjbWrBi_Is2sHh2Mq,,2026-03-01,2026-03-01T18:05:17.384000-08:00,2026-03-02T02:06:46.770000+00:00,-08:00,,,,,AF1QipPorTuz5ALiHEJAM2Lpu1_jlheLOS1Rbw_jFR9n,google_photos
https://lh3.googleusercontent.com/pw/AP1GczNa3kUlOcRR7Sfy9UHwMrAUJN5NalwZ0l-XZP8PKkfY3xJ0sd_1Tg1bVh05sNC4Ha_uNrXToSvIKp7wqvnaM9e__rsWZy3Rx9YlS8l9kX1kqMVmrOhB,,2026-03-01,2026-03-01T18:05:22.620000-08:00,2026-03-02T02:06:46.770000+00:00,-08:00,,,,,AF1QipMp6DlOsKFVOGtUIHKsjh3bItpP7ppIW8ZY0nW9,google_photos
https://lh3.googleusercontent.com/pw/AP1GczPWhDvNFTYzJJ4s9ijqWIC8t1b2X4Uk6PhUvvSS91WfOlFmuaEJ88KaFWj09ioPyP0sYuoc-bDOpGvtq-9ka1na4VhBMbHYqYq6xmAhCJMFiX4IgnyY,,2026-03-01,2026-03-01T18:18:48.923000-08:00,2026-03-02T17:20:40.617000+00:00,-08:00,,,,,AF1QipNjWhvFiXuamI-Gn3JUm4weAHd5isNUnf_R2uaa,google_photos
https://lh3.googleusercontent.com/pw/AP1GczMO3Wep72wnABoGkogcAJ8RnZQM5F_ZmvQXb2qU0FiOKcRCIUYBQ83v0scdnyB70TThbKCd4NZ3E_EdvARJDvVfsrA-PORX8Nm5sNO1qDUsRmKJt17-,,2026-03-01,2026-03-01T18:18:52.175000-08:00,2026-03-02T17:20:40.617000+00:00,-08:00,,,,,AF1QipPzRiMWx6sBp_4IlG2QKFNb6fp6-PxEw8oN86tP,google_photos
https://lh3.googleusercontent.com/pw/AP1GczMPru54RuzJPHclHTN-3kDejyIzAfyLCv45VaFxY7kJkr0y_oGZQXDaLI141hzjpObg-OO1eHyQ9E7J4l9Bq4Upts6jZOZ7cORS_eAdBaAsYFrO-Ura,,2026-03-01,2026-03-01T18:19:03.093000-08:00,2026-03-02T17:20:40.617000+00:00,-08:00,,,,,AF1QipNTvvxA1XfQsOD79v2X3F8oWeX4T-IYh1PamYaC,google_photos
https://lh3.googleusercontent.com/pw/AP1GczMnf0_fpFUZ1-7E-kjmelMR9CxBiFODGBTifBJKIRgyM4ehJMCk564h8O6g-P8q58-ozamRTa5kpB1wjMPcZz3FoEC3_pHohhjHBu8JQvasrnUthSUl,,2026-03-01,2026-03-01T18:19:08.432000-08:00,2026-03-02T17:20:40.617000+00:00,-08:00,,,,,AF1QipPqC5rhFW6jReI6tc68phfbliLsFhCt1qwJgnxb,google_photos
https://lh3.googleusercontent.com/pw/AP1GczOHsu-5QSeKpV4akk3CoMvc7vyb7LcGO74TNcKoK9S5Nf7JtdJ0dW9kEhrfzPmJ0iZhppS5jr4NfGyWMF8y70rkLshB57WmtVGZzduUZxtMNbTbEV-9,,2026-03-01,2026-03-01T18:19:24.728000-08:00,2026-03-02T17:20:40.617000+00:00,-08:00,,,,,AF1QipN36GoQRLn9h2NfDp9xKGVjPF3AihAb8BarYXRz,google_photos
https://lh3.googleusercontent.com/pw/AP1GczNjm_M1BYrivEf5EEEl-WxcCVGdO0rteGwIkb-o1vGyIHobboiJmYgjLn4qpYHeKnTIAm2gZ8iJEMaKieD6ZsKqlTEr1NKHgBy0PanRojkBLkDrErzw,,2026-03-01,2026-03-01T19:34:05.526000-08:00,2026-03-02T17:20:40.617000+00:00,-08:00,,,,,AF1QipPWnl7YKuhQTHqe35yGZzGrFTIUrglCwWuKJoDZ,google_photos
https://lh3.googleusercontent.com/pw/AP1GczMAxYh4-d6irP2iTGkDxhgot4RmO5TLXnR3s-fpR-u455QVDZLDycj6aphjobofhhHwaXX1YLVdFVWHvMn_FMImRLx3xPZIBKBm1SnLxkg3m4RK-yuA,,2026-03-02,2026-03-02T09:07:19.039000-08:00,2026-03-02T17:20:40.617000+00:00,-08:00,,,,,AF1QipMNNZIH90tEgpPyhaxsnfP-hJOTOlGnpT4LJE-8,google_photos
https://lh3.googleusercontent.com/pw/AP1GczOU9-5YZu21qeUotW9CCgDo4UVeI7I5s23bDN_akKRCFGnmRLz9jwPg7Pll6j-DeRZdvv9vDwNCVoGDvfqa6YmJPT6j7iav8LvwikeLkyoSU-nYWPjl,,2026-03-02,2026-03-02T09:07:22.394000-08:00,2026-03-02T17:20:40.617000+00:00,-08:00,,,,,AF1QipN5gfR3WxqZUS6uqKbhrX2BUa2lxLqM34NEwmur,google_photos
https://lh3.googleusercontent.com/pw/AP1GczM80SelnfzqRB2K1MG0T9zOgZn7_0VN9TKbp-R6ucR3a55-e0sk44h2UrwQFdWJ69dcyxCaiKBJxv5Uh52pahiuQs_0B6U5OptgdMF3iUUAlWZh7GUn,,2026-03-02,2026-03-02T09:07:30.827000-08:00,2026-03-02T17:20:40.617000+00:00,-08:00,,,,,AF1QipMvyYN1mzzMjVquJqrjZWyiYbU3tlnhUA6WEDUK,google_photos
https://lh3.googleusercontent.com/pw/AP1GczM5MhZbT0C9LDTh9cwe6EvrWdIzvDyzHONtYqpVWAEAz4MyZGYsp_vUHHf5qx5SmncacFFuqUiwf1P_tlnPaxLp19aDueH2cs6co9IehXuNBRGcee1R,,2026-03-02,2026-03-02T09:07:32.364000-08:00,2026-03-02T17:20:40.617000+00:00,-08:00,,,,,AF1QipNrnV7_ou-gBKSqPBeZCNlWCjSWQoO3EAiDaktn,google_photos
https://lh3.googleusercontent.com/pw/AP1GczOAy5WPZpVJIQPzfR3nzWKAtiPmo-NWBFJcHqcEvP8EyH7o4HEEIJ10izNWWu2ND0VwdGG481wDh_EMS6cU5PaeCHZYcMKKgJk-ka_zZ9f0Pk7Q1HIn,,2026-03-02,2026-03-02T09:07:39.134000-08:00,2026-03-02T17:20:40.617000+00:00,-08:00,,,,,AF1QipM6iIoxDiNhaFkFxFQyvXeXdH-W1tfN4vOatqKu,google_photos
https://lh3.googleusercontent.com/pw/AP1GczOUwQu9J5Ryy0qAIhG-P1Fe33e4RoQDQihxgtqbvoh4TC3Kt9JeH_Q_JJi0ozXKvVIpI6HSeHfcCUVZW6omBkuZ4OX6uNXwCXhqsWOIAVY1lTIToqBy,,2026-03-02,2026-03-02T09:07:43.995000-08:00,2026-03-02T17:20:40.617000+00:00,-08:00,,,,,AF1QipMmcbkEvj6cQE_kCXNmfLRA0sdlDIgZoKhBX8ci,google_photos
https://lh3.googleusercontent.com/pw/AP1GczOZOGIcP29a-uSmwGy4N2PpWA6xx_cEnmt3S1YhEKJzh2UuejXPnQd9qoNW3xXph0zXE5fYBDAf20mHgXivv4VkUuN8OLhgfcXugB6x1VkRCwPvjkr0,,2026-03-02,2026-03-02T09:07:46.073000-08:00,2026-03-02T17:20:40.617000+00:00,-08:00,,,,,AF1QipMfX7LtX3EQc69IEisTmLvdCSH-x4rOK88WhIdu,google_photos
https://lh3.googleusercontent.com/pw/AP1GczP51JGt-aWTM6F_8iwfCt3QQ_ndwGOrI_KUPptLMepuAx2WJXW5kO_6a30kkjotflSCdwKjObqts_pdASC8QLi6W6ymLkELKduV9tRL1c43N93JrR0p,,2026-03-02,2026-03-02T09:07:47.780000-08:00,2026-03-02T17:20:40.617000+00:00,-08:00,,,,,AF1QipNy6IAJ7g9snpcjVQBGuiZZFlZdom9VlZQ28rJM,google_photos
https://lh3.googleusercontent.com/pw/AP1GczOAW0YJnMprvTRpSwGZIuqG-jX-1N6RRNWlnqi0Q3ggo54vLzguJtMGJmCQKiZNMyew31NPLzdjZa_3x-npZJ3rY_nx8-RJV3D-pAvk7MAi104sQrz_,,2026-03-02,2026-03-02T09:07:50.663000-08:00,2026-03-02T17:20:40.617000+00:00,-08:00,,,,,AF1QipP9MjBtBsvgqtG_9wjMlttUnNzGVCgEfGQJxcIO,google_photos
https://lh3.googleusercontent.com/pw/AP1GczNVAmoE7GXTTGy23JEVNKWnT1b3DEmNK97OGOl7KjqdCxw5gOYd4j7Jz9NXmEBJoa_4uW2t4WgAagFVQZwaR2oa-SVXPMJOJaQnwKuUNU31Q1JQDAKG,,2026-03-02,2026-03-02T09:07:53.254000-08:00,2026-03-02T17:20:40.617000+00:00,-08:00,,,,,AF1QipNRYxuxd_NyOFVwePbSqU8Pb1r1T30l5tOLU8Z8,google_photos
https://lh3.googleusercontent.com/pw/AP1GczMMAucZeldlJSvwwp0D5cIHyhcTYVf2FX9uc73WvtwaeJ_dpZEWuVQzniHtcJZiV0x74eLXzE2KacRc47WZjjtAq4wl222Jn72Bm4N99hrTPvZvpikS,,2026-03-02,2026-03-02T09:07:55.569000-08:00,2026-03-02T17:20:40.617000+00:00,-08:00,,,,,AF1QipPJ0vshr3ZMKW54GtDen-TukUmWnG7PrnaiaF9f,google_photos
https://lh3.googleusercontent.com/pw/AP1GczPdKxQ6CRsP-MecRkh_FaLFDAdfFKqRJ-LFWh-CJcYXT3CmZ15Hn7iwdJVb6-LwU8fIiyyFTnnC8rLr8UvzviDbgJ6QWijahTx_b3FYn0QqWitTUa_E,,2026-03-02,2026-03-02T09:08:02.505000-08:00,2026-03-02T17:20:40.617000+00:00,-08:00,,,,,AF1QipOP1BtfTSynptfuFyFtDgSWrW23PnhK6TR8ye8y,google_photos
https://lh3.googleusercontent.com/pw/AP1GczPDDGBzwuhlvae9MV76pX-cnBA6KiWd2djixmS48FlaX0u8MaUnBnrz3KF2Dj3T6T9fAkSENAQp1OoUo6c0XiwN3uTHfPykuhcLws0hrVLqT2OKuepA,,2026-03-02,2026-03-02T09:08:06.035000-08:00,2026-03-02T17:20:40.617000+00:00,-08:00,,,,,AF1QipMYxaaQ1a5DnR4bMJQ9FbbNbhvl941JmtnxmnGk,google_photos
https://lh3.googleusercontent.com/pw/AP1GczMcVJ14pfIuY0XhqN2n-LQAeWEdm-zn5jmha2GbdOcfGOrbjUUDFoh1UzET8ROf4Gvys0c_NPfBNIMwzb08g7O8BDju5WxvLNVAuC7uuh0Wh6R-ucAh,,2026-03-02,2026-03-02T09:08:11.322000-08:00,2026-03-02T17:20:40.617000+00:00,-08:00,,,,,AF1QipNGhSt4pPmYcJwOrXFENjyjjdGClKtE80OAtgBt,google_photos
https://lh3.googleusercontent.com/pw/AP1GczMpCoKJRWQvFAzHL_sF5XAS4wAzrK4IaxETbIJ2Bt9Zs1K7gLA798CPrs6RJ07mrdmLvM2v0wUyCeHR--tjIpRjoZzlp761uxHfXVS1SXToLM8_CxMM,,2026-03-02,2026-03-02T09:08:16.188000-08:00,2026-03-02T17:20:40.617000+00:00,-08:00,,,,,AF1QipMaIfD8GDlR8AAiMdCihN1lzne_dHUawJ1g8Yj0,google_photos
https://lh3.googleusercontent.com/pw/AP1GczNMx1YLWE-I6c4--f_UnlPJvqFITC7SguIC1wA9AJSVOgb42Sg1qjlYHzMPb2VCAnG-s6cKHEmM8hXoN4sZ4be5i6L1HnMI10Tbu8ES5AlEJEhWPMPK,,2026-03-02,2026-03-02T09:08:21.965000-08:00,2026-03-02T17:20:40.617000+00:00,-08:00,,,,,AF1QipN9wSnjis9IycZs8KqGU-xzcEuZB8BqypxxTGMZ,google_photos
https://lh3.googleusercontent.com/pw/AP1GczMf4vrPwqrqdLVYc2nYVYq_Vu6BiXoRxYWr2ZObZIK6rm1_D23ApFphDsgkJYjkaesdq4KJEUiUWjPRflqF_1oVyUL4EPdRV6_9BRWAh3xx3OZbo0l1,,2026-03-02,2026-03-02T09:08:26.334000-08:00,2026-03-02T17:20:40.617000+00:00,-08:00,,,,,AF1QipPXkj-TQco16R2-m7KECFNBzOYLPqyFLRydHEcA,google_photos
https://lh3.googleusercontent.com/pw/AP1GczOI3WbVUB3hF4Jp2S05-p7hO9eV3lp7wmflgZ9y03pTUCkdQcrDZdPkpyTlE8JxS8qr9XBTGjDSeF0WkLQqTnFeiDQ9DndPIb5J3EmXqdNN_T-QletX,,2026-03-02,2026-03-02T09:08:30.323000-08:00,2026-03-02T17:20:40.617000+00:00,-08:00,,,,,AF1QipNxkrkshUxF_lwJu2ljDa0QtGjjNslDLkJolfsD,google_photos
https://lh3.googleusercontent.com/pw/AP1GczOUotMqmooUO47N-vIi63oldxh3LLyaUKKCOTENNaRnlYGSsysYqaJGq5wf3RYkccIr9qZ0i_-aT6LWH_PrnMxWKQvXVfKe5I83eM4IgUlodJTFi0Jt,,2026-03-02,2026-03-02T09:08:32.626000-08:00,2026-03-02T17:20:40.617000+00:00,-08:00,,,,,AF1QipOWNXDoEemZZiruSdTGmvtOgsuQLFvkupyZLk66,google_photos
https://lh3.googleusercontent.com/pw/AP1GczMOQGLfVk2tnVjDvsSRS4cO7Tg1KvKxs41M46tTUzHB7pjXoFrpQw05YsEhnG_InBZjxspTpStDr1LLMfGbGhqK4hVq_LQ7olOv8GbtXDSSok7B3Oky,,2026-03-02,2026-03-02T09:08:37.773000-08:00,2026-03-02T17:20:40.617000+00:00,-08:00,,,,,AF1QipPPTw7XJRx8EH6PAjrXeW1cLf83QwBfLleagAJQ,google_photos
https://lh3.googleusercontent.com/pw/AP1GczPpIS64D87ympg1KiOEa-ubnHCtj99wTUgnWpgvCIxTocsq9cW1s-zVHf0MZ1AOip3sDClEBMgZOuAJV84kbifFYIYDYFuwDt7Zu2zfXjdC6VM_iMc1,,2026-03-02,2026-03-02T09:08:39.502000-08:00,2026-03-02T17:20:40.617000+00:00,-08:00,,,,,AF1QipM7ErDnZYljEJkB-ofkNUp8AAvkCSzr5NMfyvuK,google_photos
https://lh3.googleusercontent.com/pw/AP1GczMIFhrCzfuLQ_0SzwjiD-xfQhoG92jI9i8ZsnnzZSmn-YYbbUpuHoGByySeuJT7R82J3UDlfpl6drHoZDZeWh3hPokUSvfF-0Upt5O4s4g6NDT4hu4B,,2026-03-02,2026-03-02T09:08:41.412000-08:00,2026-03-02T17:20:40.617000+00:00,-08:00,,,,,AF1QipOXV9RPCht4humiqjFC8X2wZPbgc1GRiF0kDTVf,google_photos
https://lh3.googleusercontent.com/pw/AP1GczOEDchXRSSx0UeN_b1wzWYw_e7KQUEEIjfdWpujamBEl6svnZEJj1z8DtrGH0G-jSMqsEL2inbNZd9lOoWqNVv8XSNBvmchWizDrWr5y5c-9gSdrr6u,,2026-03-02,2026-03-02T09:08:42.664000-08:00,2026-03-02T17:20:40.617000+00:00,-08:00,,,,,AF1QipOjGNsCfv-tsYGHyarrQMs3nTrPZltmVklIGjzg,google_photos
https://lh3.googleusercontent.com/pw/AP1GczNrq8hSgOG5HyQ6A1iTxFaqgdt8iY9m0XZHA6MDlh5J115Ris32UXHzuTKB9aKOoi4YHA4uFmFuZ1XIT1any80w3syfVMS7ujoSaCqOeC5mkw8teVQL,,2026-03-02,2026-03-02T09:08:43.806000-08:00,2026-03-02T17:20:40.617000+00:00,-08:00,,,,,AF1QipOTuq30BPYRZfJ0opXVHK8nqT1jvaSCBEJ4iRkp,google_photos
https://lh3.googleusercontent.com/pw/AP1GczNCgeluiypknK2OxsxcqdPlAX-NbUp4OdVE--1EpZy1AiAAdr_siN4ArR28Q6rr_usbnYpSzi3cLR2HN-vVEzcE3Lksj5FbXs-IK5AtJCCLuWhI11Xz,,2026-03-02,2026-03-02T09:08:47.322000-08:00,2026-03-02T17:20:40.617000+00:00,-08:00,,,,,AF1QipPhU7p78epGmBC4FC6FOY5-ujTiyDSrggwDXVdQ,google_photos
https://lh3.googleusercontent.com/pw/AP1GczNzmCLrAvGQqonjXH-IR1x7M0FKcp6yd570Bxv70eHRnvKyECgngbogyF18DEc0pE1cdM299TmRTgokGCcG9S_GOFzsoMtEiCZsSQAJMPKkq4r9gIVC,,2026-03-02,2026-03-02T09:08:49.245000-08:00,2026-03-02T17:20:40.617000+00:00,-08:00,,,,,AF1QipPKHZGl_rd68Tg558KbJDS5x9Sz__Rz1DIZ2_F8,google_photos
https://lh3.googleusercontent.com/pw/AP1GczOLeKoydRm3pDTy_CQH5dqYAZ4uoTd3N3HcadKzm0cI5nz6jbzHfytm1_yWYDbN1EvF5q2_SIdAPec1pgpN-5G12Y7FyTO0s8D3jLzsjftdHac5PR4C,,2026-03-02,2026-03-02T09:08:51.545000-08:00,2026-03-02T17:20:40.617000+00:00,-08:00,,,,,AF1QipNPIFsdeWrEwjQjtuzJMxvWfUwh9HG6YSPzxDwe,google_photos
https://lh3.googleusercontent.com/pw/AP1GczPw2jcV1wRmqW1OAysb_F1fLvBI-DTiB5oizpeJ0ajIBi33iphjD4BjgXHJbK3L3yPj3gARh1fDfnBw1jnqvgXe8BfCGXioHzvcyxZR33-vVPbaLIjD,,2026-03-02,2026-03-02T09:08:53.741000-08:00,2026-03-02T17:20:40.617000+00:00,-08:00,,,,,AF1QipOJh9HPnO_BUmCjgpFMnN3beATa0yj_nCQg6kvz,google_photos
https://lh3.googleusercontent.com/pw/AP1GczO6dVCG_2FFkd85skxCn4toB-mkk6tQao1OijIQRT7GXPBAKSNn9jrv-BvDaWQKqTJL5I_Yb2stHlYS9olDYPewp8acxFowKSHOEEi7VAvxybXAZS1l,,2026-03-02,2026-03-02T09:08:55.646000-08:00,2026-03-02T17:20:40.617000+00:00,-08:00,,,,,AF1QipNT5F_KtSrnPQXAxVW2nOehKD1G7dlVasCSUGGG,google_photos
https://lh3.googleusercontent.com/pw/AP1GczMUM8dTIewgd6tt6SUs_lic6W6hEogyfMtoULKtOh_sS56m4Oak9pIJxPXa1ZxjU-r28LU2u3PXva93TQrtl9re3AdU6f6Rh_gN3ZhHd8up4g2RVkoe,,2026-03-02,2026-03-02T09:08:57.231000-08:00,2026-03-02T17:20:40.617000+00:00,-08:00,,,,,AF1QipPQJvrHZ72Aa3eKsRkZ_qI2_zIr2oo-8ZDUlD7l,google_photos
https://lh3.googleusercontent.com/pw/AP1GczOUcSsYP3deXDqoImde-OPXRKDj8212awcQaC_VmlVLExK3XqMy4dHgzsSR2Sk9wFBWLp8Dg9NwPdIUPZjMipg0saIXU3X444JiYadfYW8TJnee8oUl,,2026-03-02,2026-03-02T09:08:58.652000-08:00,2026-03-02T17:20:40.617000+00:00,-08:00,,,,,AF1QipOl16sqejknPt29KspylLvSwCJQ_WbXEbaSvXO1,google_photos
https://lh3.googleusercontent.com/pw/AP1GczMVclHfeEFsQ2hfC-ZOnHBXi7ZNftZv2bUnFC_tBtgswQZYu9r57BbrZo9yhncRBjbafOryNk1VYWemLIrcik47np8d83kv0-ZIQbVI4RVB85ddcZrN,,2026-03-02,2026-03-02T09:09:00.485000-08:00,2026-03-02T17:20:40.617000+00:00,-08:00,,,,,AF1QipMheE1dSxPz40lTahvCA5UY2ErMbEBYOGTYM6Wt,google_photos
https://lh3.googleusercontent.com/pw/AP1GczNmq0rpCORh7x5XOQM4X41JPmtdvHCLJcfBLpktCfBL-8ElFsB-BB0V9iEwZ7uN0D40t6ucipihj20F9amk3jqYLUwFveOpyriO55TDgTJ45VfwxxNA,,2026-03-02,2026-03-02T09:09:02.430000-08:00,2026-03-02T17:20:40.617000+00:00,-08:00,,,,,AF1QipOHuLfshOOdh8Xo38ggTDl_afVmKInYKsXrnFxH,google_photos
https://lh3.googleusercontent.com/pw/AP1GczPExJ7tlh4oQVQwJumhBoAyywK0RYuEPmK4O2QQucTp_isHD0uL9jfFel56CpvMIv1zG_98l3BfZ7p-B2T0bUyYDOt6DCSbzVzntJxZ48xLrE_VFyT4,,2026-03-02,2026-03-02T09:09:04.390000-08:00,2026-03-02T17:20:40.617000+00:00,-08:00,,,,,AF1QipO8F_jK8jU-K27feRkAoX9sztXBBzsy26f_wuW2,google_photos
https://lh3.googleusercontent.com/pw/AP1GczOlAmnnBKWcPwHoSvXbhnBUk0TAjdhf5JusrksgbrdFNDTzA_3yS9PVY2Z3XU2oa4Rd7QOztLzlrDCMmltweke1H8ENnxspMbAjtYKsOebf2xsLLlLE,,2026-03-02,2026-03-02T09:09:07.079000-08:00,2026-03-02T17:20:40.617000+00:00,-08:00,,,,,AF1QipNUc4_iCorNgjiV4vTpydZtCLn86tsrJh3HH7_3,google_photos
https://lh3.googleusercontent.com/pw/AP1GczMw1vY-38bTvdENx8P_AFwcc8FLIZaGyPkZo3qLsUdj2eCrkhz9KoNgSB4D3WZ9NoIUinDObS94Ok8CzaZdsENNOlTCSnzt1Pr1-jjIlH4l2uF5ynpV,,2026-03-02,2026-03-02T09:09:27.593000-08:00,2026-03-02T17:20:40.617000+00:00,-08:00,,,,,AF1QipNuFJcWWc6ud1LTH3a-PTTM_2n58vs3oRYydqo4,google_photos
https://lh3.googleusercontent.com/pw/AP1GczPB7krEUyObYKK1RSReRo9DJK9iIAkB3zYed6f_VbU2bHnCbejRmeZne1clGOnBO9_937ks3x4hFA9HVD-cLgeqUNjAzGoadc_-Du-eMEomfLQU8qPR,,2026-03-02,2026-03-02T09:09:29.642000-08:00,2026-03-02T17:20:40.617000+00:00,-08:00,,,,,AF1QipORK_RlfcA5EYwS2_UtbDn_xNRQRABKK9_Fkxy6,google_photos
https://lh3.googleusercontent.com/pw/AP1GczOTOlhDOW_8sdvXZP_kheE_AlfRTYmTJMwEwq9vtIyNYPE3OVScCA3vsiG44SUs7Kx33uTxw7kncV-FEppQBkZwBr1Gu6BPrXlX_RyoNVN7CpcGgUZw,,2026-03-02,2026-03-02T09:09:31.029000-08:00,2026-03-02T17:20:40.617000+00:00,-08:00,,,,,AF1QipO5q3GdpwwVY8wmrCAL8ues_H4adxKg65XR_mtS,google_photos
https://lh3.googleusercontent.com/pw/AP1GczNr2-4vPGn2uxKDeH5KCJpcenb3rsjmHvBXXskRFp2w3XvkkmSa3zgzQH4Mc-ofqwq27ByNp4NV2xJh1RsmH1HzlR7ENnQsuWyDLAULSZardzx1Qdbi,,2026-03-02,2026-03-02T09:09:33.112000-08:00,2026-03-02T17:20:40.617000+00:00,-08:00,,,,,AF1QipPxPXwvuEh9yPc76V6ncOYw-psd6O_dlPot69Oh,google_photos
https://lh3.googleusercontent.com/pw/AP1GczMFbxniYvZEA9R9VYVO_W-ZUi9G7Bh9FdA-HR6dUOQTU_eJSKcsmTmRWMdU-xj2j0Y_5MrYVIIoFLfL18OGMLR5shm_Dfw3aPv_PAieZlpZreQpcC0f,,2026-03-02,2026-03-02T09:09:38.977000-08:00,2026-03-02T17:20:40.617000+00:00,-08:00,,,,,AF1QipMc9rZXyISCZElycuKZ_cr7Ex4KOucT_34JQOEC,google_photos
https://lh3.googleusercontent.com/pw/AP1GczPpynyaAyxjXsDatepfhdneM7wJZY0hZxxAgO9afdA3mgfs44tWMoDxjmxaYfRFq8xEPIhUI_Fu_ZOuAWIesTBQUjTwQLEEDTE83-N1dHaC0mZX1dWU,,2026-03-02,2026-03-02T09:09:45.027000-08:00,2026-03-02T17:20:40.617000+00:00,-08:00,,,,,AF1QipMe7FO1SjBH7GTrbV7jtxVy5T8knbjM5F4TVIJX,google_photos
https://lh3.googleusercontent.com/pw/AP1GczMSju0oEaKjyjL8DaNw8HcfU95K6vlNlvX7-YaqM40VboJaAuqY7UpfAcaMSraV9Q3kNvRCNpGMxs0UnUU_8f_jJe3N52wLKTJXzJKQK_EtbbE2GiDd,,2026-03-02,2026-03-02T09:09:46.518000-08:00,2026-03-02T17:20:40.617000+00:00,-08:00,,,,,AF1QipNx-9sMXxHwQX74NBUUvMUq8hxSAHXMGJI5fXRz,google_photos
https://lh3.googleusercontent.com/pw/AP1GczOF7FuWdz-t2lVDr6VEqcHZWkmcv54TMFW2SO0EtOa4v_uJGd9WDr2_2rqtZXROCRvjn3PjA2OJyKcWzaqhl-KNlVcE01pmTfr3MK61f2DR0Axk_CpJ,,2026-03-02,2026-03-02T09:09:47.959000-08:00,2026-03-02T17:20:40.617000+00:00,-08:00,,,,,AF1QipOye3QE9u2xMY45v1Gzn_hgNKXum941NaI3G1DB,google_photos
https://lh3.googleusercontent.com/pw/AP1GczONuQoJ0ykid7wl6xN1Fg2yUEIftGHSoIIXsDBWJTjr0Bmbo073ptLuVEQh2zNQnG2r7kT05lwobidHOjjqVy0PHPHbrdARFKxLjyF6tgzM69hySr6x,,2026-03-02,2026-03-02T09:09:52.544000-08:00,2026-03-02T17:20:40.617000+00:00,-08:00,,,,,AF1QipP_lRnJVTUjHw_u9q0g99xFiyOGNmg9JgGdCyjK,google_photos
https://lh3.googleusercontent.com/pw/AP1GczMdnZ39mUAgwoc84Rxnq00Fg1o556T4W7PmvDXaNwl1zGQR9E3pAuYyABT73dSJoD3lh5AdD5k5EECjmiWVOYO7YfcSv49o0haT7dBnIV19gMi40Ww9,,2026-03-02,2026-03-02T09:09:53.977000-08:00,2026-03-02T17:20:40.617000+00:00,-08:00,,,,,AF1QipNbUPh0ZYrpwlf8C8DdP7DYftGoxiUpU6EMSHoR,google_photos
https://lh3.googleusercontent.com/pw/AP1GczPILK70gltMdgUgKTPpAJu0qVZI17SEjy-VPT06rupEkqcKSuE0aeMwk467U0TiGKTvBOpOlYEje-AGrt9QhN-m02qgdYVwLnXw-qZeYP4FFpBqMLsc,,2026-03-02,2026-03-02T09:09:55.561000-08:00,2026-03-02T17:20:40.617000+00:00,-08:00,,,,,AF1QipMYjSqsZN_qSD0zZZAHj01L01TOXu5RekX5b5JG,google_photos
https://lh3.googleusercontent.com/pw/AP1GczPA5E6CXaJ7Rj-RUxPkFyVuuvaymDP88KTWWvXG_7oHSCeotzZgZdAwsqyMkg0Y4oe69hthurQQJX-8ydapxMbSmEDK2rfC-pJVSFqVgudBmTw0oOYP,,2026-03-02,2026-03-02T09:09:56.718000-08:00,2026-03-02T17:20:40.617000+00:00,-08:00,,,,,AF1QipPkXKpfW8C-Df9ZD2jf69tKllu0mrkqm8nfX8Wo,google_photos
https://lh3.googleusercontent.com/pw/AP1GczNY9JgFJVJKc8zh_SBbXtELQt1dh6w5iQgi2dyxlEYjVt0l0OZM3oalK3n_yKgi8Sl3scQ7oCOoHSkKv1XN2brdptFNFHa88Zdt2sBWlNEnbVwaWkt5,,2026-03-02,2026-03-02T09:09:57.739000-08:00,2026-03-02T17:20:40.617000+00:00,-08:00,,,,,AF1QipMQDvxdK7IP8ClbqPAhR8VyPY-sJ7y3hHu4Pr-4,google_photos
https://lh3.googleusercontent.com/pw/AP1GczMc3uY3bN45kIhpFlSzOxTUi7S7kEd4sIha_SBa-QvDQWORQ4-qdCIl3Bnab7Ewfj6cJxz2MX0eWLWJjVxNfaT6LX9ArSF-u2AIxJplSpz0W6vRa9rZ,,2026-03-02,2026-03-02T09:09:58.610000-08:00,2026-03-02T17:20:40.617000+00:00,-08:00,,,,,AF1QipOug35qsUr1vxkksitCkFPczGJmnvvdYl1tp5jb,google_photos
https://lh3.googleusercontent.com/pw/AP1GczO45nvLxXqdJLN_YnC1RBorcBYkgzoVPTmI7FHr4MaYdQ9qvLtJew1MYHdt4URMEJ_0KSTYf9zZ9VDlKNjbFvj25qOsBgGpMFGKHvvG8URAS5LWWP6Q,,2026-03-02,2026-03-02T09:09:59.659000-08:00,2026-03-02T17:20:40.617000+00:00,-08:00,,,,,AF1QipN8-oTE3TTH1pc7oJ4_3fWORg64Vna2I-GJasMG,google_photos
https://lh3.googleusercontent.com/pw/AP1GczNJLsb8BINqjpHk4ppgXTeFRds4ktJLB2qhrhoyxWJR1mGxq_jMenzmhuOEfbVZg941X5G4ONy55eZrYXhAYX63Q4YubjPrEFZgV-MTX_lDhG0ygIyj,,2026-03-02,2026-03-02T09:10:00.585000-08:00,2026-03-02T17:20:40.617000+00:00,-08:00,,,,,AF1QipN8ZYwEXwvzLkjDKNm9DxEqT5yaJRQ4gh72CG6S,google_photos
https://lh3.googleusercontent.com/pw/AP1GczN2fbbE3JvjT-L6PknPKXd6PZv342KbFb6cbKFLPDuWwweseeRUewzhkJ-udwx9jRfg_ZNtIQZTmVbpSPLVN2YO9oESB5gEEyV0xOAGUqEYqxy5IQ7T,,2026-03-02,2026-03-02T09:10:01.574000-08:00,2026-03-02T17:20:40.617000+00:00,-08:00,,,,,AF1QipPaEHh5Ou63o-uKT7SY-ty30c8VPPWNvyoh9Lu1,google_photos
https://lh3.googleusercontent.com/pw/AP1GczMniP4Ck6BpamS_PJNTLqigJJN0CppHQdo7UOpra9B9Fl2F5OaAtGrXx1smhEul1JgCbM9cJ6TfyzRwAfrxMWKSa9lkFP5krQzPEMrEAemSXy2wxc35,,2026-03-02,2026-03-02T09:10:04.989000-08:00,2026-03-02T17:20:40.617000+00:00,-08:00,,,,,AF1QipOkb-F1GDSiZaS-cefbOXH_FS8izZJHWY8qU8a9,google_photos
https://lh3.googleusercontent.com/pw/AP1GczNWoYi-9JlmdJ00NCnMPNzqsagK000IxKirHmJxWdevqYSgUIBrDvGRYUMK2u1EpDsWJz961mfZlzkcB5-47mptIoNwmR5HsIctGGiTa0SQfRygE6os,,2026-03-02,2026-03-02T09:10:12.538000-08:00,2026-03-02T17:20:40.617000+00:00,-08:00,,,,,AF1QipNSDN45nrMljfJzK3Rod_6cqPHxGm5QbLgSEqRL,google_photos
https://lh3.googleusercontent.com/pw/AP1GczM1Yi8vX11V-9tJQeAgZlMOnjDdWSHCqeGEyqrg6Dm3uq5b9yzBh4CT6la262ShQ7s3MWK1DI3iNrNiZjbL1ewEElw1UEoNgsYKknz757VyUNLbq2js,,2026-03-02,2026-03-02T09:10:16.281000-08:00,2026-03-02T17:20:40.617000+00:00,-08:00,,,,,AF1QipMvXMmraMru_j5CnrJd6gqT-AW_aGUK7_yPG4LM,google_photos
https://lh3.googleusercontent.com/pw/AP1GczOidSl5ZaP8yGhe0LDfK4U-AAvk_2PhEw4D9BaiJY2uJnkc57DqGBFGf2_2CmXygqqwchLBk_LhD3dhVCCm9QJ7BaeCWy-bUnn5FY7qoCVoC8JlpU1I,,2026-03-02,2026-03-02T09:10:19.248000-08:00,2026-03-02T17:20:40.617000+00:00,-08:00,,,,,AF1QipPc9T2qyGq07ITY9OjbRclKFUHdj2qELmCBzqEx,google_photos
https://lh3.googleusercontent.com/pw/AP1GczNCBJmSL4YUOp0f01m_wA5HTy2lj_hM3GBUeGhBG3fBuXrWQ-dD0jVShII9B3-smqKbH-IPgo7EyNIsGJPpgrgDgpwDRZh1-KTFqy-U2on2AmjsYErg,,2026-03-02,2026-03-02T09:10:21.655000-08:00,2026-03-02T17:20:40.617000+00:00,-08:00,,,,,AF1QipMhUtP9eRJkU1Of1coR9_Syf4mw-lKx7B9HvKWv,google_photos
https://lh3.googleusercontent.com/pw/AP1GczPQK0Lb5YdyieF3iYpMWy41Ho6AZEjUcwSo8zBacYDVuUn5vzBkwj4wHl_srDciVPufwJiAEGe4hf0srD3EPQ5B1KLaIONEs-C_o7_vkam_iCsOGO_6,,2026-03-02,2026-03-02T09:10:24.595000-08:00,2026-03-02T17:20:40.617000+00:00,-08:00,,,,,AF1QipPwKYyU88Dp85N2NDeVtt4AZrHOSEs1N2HATNY3,google_photos
https://lh3.googleusercontent.com/pw/AP1GczMXDLq_iiHamLz5SRxcqRnVTWdjIRZkmxkoY_QGKom1vI5V8cN_MnQNXqSjM1mFap-5VgEd-vtx08kBRJyTTDLsE3sGRm4Au6QCMFLi-m4zC31pCqkI,,2026-03-02,2026-03-02T09:10:36.147000-08:00,2026-03-02T17:20:40.617000+00:00,-08:00,,,,,AF1QipPcvIRPNKi8_pe0U80eFZHKdu6cSDGidOGtTuHw,google_photos
https://lh3.googleusercontent.com/pw/AP1GczNnKrWPtrWWmYU8dXgbYdXJqAUWqlQmqJinAGG79guH-40vd2JiHesH7w4sj1tWdDKu7_50Z_cR1NCnp_4j2L8v4nUA2C8wSHCx0fIFfUqZTjEZwRfO,,2026-03-02,2026-03-02T09:10:43.733000-08:00,2026-03-02T17:20:40.617000+00:00,-08:00,,,,,AF1QipN8GWIJ88fcj9l-N7OM9f9k9BEVmkALJ-PT0WKO,google_photos
https://lh3.googleusercontent.com/pw/AP1GczMuqvxJbyfyLXu7rP9ScBfHuEVgryNPOZwO03dd72D8u4FAih8-h4T-yKzQ9b6dRvv6OHFB5Z4QG_z49Tkue1c6qZEKSWFVNX_n7FGVKKUXBVBaDu5U,,2026-03-02,2026-03-02T09:10:47.611000-08:00,2026-03-02T17:20:40.617000+00:00,-08:00,,,,,AF1QipPIviY86h9HnNqI_sSK1qNTYH9RqC65mr7HEEIc,google_photos
https://lh3.googleusercontent.com/pw/AP1GczP7UWhi4pRyNbLOBNlEUwl8_19S_TXdr5EaXGrcTba_ChMSyj_26P_FgxvwGmNn1M8-YmosV8gUphcVIr94dWdtNjggUmjY66XEc1F2XmMva4ph_hll,,2026-03-02,2026-03-02T09:10:49.577000-08:00,2026-03-02T17:20:40.617000+00:00,-08:00,,,,,AF1QipMidJYX9xyasGhCNIucTRhkygzjVjjeb93ucc35,google_photos
https://lh3.googleusercontent.com/pw/AP1GczMe6zzSp74j8Eob9s0Ex1H6n67UGf4sm8-DmXVKTciB_oNEVTNMFhHQQ-dS6ukvbOvpcsVeh2Qxik6vs7KEko8darYTn-WpZWUMvl2baytp_JykfB_n,,2026-03-03,2026-03-03T07:55:35.255000-08:00,2026-03-03T15:59:30.426000+00:00,-08:00,,,,,AF1QipMcufhLQZLt5cTCywhhs41xAOIBWrUovmiko5ng,google_photos
https://lh3.googleusercontent.com/pw/AP1GczMqqQLPWHMDaOZkMN6eQz7_-3XVy3ZQCTsfheZk_i8bX1PHb5aU-PCxCDAyjOWfI7RyUYMh3JeQ8Bfwj3HeC2t6HsFkKtjgLwAHAwPr7k7PhwmwgpXy,,2026-03-03,2026-03-03T07:55:38.663000-08:00,2026-03-03T15:59:30.426000+00:00,-08:00,,,,,AF1QipNsf1GNcLEp2lLb_MypT0ZHYL9GSt_VLSv51JuH,google_photos
https://lh3.googleusercontent.com/pw/AP1GczPwdfwQG8AHjnOM7HWNOHbGQj5YFJE6pNU7slOIo7vFgaPlArulStP8cpU-I2AWWBMNGEQGl6tb3-do-f2aq3Z03IRaJ_VM5YSEUVxRZyP1C6XqNt-5,,2026-03-03,2026-03-03T07:55:41-08:00,2026-03-03T15:59:30.426000+00:00,-08:00,,,,,AF1QipOuDtdiTbyArMCBx-Q4K8s8gElUHdAFfEUqY4_c,google_photos
https://lh3.googleusercontent.com/pw/AP1GczNuNupFaxBZxqwEW2_KecFKHZ_yoTfVhd9bnskRKrTI1uVrlID7UxLc6RKGEvL7ZI0oqcGsOQvayt1GYuePGgBmh_oKjRQUuI5hMkxLymCBf3z6XJnz,,2026-03-03,2026-03-03T07:55:42.604000-08:00,2026-03-03T15:59:30.426000+00:00,-08:00,,,,,AF1QipOV_0QfH5fbu5EHWAwBPVmhwwvATsPn9WAM8P0N,google_photos
https://lh3.googleusercontent.com/pw/AP1GczMITHpVb_DXejdi3Y2WymTR-NwCC1RsblwZfAYtbi4OfYhKNrRvZXz36nsqU5choYxC47gP3xNfLKZPHAg8mXR-AbEeMo0e7LGcQgesvE1LJL_MvS1E,,2026-03-03,2026-03-03T07:55:44.123000-08:00,2026-03-03T15:59:30.426000+00:00,-08:00,,,,,AF1QipPFffLmmxRA2Ub0mMzVkM9ZMG6rt7or0sUfQ5tN,google_photos
https://lh3.googleusercontent.com/pw/AP1GczN-GrAvHRGIXjJ90eturIZIhYmksbPKYA1aqSRsoiLntONKwazyXYfWn4lVhfpxfrZWJl0PRWe_897-KXBD-Qv7qgedQkxpyQCQYu2eG7NUQmilreYN,,2026-03-03,2026-03-03T07:55:46.489000-08:00,2026-03-03T15:59:30.426000+00:00,-08:00,,,,,AF1QipP8O1hSpy9IsK5DD-E6N6rKcg2_KZZE4ISS7mbA,google_photos
https://lh3.googleusercontent.com/pw/AP1GczNegjdTfE0TtFL6SILc6BhhPEX5rht9_A2Aj2SGJMUMd-8xPx437WgTWummUlNsiu4Fdq4FbZ00IpVXLNDBmEuEVqHJtijN-LfBgvHq89gOecN-SwZ_,,2026-03-03,2026-03-03T07:55:47.982000-08:00,2026-03-03T15:59:30.426000+00:00,-08:00,,,,,AF1QipNjNhvI40ti7415qUwC_PSNBBUW8q_Q0Au8yQiw,google_photos
https://lh3.googleusercontent.com/pw/AP1GczOtOCAjDdhLbw9otym-oHjAcPAP-II3EeCffqq0hn5QPqCQq-_n97ObFa5HRDznpkBF4gWDNS5FUbpybxg6hylcuaXjliD1YgiuXPLmcaFOUtGl_Iz_,,2026-03-03,2026-03-03T07:55:49.406000-08:00,2026-03-03T15:59:30.426000+00:00,-08:00,,,,,AF1QipP39bB_Cwr699fpwOMiyWjQsco8AsHnVZMpof26,google_photos
https://lh3.googleusercontent.com/pw/AP1GczMpKmJ9rkblVNtruLMyWGjXy9rN7NtayYB5JS2qYL7tnXnyWdVenPUipGhQvi8xxX_UVaALK5vhMAgXG9ErabV4E7X2SqnXrqDIqEh8gLCWTwx7Koc1,,2026-03-03,2026-03-03T07:55:50.849000-08:00,2026-03-03T15:59:30.426000+00:00,-08:00,,,,,AF1QipMBxPkgs1TBgxU7SBsa5dGiHn4Zj9foeeR-5tqd,google_photos
https://lh3.googleusercontent.com/pw/AP1GczPtUlZpsczEoNBMMoINPpgm3GHa0D4xDe5GODzLr3H86Bf3a5IHrmzJ7Rc1GVHTwVf_tp8T9-SPoV4744MX_Kh-0ueelUJFmKwXv0rJwV75I5C7ip93,,2026-03-03,2026-03-03T07:55:52.129000-08:00,2026-03-03T15:59:30.426000+00:00,-08:00,,,,,AF1QipNMafMGt9Ar9jRET99PsNd5351wdg3-Hw5aSRPR,google_photos
https://lh3.googleusercontent.com/pw/AP1GczNcpIae_vNOIOijNRyFv2glpc6LKOtXigFuNQt1f6_SYmOaFDScDsvOwU7GlnDIqQz64DCREj4TqlSyu20gkHkJs0koZS2dc4-cU7hb8ecKDuQ0kgKi,,2026-03-03,2026-03-03T07:55:53.568000-08:00,2026-03-03T15:59:30.426000+00:00,-08:00,,,,,AF1QipOoaqogAl8uuodwkijp7dRSrtYjyhPzTJMeB5eF,google_photos
https://lh3.googleusercontent.com/pw/AP1GczP--1x6ejqFbpsc-w-mdcRpo5p-QRMkrZVvl3gLxvrzsqqtZvntMBlHRZR4eMKfJ5V1ti3jvQUgC7w-HLbzG5U0DRqHKQ5HICMH69UNxAAb1c4IQwyu,,2026-03-03,2026-03-03T07:55:54.974000-08:00,2026-03-03T15:59:30.426000+00:00,-08:00,,,,,AF1QipNNAWFOVB-c-ccs-6AMhUu7lIwOD6DMfMq4gcCK,google_photos
https://lh3.googleusercontent.com/pw/AP1GczN4eGCTBwQfod9W2RKm_Z5yQ-qJPo1i327-wZyCNurdR6Ft_B0yhrU0Vv9MOwf2XqR__d6Fiv-rQAuMyJmdVX3Zwpxn4x62UZHHeW2PDo5aifhyi70o,,2026-03-03,2026-03-03T07:55:56.682000-08:00,2026-03-03T15:59:30.426000+00:00,-08:00,,,,,AF1QipPinuwcF2OyILmcjlIdFAi7BoKzXGMUMDiizqFT,google_photos
https://lh3.googleusercontent.com/pw/AP1GczOi3PL0DC9KXOms3zJYPKu_senlaMhj4TqiHhspNfEOxkrPCNiN_A9STMCsyk4IX7KcIWRAYcr7TftvWVq-4h_nB5xBsEHGoFkxq2dAoiDzhJTo0sig,,2026-03-03,2026-03-03T07:55:58.407000-08:00,2026-03-03T15:59:30.426000+00:00,-08:00,,,,,AF1QipOMstjtVV0kDElq5CuKqSQj6IB_-qlutuFCllnu,google_photos
https://lh3.googleusercontent.com/pw/AP1GczO_QuNnKLB4EzJtXPsrEKtO9e8X-SkPwONRsskeUXBe-ctX-stLSHWQwvUCCj2a2TyvH0EsqPLaN_Crambdyg1im1CSPIY7IX3Ty7sjK9zf9H82pOsE,,2026-03-03,2026-03-03T07:56:00.068000-08:00,2026-03-03T15:59:30.426000+00:00,-08:00,,,,,AF1QipNILPdzHZZOZvfRN7eXCVWMpHmsCJfnsg47yRiI,google_photos
https://lh3.googleusercontent.com/pw/AP1GczOUtOgXA79LJe6sK1j2r-3Him1K43dD32B5Z7iyKgkjm_McxEbzTzKBso_gghpyeQBXHlPS3v3TsvKDCBmPzqjyyvGbbTGFOKz5FW0Cc95tRnMk3xE_,,2026-03-03,2026-03-03T07:56:02.819000-08:00,2026-03-03T15:59:30.426000+00:00,-08:00,,,,,AF1QipPWsCrXBT4MbXsLQ23ti3mUzxH1qjE4ooII0X5P,google_photos
https://lh3.googleusercontent.com/pw/AP1GczPMh375i-ERb5myqGsb62o8RIncuRE1Ap2H_ahA2oOk5jApMcjk4YcX0zoBqV2FfENoFxmkyD2Ws0sBmdF65Fbfj8jmqsP5bAcrJZZanMl9bAVI6rqA,,2026-03-03,2026-03-03T07:56:04.125000-08:00,2026-03-03T15:59:30.426000+00:00,-08:00,,,,,AF1QipPnKzmB0RT5fDex88imW-WFGJXMcVCfPn-L0FTq,google_photos
https://lh3.googleusercontent.com/pw/AP1GczOacOPYVebUbMLA5Ae5AK6b8C2FH6_0PPvAPodP4H18X3OrGSsvUoNCqKY2jvEaw2QJaKnDrlY3xRAMGPIyr-0YQaYAp0CJlXydPOdIOJ_B5kpmiAn-,,2026-03-03,2026-03-03T07:56:07.381000-08:00,2026-03-03T15:59:30.426000+00:00,-08:00,,,,,AF1QipPqILiVV2DoHejoR3zV0zixzrAKd8TS-IlwhdvZ,google_photos
https://lh3.googleusercontent.com/pw/AP1GczNO6N64cqkzXy9YKwFCKsxlnh4ZIHlY9lVHuaKXzw4ocTvMcV0flkLUWD24re8a1Cqx676VX2C3xc3kwoChNvPzziyhf2vYAKEKvTANhJBiyokJL25X,,2026-03-03,2026-03-03T07:56:08.875000-08:00,2026-03-03T15:59:30.426000+00:00,-08:00,,,,,AF1QipMZQEPTAanCcok-MpJfO0v9k2QDRVbLc6MzFdrz,google_photos
https://lh3.googleusercontent.com/pw/AP1GczPVFqJYrCapaIWK5X6u_PBCwg7gQ5zh6QQbEPc1i4YNjCGR1Em5Zx34S5bwSR22uoGOrJDvW22GIbAWBQfbnZ6pTvyzDxurMCIIkD9kwOxztSI15XbE,,2026-03-03,2026-03-03T07:56:10.620000-08:00,2026-03-03T15:59:30.426000+00:00,-08:00,,,,,AF1QipPkgnyypn3snognmRLDB7QIRFRdNmYUjl9EJKNX,google_photos
https://lh3.googleusercontent.com/pw/AP1GczPiXVWQKv4EHbQZPAOM3jyGkrcF_CKNSJk6Q2WYGYA5o6rKUTevdVtf7CtMhDV-XEJoHfh2LM8pnAAW1majsMhaHz5i-6FqCalvxmZRJ-DkBmGNnqt_,,2026-03-03,2026-03-03T07:56:17.794000-08:00,2026-03-03T15:59:30.426000+00:00,-08:00,,,,,AF1QipPEpgznX41EVSn6fQzNJ1hpY3ycxdr4FZilQW1o,google_photos
https://lh3.googleusercontent.com/pw/AP1GczNKdYTUQ50pLGXk8o1H-GcGPE6dXYwGUINPuFIijDL4fw5I3RCiDk13_7MB1u8Rwyjn7sSYqtevr0p4n6P0-vRjevwA_nwWkODXmTIimMcUPIL3jkQ2,,2026-03-03,2026-03-03T07:56:20.189000-08:00,2026-03-03T15:59:30.426000+00:00,-08:00,,,,,AF1QipMsDUGnxS79E7_WoI_7NxF7fHUh6BvOKFBgfhcq,google_photos
https://lh3.googleusercontent.com/pw/AP1GczOTKEeS8_bC-A4dTrlHv3UDidnq10v45WCAJa6gSGEvtGIRz85bhTmuyfxq2SvYEaGdkEPYKeUlAf8plG5i53KVwp-OBXP_KMZjFnm3v_9zWvprldin,,2026-03-03,2026-03-03T07:56:22.205000-08:00,2026-03-03T15:59:30.426000+00:00,-08:00,,,,,AF1QipNn5vMpanOPkpPAKnrrPSeDd46wS93gtvU-6WZt,google_photos
https://lh3.googleusercontent.com/pw/AP1GczOzP05vA9EQQQ0Jchl_61kQ1vyx4hvjIAu7kYM5qzOQweMfo5TF_oiKBIk4zcmMP0YQiaOL6otGdQO7USurPkNS_dPwESw0U9V9W-0akjAHtcLLGU09,,2026-03-03,2026-03-03T07:56:23.810000-08:00,2026-03-03T15:59:30.426000+00:00,-08:00,,,,,AF1QipOTOQvTm9iHbRCegUwCNFBBeamvN050qPcmOyHW,google_photos
https://lh3.googleusercontent.com/pw/AP1GczPFRBfbOscSrZ3WXSu99KBdXsTbAfucXS8_SZMaRlE5bLIpMvHDhB3B4wbtfhafA76uyPJF05t8W61cckJOn2FwMmHqOVfuDObEjDp8Wzt_PF5uXPSN,,2026-03-03,2026-03-03T07:56:25.957000-08:00,2026-03-03T15:59:30.426000+00:00,-08:00,,,,,AF1QipMR-12_Yg9z0pC-Zdc7L1grL2JyvMiu-j3CHyJ7,google_photos
https://lh3.googleusercontent.com/pw/AP1GczM8L54WRJDPzpRw2kHMDLCSt2fJKZOdjGMZS5_ktL-piK1i7e24b_wnoM2zIfqV-Q2jqtpDafkAL0Dy8RQgRJ9Dg_XVwPopLekift_-SiovxtmCpEIG,,2026-03-03,2026-03-03T07:56:28.322000-08:00,2026-03-03T15:59:30.426000+00:00,-08:00,,,,,AF1QipNQSY8POjX0y58IpttpzwWEangr5Mz4AUwJKK00,google_photos
https://lh3.googleusercontent.com/pw/AP1GczPCGkMA6DgxyCqIXi65Vr2zNwqjWKIADMySS_E1802vZbuexk2AXhakemXzYa7kF-Uv1jRhWZXbrKcnyWmw55J3P6W_yALRFeLeqjvpJpDEmcUBpcrZ,,2026-03-03,2026-03-03T07:56:29.943000-08:00,2026-03-03T15:59:30.426000+00:00,-08:00,,,,,AF1QipNBW6I8vm99Qqcm3ldQ796Qhj0g8OyQnv2w0Qm3,google_photos
https://lh3.googleusercontent.com/pw/AP1GczMsS8aWWderfhpTIIaV7Z-m4KD5LBLBrfx5hT8rLLDmCMYD9HG8elrPKJKM6p1CZzQY2_i7KXbS3CPdd3_dvKMT4CuL_1jXQ8OrVNi_7_mdWdycnPi_,,2026-03-03,2026-03-03T07:56:31.271000-08:00,2026-03-03T15:59:30.426000+00:00,-08:00,,,,,AF1QipN-nQQqBnw4RH0LMF1KGVQFPln2mqKp8rU90fBT,google_photos
https://lh3.googleusercontent.com/pw/AP1GczNNISrr2MIbFbXDIrkM3tUGIXadwEKWgv1c0VLuPbMhW45uI2sJNmddBFkyXZZxiB18Kyq67Z_tV-kSR2iNG_5iJ7JFD3Qgv8Rd1xt8bb2dt9jPy5zW,,2026-03-03,2026-03-03T07:56:39.326000-08:00,2026-03-03T15:59:30.426000+00:00,-08:00,,,,,AF1QipPZkMkXgKoNRQ69aYhOolnnWupNOJ8h1LcNn6UW,google_photos
https://lh3.googleusercontent.com/pw/AP1GczNlEF2VCRktaIj0HejGF1ujv-JZ1ExQhYKg8Gw2C0G_sZC3a4ZVaAajwS-JXZligXxvJuOcbIOPgb8-bLX1vX7J-itQ6Sv49sr_S2vW1HAPIFR3FEns,,2026-03-03,2026-03-03T07:56:40.836000-08:00,2026-03-03T15:59:30.426000+00:00,-08:00,,,,,AF1QipN6Oa_15K2uCsM9IF9F3FqYkjFXEjspMaPNSb4e,google_photos
https://lh3.googleusercontent.com/pw/AP1GczOHDfcm8qP1Ec_7o98DcjG-PN8S0BapgO1M7dP1WmdjtKkzA7cSnInY43ThgEZSnzQdIDRj3OwWTPluxNqrcoJdn2Bff6tDCuC9SMWH2kIpQuZh8L1Q,,2026-03-03,2026-03-03T07:56:44.204000-08:00,2026-03-03T15:59:30.426000+00:00,-08:00,,,,,AF1QipOdgxIiwKHj9WVaitSC6WOJHfJipKuToCH5xkbt,google_photos
https://lh3.googleusercontent.com/pw/AP1GczMexy2hkdHic0O2miy_riinPfeYuDTAupVd-zVJFyZDcdxflnqi5VfzRtarAM4BG5Gj7zVkHY9ApWDRK6X_WdN7Nyjr05vDbwlWksvbDzdJAOCuTof8,,2026-03-03,2026-03-03T07:56:48.609000-08:00,2026-03-03T15:59:30.426000+00:00,-08:00,,,,,AF1QipOqHvQ0s0xhqtoj6_q9niviXFyO4BSslIAecnP2,google_photos
https://lh3.googleusercontent.com/pw/AP1GczP_fSMkE-zLAjzRlf5gu94Lh8nssZLHJpEhehc68iEaSJF1iCte2BHDJzo8YELdYET7HcYwtrua3bJLsGbUHi0QAm7kE3GJZks1QnezFBFFFVY-gDWY,,2026-03-03,2026-03-03T07:56:49.840000-08:00,2026-03-03T15:59:30.426000+00:00,-08:00,,,,,AF1QipM_FcR7xGys8hhFo2gPDWmV4KeOvwi0G_JhNxRo,google_photos
https://lh3.googleusercontent.com/pw/AP1GczPRzNYPkGul8ePU7lhqOPfzAm7mgqQthqNIOT--PHqUdIGX0dE9QewXLGN7SBe5Nzdcar7MO2s4GBbC233vpF_myh_z6inue7FTMf6HLFs4DLP7kXDu,,2026-03-03,2026-03-03T07:56:55.471000-08:00,2026-03-03T15:59:30.426000+00:00,-08:00,,,,,AF1QipMwDSmEOADxTq0HSOGUH9sfZyvhWcA7RLxef3MW,google_photos
https://lh3.googleusercontent.com/pw/AP1GczMsVFBxnw12B2OCU_4CS1yEVHMl3_NibAOvX-0kfa-ER_gP_gp6aqRECK0qcqwawgg5dvShU6lqTP3DjS2wGeFJrwRftrWaUdjM7AW-HioFs8ecxg0a,,2026-03-03,2026-03-03T07:57:08.539000-08:00,2026-03-03T15:59:30.426000+00:00,-08:00,,,,,AF1QipPjAdPN7i0HiGfXXB8p82U5Ks2a_eTSYmux-VlA,google_photos
https://lh3.googleusercontent.com/pw/AP1GczN9JyoOz21GmkJ3efUjEgeb2G1iSez9twXRIgMrDIvFH_6J2QIoTp3YxXVQQP2cNQURTXF7lACQIX9_QxaI-f_gFI5fMZEPnfM2darM6iErQevuyt9q,,2026-03-03,2026-03-03T07:57:15.608000-08:00,2026-03-03T15:59:30.426000+00:00,-08:00,,,,,AF1QipNzE8-m5dnUU9pLdpjBK-AkoJYtU_fMY8cKPGQm,google_photos
https://lh3.googleusercontent.com/pw/AP1GczNF1Yof2vlG-1zG0WhlMrWBlKAEj1Bghf56KCw2OT7FAYgV8Jtz2q0s10Afi5_THQKPEiWaI5IsgJQwYMiM9go3hZQnYB4Wjyql7weD-0VnNPpOF_l3,,2026-03-03,2026-03-03T07:57:36.351000-08:00,2026-03-03T15:59:30.426000+00:00,-08:00,,,,,AF1QipOrqCFbH9N0L4qkV6DWfQiefFJtJpnuWCWgqjMh,google_photos
https://lh3.googleusercontent.com/pw/AP1GczO5vQKN-upBxZx_IB_mrMyfbfXGp7EK9E5Sk5mxeRKVEjwbXry51n8Dt35QAgWwZ1kbCBWtk0jW7NVwZPgbACAeU1Tp35nupMCOdyaj0b88yth9uhSg,,2026-03-03,2026-03-03T07:57:43.677000-08:00,2026-03-03T15:59:30.426000+00:00,-08:00,,,,,AF1QipM4GAQp4lHyuouX__WnPKqw4bSYloQdpj7IrF7n,google_photos
https://lh3.googleusercontent.com/pw/AP1GczOYDcwCu6A-AYSLuLuoD60Xk7ttobGI4FTK4RQvF38jCG2FqDdqa0spyH_QnsOprPYAqhJ8B_p1hig6BzA5vIupk1_9KWFL-r-3RxOYBlTJTgysaJ8l,,2026-03-03,2026-03-03T07:57:45.980000-08:00,2026-03-03T15:59:30.426000+00:00,-08:00,,,,,AF1QipNV0Giu64BD83GOTIbOoEhDRJQaGQcSL4l5Dxux,google_photos
https://lh3.googleusercontent.com/pw/AP1GczMoOPwG3_s2IQrlRvG2hqxuDfvNt90hFsip-e19-2QSQ7FUIIA3-sAy_DGcyXbCkwXYuaXRbd41HU-mFdRukqbhjq_jCYcxyV5-2QzJMKAT4DndgLBB,,2026-03-03,2026-03-03T07:57:51.707000-08:00,2026-03-03T15:59:30.426000+00:00,-08:00,,,,,AF1QipOIMVIQZC1HOHpjCn17WY8KyASDyD2BAO7n3jGw,google_photos
https://lh3.googleusercontent.com/pw/AP1GczNadFKxuW-Uuz6NkhLxCJoTsgN5mQ61aVsEvex3gYuxAVsJ5UaVScITTr1n__EYwdT7I9Fx1a5PsTfBzviuiJa0gSD07-u-yu8-lPJ7CJnI2YK42KFx,,2026-03-03,2026-03-03T07:57:54.097000-08:00,2026-03-03T15:59:30.426000+00:00,-08:00,,,,,AF1QipOhSKcyvxwoLANr4MdSz7-lc9VZecKo5E0jGN7f,google_photos
https://lh3.googleusercontent.com/pw/AP1GczMonzOAL47Dt8XtQgUAgQKTkNHGzOspLmJWFt-r52Ls0h4dPb1nVcAhpCbNGwG4k9hofeggmF1GFvM1vdiC7FB3UETYTE9m_MOjUjNMekxgYnJG35et,,2026-03-03,2026-03-03T07:57:57.354000-08:00,2026-03-03T15:59:30.426000+00:00,-08:00,,,,,AF1QipMa_Am1qj86-zTCWJLDGDYgfJMwJ1IVXRppwT3e,google_photos
https://lh3.googleusercontent.com/pw/AP1GczNo3gENt1KwY0cjO2BE6PiGipb3UNgNpcrzQpWa8ojJBP0dCRNiQKUjAA37BG0k2_guEOpJrDXgSoYUaRBeZSHX9ynnh_mWPcriS10OE60fg6BMHpvW,,2026-03-03,2026-03-03T07:57:59.667000-08:00,2026-03-03T15:59:30.426000+00:00,-08:00,,,,,AF1QipOOTuSvNst1c1fiFBQuI4sNZqM3oySms8zRgNGw,google_photos
https://lh3.googleusercontent.com/pw/AP1GczNSv-9OoBKHWOu0NAp1HFa9OxfCtDlXohwTEyIKZcHSMz8prVo1lxDnx90R0s1qieXTayDFiRyHo1r93nPVEBhFRC2oMysgi7vuLO74bESarnl3GJnl,,2026-03-03,2026-03-03T07:58:01.475000-08:00,2026-03-03T15:59:30.426000+00:00,-08:00,,,,,AF1QipNNoHCK7J4-WvplDOByopkTIR28S0-tgKRNIVnU,google_photos
https://lh3.googleusercontent.com/pw/AP1GczPciT0IIyTIWgylNISvZ8D8MGvMx2RyJeSJ0HKJu8j3D0C7xYU8maG67PuAkVugrWzd3RY9DqInU_tcop8H4z0CpgO2AVeCdkRPmDoxaEnGpAQBqIyp,,2026-03-03,2026-03-03T18:25:14.442000-08:00,2026-03-04T04:11:08.125000+00:00,-08:00,,,,,AF1QipPRIN6PTSrSauVzDwuTO9IVL3iNEj7Xtr1InrM9,google_photos
https://lh3.googleusercontent.com/pw/AP1GczPuhQSDVi9wuNZNm6Sci4WbabkQijon852v1zUlV2N01l3jDrMpDNNq0L4PMR_Q21sVsc09l-HzHobNg4wg1eQ0mBvaZ7lpsUyXOMoycLYWIqapfIrF,,2026-03-03,2026-03-03T18:25:17.923000-08:00,2026-03-04T04:11:08.125000+00:00,-08:00,,,,,AF1QipPu6dVSUnCERdoALhKP9Xjz80nzMuO5NTWwd4uj,google_photos
https://lh3.googleusercontent.com/pw/AP1GczOAkNm8o1XzMEZ6OjW4mxJLSxM_Fg_8zMJdkuQKRFk92UwCZLIEkkfM5EuYMKw6hZ4n4tKVhUVWQNgC4Vzk9J19lIL0Kmu8lEGD6SWZlKd1go0qe1xK,,2026-03-03,2026-03-03T18:25:19.508000-08:00,2026-03-04T04:11:08.125000+00:00,-08:00,,,,,AF1QipNQDpj6yjROJnCwQrLs2eu21dUQqPn-mGAra7xu,google_photos
https://lh3.googleusercontent.com/pw/AP1GczPn8dX0xchJEfriDbPaln9hxra3428F63c_rAM15x7GNVjsY_12ctqDbIEKeh8s068bm1j5MPRWoTOskLj1XS7xy4m0PnqpfaHBYgQJ9Q58c2f5CyXs,,2026-03-03,2026-03-03T18:25:53.943000-08:00,2026-03-04T04:11:08.125000+00:00,-08:00,,,,,AF1QipNlx0mISZjuy7fSNcz6dto_kM8lI5_24FrMGofc,google_photos
https://lh3.googleusercontent.com/pw/AP1GczNFm-pdvaRF_Qh1yzZxoZg_zAMbYIJg9GFinztsveal3u9s5UQD2sVG0kl_S_RBHOaYPbLvqUu5Fj8f5XZVm5CIYQ7tLr1ZSMBn5NZ96IOK6Cv24lEM,,2026-03-03,2026-03-03T18:26:05.355000-08:00,2026-03-04T04:11:08.125000+00:00,-08:00,,,,,AF1QipO9GKR_0xjFtoE9tZx0w_rbuSZEABdbdn_QdgMo,google_photos
https://lh3.googleusercontent.com/pw/AP1GczMg4XcYooHJ7N0NJUelpk4Zl8UZKHOdZX3S4NzA3LsFJrmfiMTYKh6GYD3PKvEIgaXlUoJ0XmVOlLzEpCQbREaOZqs8YuwFfyn4_pf1wk0RrKBbrbwE,,2026-03-03,2026-03-03T18:26:07.214000-08:00,2026-03-04T04:11:08.125000+00:00,-08:00,,,,,AF1QipPpZwN-LWQl7MUFLzVwTSCRsiFdYM9JNJaTmttF,google_photos
https://lh3.googleusercontent.com/pw/AP1GczN65cuj5vj54KsFqbzCO1vmLMYxBPfFXYw5osd7FDyctYzLgxvuouNjuPz1fWXgDcLtk86EIFEEnSQgDSOPt5kqHX9D7cb7vaPexNMgSMeNPzP8guMs,,2026-03-03,2026-03-03T18:26:08.397000-08:00,2026-03-04T04:11:08.125000+00:00,-08:00,,,,,AF1QipO1BpwFjX9ZvyYDQjCndgSYMC2h_hHMtc16CiaL,google_photos
https://lh3.googleusercontent.com/pw/AP1GczPXQTN-1OrlZ-D9XF4KA0LoAIsVwKN-0iz8wx6YPEDT54EIjYI6sSsVaaIiH5-HBiVQkdZ1yGJsHeO2xQy8SwZRQwqWcg0vYOBj9AdxAFKP-s4mCDqV,,2026-03-03,2026-03-03T18:26:10.277000-08:00,2026-03-04T04:11:08.125000+00:00,-08:00,,,,,AF1QipOwBOvH9gsNMCjPb0lPW4GvWWumbTuCAepU-dUu,google_photos
https://lh3.googleusercontent.com/pw/AP1GczMfE1Ica64SI9TDvMsCRRBWBnUfyDmgPFEULvTemjJG5A4UtSouCfhGhaF_heNFk-ATddLSuQbHzG4PucYhRWQs_yFvXasksot9Hw8qIKesfER8eDkS,,2026-03-03,2026-03-03T18:26:14.722000-08:00,2026-03-04T04:11:08.125000+00:00,-08:00,,,,,AF1QipMp2It0p66Xst4xcxpMhd_ek6OxrIggC4VB0wvA,google_photos
https://lh3.googleusercontent.com/pw/AP1GczNLJmWLj-cN3v4l9Vs8m6kkbdZUbMscrEmuwjqHsas5F3numQmwqPW98XDhlD2FBTTkkYB4KwqIhVWY1D3YKnFiAsLPlc8U-p5Vg0FHCDo5IsiL4l2G,,2026-03-03,2026-03-03T18:26:16.432000-08:00,2026-03-04T04:11:08.125000+00:00,-08:00,,,,,AF1QipMk70ABopmB161Z3T7EM_QdP4-vUAbox3KxFAvA,google_photos
https://lh3.googleusercontent.com/pw/AP1GczOJQIXeQ7czKbAVdh8eqpijL60t5oEmFW0n-G7YxMmNB1gJ3XGgFRrX4EPZRYhGwtJx-PrI9cmIpvSxPrMaR3BMtM3GkLP1mFDzoXhTJDrJSKmJsW4C,,2026-03-03,2026-03-03T18:26:18.096000-08:00,2026-03-04T04:11:08.125000+00:00,-08:00,,,,,AF1QipPPUi-ZqwSY-LW7xGMNMy4yhA-WX0IY2CbvwJCI,google_photos
https://lh3.googleusercontent.com/pw/AP1GczNsAjnCebC5rep6_N4xReiUu4QXVUdpm2zTXjJBwC9lzLtZqDiIA3iioAw9vHziCEA_xa4A66cewQi9bHxa1BXTkQNm0FNATf5uw_wMo2UpfIzeoDNV,,2026-03-03,2026-03-03T18:26:19.445000-08:00,2026-03-04T04:11:08.125000+00:00,-08:00,,,,,AF1QipNcq_kMZ1Sbv3MyNAPczpj_8rolJj8oDo52Hpfq,google_photos
https://lh3.googleusercontent.com/pw/AP1GczNAUIr-ZX4OhphkqmoTvn_TzDjKyG4MJiJD_krpf_yvlBfvOySaxa7s4n5iz6XUp448PD3ixO1zlxfS9zpQTQmfevwWmVHZ9skEwgl3iUAzOVA_FQZZ,,2026-03-03,2026-03-03T18:26:20.855000-08:00,2026-03-04T04:11:08.125000+00:00,-08:00,,,,,AF1QipPT05a8wsfoz0qPY-nO1lsqi8jCPP2VTJw6bIVZ,google_photos
https://lh3.googleusercontent.com/pw/AP1GczMk6sALinM5oVlnDuldQ034Q6jseuEPX3wI7hHtod9o6BkL4sl-jQm1O-tpC8FNWTMe6DFmrEp-5-5CzLXsYJiQwUBaq-lcORbTDAb7Hj-2qPhfMg38,,2026-03-03,2026-03-03T18:26:22.188000-08:00,2026-03-04T04:11:08.125000+00:00,-08:00,,,,,AF1QipMM_NvA_2vp2V3WOKd7PM-wd0DNmKU2GSXmwCQB,google_photos
https://lh3.googleusercontent.com/pw/AP1GczMM2b6vYoH3dchAhvUtNChuX752auqE4asykYzRQmru761aUV-uAdOpkz21aUK14-m_6OJdQAT_Rb8enLPompxMRNOiybMra4YUc7v8tBLnF-k1AAe-,,2026-03-03,2026-03-03T18:26:24.163000-08:00,2026-03-04T04:11:08.125000+00:00,-08:00,,,,,AF1QipNsWtQmCQqBWnQJsJ9imXGWdK2WNlxGh0rbsvZ0,google_photos
https://lh3.googleusercontent.com/pw/AP1GczMpQfBF64wCNd2MMVl-tVVQOvojp4OT1vMxjyNWxN_EY2kEKiKpNkXo1M9ynu1o6gEHLlH1CXjusAJ4rBFqSWmOoip1s3mVHMiLImJ4fABMLz7JH-0X,,2026-03-03,2026-03-03T18:26:28.779000-08:00,2026-03-04T04:11:08.125000+00:00,-08:00,,,,,AF1QipNWrfwsyt49dbNo7srfG93AvsCzCxSAxF2sXT3H,google_photos
https://lh3.googleusercontent.com/pw/AP1GczMGkak8Q1wD8ltHCJPtsfO-NYy-IKEFz2_7lKg_aqZhLvoohg4wyneB7busQgQ4NI08ViBMWOK27gZJ8y_E28kDFx3A_kdOERb_ApBfjYszCHzas6f-,,2026-03-03,2026-03-03T18:26:30.511000-08:00,2026-03-04T04:11:08.125000+00:00,-08:00,,,,,AF1QipMYGS-szPSwSzBAFINdWrAcnh-WQA7BQX4ia8zA,google_photos
https://lh3.googleusercontent.com/pw/AP1GczOlq8_DaZYXaJZq_XnCz2JAElLnFLbApYZQdFG81_Mo0qUe_g01w0wPNJqSCPlbwZ0vKHOyCsnCtSX3BdQFXLA4T8VwTfSomCUIlQs-jzhhhJwlChWy,,2026-03-03,2026-03-03T18:26:32.245000-08:00,2026-03-04T04:11:08.125000+00:00,-08:00,,,,,AF1QipPoEmGlh5iWBcRtFbqdt4Dcu0DNErP5PxtQDOpZ,google_photos
https://lh3.googleusercontent.com/pw/AP1GczMlLKTTznPl_vlYltU0bRL8UbaVo53C6ZBTobZ4aLqK6vdEZtlL6XWOxcvpb5ECc5klUEAugwgvcrnhZ7GFBin3YZEfaHVKyh_j8u8s3bSVWABaEfAd,,2026-03-03,2026-03-03T18:26:33.595000-08:00,2026-03-04T04:11:08.125000+00:00,-08:00,,,,,AF1QipMxfNuajqp-3bkwULEPjgVOZF-1FLTR7-4vfDpe,google_photos
https://lh3.googleusercontent.com/pw/AP1GczNsFzAIz2CzDoKIix4NU_CCcvuppBeJ3_Xq2zkg4rttvH0dyCk2gzZjUribg7xr1c-JKKncbBlNT5Ya2kqiDPtLAF5hFSX00GZsSzdAf-yrqYLtkD0F,,2026-03-03,2026-03-03T18:26:35.211000-08:00,2026-03-04T04:11:08.125000+00:00,-08:00,,,,,AF1QipNuoFg9qu2M46q-mBhrlrCRdIiwM29PetqggVeN,google_photos
https://lh3.googleusercontent.com/pw/AP1GczNyW3VJSwlBp0bXoKn4GuvhJuFQnWChNiWV6kvdcD6C6Ke2WCH19dfLnDIUusBjuBeiPAZWdiRQakXS-iMDCxU3xxR-icwi_4LovhMEreQXj_ryGFgh,,2026-03-03,2026-03-03T18:26:38.030000-08:00,2026-03-04T04:11:08.125000+00:00,-08:00,,,,,AF1QipPX2qibRe9mVyDo0uEUQP5RMaHvGAoeYctMfidw,google_photos
https://lh3.googleusercontent.com/pw/AP1GczMrpYJIGCglUZMnAtXiqsdli5a1wUUp11Mnv4F3HDOhp5O0Ue5TSq4m5_-NjsHBuge4qji3IvSx9FRiQMDAVh-JMu6N1KW56hggeZuf1D0RwjilQwc5,,2026-03-03,2026-03-03T18:26:41.505000-08:00,2026-03-04T04:11:08.125000+00:00,-08:00,,,,,AF1QipNGhIZHsa09RmInnggyb4xQeaFgQuJjX0YMpI3Q,google_photos
https://lh3.googleusercontent.com/pw/AP1GczMnQ8bHVi8eMP26h7WRnELiqXoNGvzZ0k_bibfPHOE0Tpug7_Yxv8FwsV41uqy-vDCT9Z6G6rLZVw0yCPHFlgMBhY_19MvdCcSCF42Rr6NwTuVEL5aI,,2026-03-03,2026-03-03T18:26:43.439000-08:00,2026-03-04T04:11:08.125000+00:00,-08:00,,,,,AF1QipNPf1ekzrKFUBXBn6XzTXO-JpEkKs6OtBL5YFRN,google_photos
https://lh3.googleusercontent.com/pw/AP1GczMYIoT_QBBKj2B_OroIkhMESJ9gau1FoNsKBlzxFukP982B4QQF8WlWGM3Sc8c6Tbgy09rLqcU7edCbgkzyMobz_CCZmi4ivwtFowqEwBUlz_uDpvGg,,2026-03-03,2026-03-03T18:26:45.278000-08:00,2026-03-04T04:11:08.125000+00:00,-08:00,,,,,AF1QipO_aRat0A9vWsqkWtJZrm_zQgJIBMz2xH-a9IHp,google_photos
https://lh3.googleusercontent.com/pw/AP1GczNYxaXpvVeqx2ndDuY9I_bAYgLg3rRvOM5nj2WoCqAOOBpObeRMMAmVNM1PfEHR3Z3LvZxxUXFZrwN-6Qhlw-pipIyyUp23TDDZquVKc56D3UCw3fly,,2026-03-03,2026-03-03T18:26:49.487000-08:00,2026-03-04T04:11:08.125000+00:00,-08:00,,,,,AF1QipMNcj-SprW4IHXsRbHskdLBzPCg7yUgM8nQPons,google_photos
https://lh3.googleusercontent.com/pw/AP1GczNuX8TfiSl7vXEU6-bl_PPEChIn0kwYl7VDYJ9ubpks4Wf4C40RO03bvu6g-yXqJt0Vb06dAChIJOsgDzJEDP7V-uu4LP7tU8mCiig9ZzJ79kuAVZhw,,2026-03-03,2026-03-03T18:26:52.709000-08:00,2026-03-04T04:11:08.125000+00:00,-08:00,,,,,AF1QipOjBK86LJLKqX8TyJBsyRX2rFRD5V9i-LvPcai_,google_photos
https://lh3.googleusercontent.com/pw/AP1GczN_JfNlsSXaYQigwgzXThxqlLmnsvZ7FVuC9YnQtd3tks4p6569oYL5QsAGOxP7uzAiwelwjuXEGrpa4dqdNEx6EYIzEFjz7qUhjRnwDcL73RJt-E76,,2026-03-03,2026-03-03T18:26:54.072000-08:00,2026-03-04T04:11:08.125000+00:00,-08:00,,,,,AF1QipOY-E9Y4j1s1hvs7A7ylXk24TjZdHqUujTW5JAJ,google_photos
https://lh3.googleusercontent.com/pw/AP1GczMnD7aWgMLjLAjyALae8P3f5KSsvExCjPSTQD3yvtCT65rA8d_QFg4OLvIwvGiVgUqa-zOSB9lYD5EKpmxmisPGyhWvNCxryyd9ktpRwRws77GOx4RL,,2026-03-03,2026-03-03T18:26:55.491000-08:00,2026-03-04T04:11:08.125000+00:00,-08:00,,,,,AF1QipMCRa6azEpki5t8VwyCU9yZSCLw-Mcq3Dj44SV6,google_photos
https://lh3.googleusercontent.com/pw/AP1GczMcBblIsN17p65ItjzWw-9CUDNM1DPrRSn430zXchNWhZGvEge73BcSaCd3pdrTgtSEyPxB2BVWdWMF0R-EtnNvdWx0bSH__TPPf0vbPI-Gp61mlTAF,,2026-03-03,2026-03-03T18:26:56.662000-08:00,2026-03-04T04:11:08.125000+00:00,-08:00,,,,,AF1QipPmBgPZSHhPe7T2sQSReAmdT39hneh9eIg9-fDZ,google_photos
https://lh3.googleusercontent.com/pw/AP1GczP8F0PnEyNQ-Xjr-gCQJSvA4Sf7Hd6Lsy4R8iX9lXs6zPoL63755niJtzK2Dqn-oIYlcFVpZMP7vEfGzJ3pb2iLE0N2jWW2yAOOlVCCWIw7ZbxBoMUh,,2026-03-03,2026-03-03T18:26:57.848000-08:00,2026-03-04T04:11:08.125000+00:00,-08:00,,,,,AF1QipOSWoz1wusqprHgHY-iLgl6deX5PFotOJYWOAXb,google_photos
https://lh3.googleusercontent.com/pw/AP1GczM7LgyTZYmwmbtmOohBSXOHiKWDPuTMRI1CxDUtOXAI-DWS2MCMMCBFCVGNpX2prJGkfwf7ai6DbdGqb6KPnoFJRtHTqR30xKqalHvC9mwIirBe9LHX,,2026-03-03,2026-03-03T18:27:02.053000-08:00,2026-03-04T04:11:08.125000+00:00,-08:00,,,,,AF1QipNKaBfvobmx6wxq2dLjnBSuMb5yoiwbIfyYEWuN,google_photos
https://lh3.googleusercontent.com/pw/AP1GczPzUhTQyDQCo7t7x8NHSJ7AJ65X9W94i9KA8TWFkO8jFG_oAbIm9lQgc-qZULC_HGOGyHwbC8xgNKO_-KP6SiOYImB_2_lpj1yR_p9skaCz7yK7JJjO,,2026-03-03,2026-03-03T18:27:03.264000-08:00,2026-03-04T04:11:08.125000+00:00,-08:00,,,,,AF1QipNfl-ck5rfqVvKvy1DLduZj0kRaaygkglnOqW-v,google_photos
https://lh3.googleusercontent.com/pw/AP1GczNDItfl9p9nvOvOtOyNASXl9P140xgMO_XnPVyYDwp5OwC8mkzhj9Pu6YaSV-xeUQN_3jsEzMb6YCXQ6TljL8dudmNPxbx00Nw5U_d1t5kCF2tFXicx,,2026-03-03,2026-03-03T18:28:25.858000-08:00,2026-03-04T04:11:08.125000+00:00,-08:00,,,,,AF1QipNQGkJfqHUcVgPqdiyM1CmIsh-8wfGbljfd6fo4,google_photos
https://lh3.googleusercontent.com/pw/AP1GczOBUGBHKba3y1VHh6HenYtypt5PDVhnXWTkLLhNB0PycR-3s5BJpKK1EGUyMyU_ZVbFxhNanlY8cHemoEYH9HUBuAeyeEKhWHV6nhgouyXxENxH6sEB,,2026-03-03,2026-03-03T18:28:27.373000-08:00,2026-03-04T04:11:08.125000+00:00,-08:00,,,,,AF1QipPgW5y-hZwzIrxGQPg4_y5I_pgsavLq9ctDktfi,google_photos
https://lh3.googleusercontent.com/pw/AP1GczMZyHXuabrWvw_R67fE6iaqb0UDvHwPUe7Q9XlGN9A315DUxxD8OgG6VlEJEwThni175GaCbjBRKkU3gDthbWOFuA75JiO922yfuel9z800KiKu50ko,,2026-03-03,2026-03-03T18:28:30.070000-08:00,2026-03-04T04:11:08.125000+00:00,-08:00,,,,,AF1QipPbb6GTmohNwBNHxL7N2_eGlWPIdYo1MkfsH-1c,google_photos
https://lh3.googleusercontent.com/pw/AP1GczNvDHL7twVzIn2Y5Rl50yhE7P8WVF91VAcvgIe3oV6mFMzDPciFe8sDEK3W6_sfm0gHspTgFbmW365Yj0-qr3TsRoD9deXrTC23N_wQBIz0tejBS2ZR,,2026-03-03,2026-03-03T18:28:32.958000-08:00,2026-03-04T04:11:08.125000+00:00,-08:00,,,,,AF1QipN9H4R95OQb8qqFFn_xBP_382p0UBfSVno8QUpw,google_photos
https://lh3.googleusercontent.com/pw/AP1GczNaeHDnUDvQObjhPb9JVoZYsOxlim-oZ4qfZznBLwmHqis9AvO1AA4UB2VK3sXynDrCPlGM7BS-xftK68YoNTupEiacuqk4vbjAMyVAgz5W14asDMmh,,2026-03-03,2026-03-03T18:28:38.117000-08:00,2026-03-04T04:11:08.125000+00:00,-08:00,,,,,AF1QipN7nunt12xk6lpVmuOtqDrtEb-gQ0hJfhLCARO5,google_photos
https://lh3.googleusercontent.com/pw/AP1GczMO-tentSI-9rSiz6GUxA8GUdElsFj2cLDHfYiEN-koPA-chVl38WRmR6xzu7kuXyEswKgxhd7BnfmuHflMhX8Rh0xt8JhRPap_HqjvgXGxcHWq3WPt,,2026-03-04,2026-03-04T09:26:24.739000-08:00,2026-03-04T17:30:25.611000+00:00,-08:00,,,,,AF1QipOyEr_6hNm88MEHeIMkPibbhjlaArkuxJu4K7g0,google_photos
https://lh3.googleusercontent.com/pw/AP1GczNU3iPjmT7xPupw1v7XysxhFKGP0GLBM6FkKVD5qraP-GXu8kvLlsEQg6tLSUX9qMT_Qjy4i22_yKJIPVzU3YFKso-e2kCoGjmS0A2xB9ArFu1RUgw6,,2026-03-04,2026-03-04T09:26:25.937000-08:00,2026-03-04T17:30:25.611000+00:00,-08:00,,,,,AF1QipOwxjaCp_Y_uMZcgepqYeq-hlrGenZ8rvhemauk,google_photos
https://lh3.googleusercontent.com/pw/AP1GczM91VgrhZdRKGdPAqiB0Z8qPfmm7Kj0Nml1Df8lnzn4ZFoEsy81MeVALXgUUd-sbQtICxTC4wQOddfJ88ocoj2ME1BjHS_Yx1hMN4i_y-4pv-zFGbCA,,2026-03-04,2026-03-04T09:26:27.137000-08:00,2026-03-04T17:30:25.611000+00:00,-08:00,,,,,AF1QipOWHjldbi8BvVwRyEMoamiR68kFfbFrZTXTj-C1,google_photos
https://lh3.googleusercontent.com/pw/AP1GczPcoXIXkTsx80gZ4RJFAE-MG28t6pwL291hWb_TB6rtPRvOoAhM-qOWpdP-uV58vS7E2SFqx6Ib5mEhqsQbbcaoj2dyFyivg_CwdfSnEyb-dAa3Wbu5,,2026-03-04,2026-03-04T09:26:28.233000-08:00,2026-03-04T17:30:25.611000+00:00,-08:00,,,,,AF1QipPVWwp5CL6oFouYqLx5mXa17KoY_LV9B8P8cr4l,google_photos
https://lh3.googleusercontent.com/pw/AP1GczNO0nGk8rRLb881zT0HW7A0Uc9axyaU_v3-NH7W9h_JU4D5a_4pbYHlNK9br5oXi4lLJsZ2I0bceqBaxVgQEB1uNSesx77tD5EIvJYZbBWUdPwPBuYn,,2026-03-04,2026-03-04T09:26:29.517000-08:00,2026-03-04T17:30:25.611000+00:00,-08:00,,,,,AF1QipMl4eArae4kK4M3ZZ9AZh8moastFJmmHZp91QJk,google_photos
https://lh3.googleusercontent.com/pw/AP1GczNzwhAQ5z3NpfJjxcmQAj35bLH0DckEzyypmDjUSRYPKlaCje1pPNSUOhpgkBGcJEFjlwB9lebK6p9eOoR38ppzl4WkTSpw38MBQeA6lHslRAGfqZn_,,2026-03-04,2026-03-04T09:26:31.162000-08:00,2026-03-04T17:30:25.611000+00:00,-08:00,,,,,AF1QipNGSNfxcn58zx5hre71csy7ObDlok8bDLygLV8k,google_photos
https://lh3.googleusercontent.com/pw/AP1GczNnPRvN9NfjZ_V3_1dqly_5Jp-cr9DwXPHvOle9Qc0R-_EO20lQrYpiSuvr1sGk_1ulzF435nHuvPbBiTcCOtlxJouCL_4Xf9QyQ83LleBm5p1Mj7wd,,2026-03-04,2026-03-04T09:26:32.322000-08:00,2026-03-04T17:30:25.611000+00:00,-08:00,,,,,AF1QipPFLOkc1oLXJFJrtGo-3Uv8DEIvFRs6j44RkHkX,google_photos
https://lh3.googleusercontent.com/pw/AP1GczOayrpu-05n2ywufxMuPHGFqQjHwIeRlV20hANBdZgwXu_NOQSoDLbzTe8Or7KyO1zs85qOzu03UaWPIUO_gxB_hu_Zz7bSCwilyp6_YC8Rte2Sb91Q,,2026-03-04,2026-03-04T09:26:33.571000-08:00,2026-03-04T17:30:25.611000+00:00,-08:00,,,,,AF1QipN5nKQqER9GF8DvpQZY9Tj9wWZIhGWHXA_B2DJr,google_photos
https://lh3.googleusercontent.com/pw/AP1GczNPIrKtItxsqdrf8ee8bsMtUjBTt3FFsWhKPy6o4rOzbRrD665fdgTP1emdh_ruY-WpAJxV6HS-VZhSXwySQvPW-azKHa0Atx7yMmPYdRYhRLbHvKxN,,2026-03-04,2026-03-04T09:26:34.950000-08:00,2026-03-04T17:30:25.611000+00:00,-08:00,,,,,AF1QipOCZ5u4wCU4qGqTLpQwZSwqDjw5vqXx9TPhUDWf,google_photos
https://lh3.googleusercontent.com/pw/AP1GczNlfOEBMxdu3LzfX12TtT_2AoSbhXWujzGTN8P9x-dgTugjrzw-vCc14iC03shaS6EJxeQ2t5MLEPKEHLVbNKTDo9WbtM0rpRGbFw9wYQNW4T9p6osS,,2026-03-04,2026-03-04T09:26:36.067000-08:00,2026-03-04T17:30:25.611000+00:00,-08:00,,,,,AF1QipOqN-EXLYRQaUmgCVCo7pvwZ1EOiNiTv0S2Ea71,google_photos
https://lh3.googleusercontent.com/pw/AP1GczN-4WvwdxEuruu6nexEARV1PHQOFFHaFVeM7dZpRbuYF9VmR-8y8J5YVoq8-_xXK0Uh2-CRxG6qPzbBcx8WPmT-RUxAmAr_xQ-H7_EEE972Bh5fuhY8,,2026-03-04,2026-03-04T09:26:38.585000-08:00,2026-03-04T17:30:25.611000+00:00,-08:00,,,,,AF1QipNZac_ZiKR5Ji-DDg8JG7VEmGsbxxX02Kc9hfML,google_photos
https://lh3.googleusercontent.com/pw/AP1GczPsXusqgAeukheVVxoNIi06U8XQEQ9U0-gzzaimSGotcSN6SMtK9UjErXvGw4Woo-VBvU7exfxwjSgw7ppRLFLoFWUN1VNphkuOi_K2sVAtZeuPkSEp,,2026-03-04,2026-03-04T09:26:39.702000-08:00,2026-03-04T17:30:25.611000+00:00,-08:00,,,,,AF1QipOa87O1Srr3Cw0DUwgaEn3u_7kfXGhedX_lVRg0,google_photos
https://lh3.googleusercontent.com/pw/AP1GczPNkGSWsUuRmxE0TIquYb2uMgkys_RL_hUlNXq-SjRBJb7mcXIy-hh30eO9eL_Ol44foUFLJhXQl21mQqy2_gnfoGS-yGUqMgZzJVFRat0mCoz_TQdP,,2026-03-04,2026-03-04T09:26:40.721000-08:00,2026-03-04T17:30:25.611000+00:00,-08:00,,,,,AF1QipNMnl7DfZceI7geHvoHB3cIvY9PFKjbAUDDZ-N2,google_photos
https://lh3.googleusercontent.com/pw/AP1GczOxKEaTrfhpyk2p9XWIrmdNZL6EhJzHoJRcgXiC7wSJPt8AXvR1bggNM2MaaNZmQRuAHXmY2u7pmez8HRWmlNujElc5PUZW9y-nd58CiA0isMNuzqMV,,2026-03-04,2026-03-04T09:26:41.750000-08:00,2026-03-04T17:30:25.611000+00:00,-08:00,,,,,AF1QipOBypq3HODeIIFIKByToPL2JRhy4g0GJPgh0D2L,google_photos
https://lh3.googleusercontent.com/pw/AP1GczPs22lUT4fwiWhUTcuyngahO_aN8oY48D79MrKTW9Q0A8184p74P_g0mwQQ7ZkafrEb5S4St99UjRG16PTvyyvvSBdf_ik35riRIYj1UwBEaUAtJrdL,,2026-03-04,2026-03-04T09:26:43.067000-08:00,2026-03-04T17:30:25.611000+00:00,-08:00,,,,,AF1QipNfHVhYmoxYaJdD3mSHdnPDk9oBGQcA5LnSNrxN,google_photos
https://lh3.googleusercontent.com/pw/AP1GczPHtTtSRP5ug4ycNDtin1q1OWZHNoAWXdwJ0_CGIRqITL68aXWu1GE9HLxh-850yimkseqHTaWLiWRV7-1uWRh7V-lldy3H0Wuk32CaW6yBp9XInwzX,,2026-03-04,2026-03-04T09:26:45.365000-08:00,2026-03-04T17:30:25.611000+00:00,-08:00,,,,,AF1QipPBCwlmPlfKvWmBlBAReqkyX9lpK8v-hEqjiHtp,google_photos
https://lh3.googleusercontent.com/pw/AP1GczPmOoAMdqAMS6hQ3TLjJkFfSwuzU4wOexD2Y-nt7C5qe3PkQOqsxmSFOFqDhKyeXgV4ruYqIMbUBkhqOsYCjRIvck-V3awHTbeqWsglu1taIx2vqpZR,,2026-03-04,2026-03-04T09:26:48.866000-08:00,2026-03-04T17:30:25.611000+00:00,-08:00,,,,,AF1QipN8AmRCE9mF_9bVhuovj96k15QjT2t7Y-3RSf8G,google_photos
https://lh3.googleusercontent.com/pw/AP1GczOA8IeEGd0F6eTRlraPX2oIDsYBFwi6QEmfXDaOeQqSNVr6hYtbHyUg9mykqqoI18gxK10YtWWSMCVhrt-Z7NLIto7mtgADHt8USWkYGTvmSjVSWk6y,,2026-03-04,2026-03-04T09:26:55.558000-08:00,2026-03-04T17:30:25.611000+00:00,-08:00,,,,,AF1QipPqf2_SCNew9j9JAY5-QmyWGZd638inKlG-YXMY,google_photos
https://lh3.googleusercontent.com/pw/AP1GczP45WdXWx9Iu2pWHwWeYIL2ThDnL0C2mkEJXwh0neDY1fhP8NL_O8IAcpE9Ge2DDN2XOztId_vBaJQbXk6YWuDDZ-6yJ39j6lXsXJJ-08Okj-Aa7FJd,,2026-03-04,2026-03-04T09:26:57.342000-08:00,2026-03-04T17:30:25.611000+00:00,-08:00,,,,,AF1QipNZp-lh9SI1i4lvuHs0BKpX0V6rZQ7JlofNSHh1,google_photos
https://lh3.googleusercontent.com/pw/AP1GczOcH7g8C7C7NBCAqr6BWkD9B0DvRR8y7wu2OjPGGZ0TENR58kMh4E21R1sIzgGcGJM2qn1sWG6UQYr_gRtEKbDOG_N19FcpevrxJUXjGHHAMZVqTmWi,,2026-03-04,2026-03-04T09:26:59.673000-08:00,2026-03-04T17:30:25.611000+00:00,-08:00,,,,,AF1QipP2X9SQiWKwIUckzi1ti6Q0IcWkSnZOL4TATx5Y,google_photos
https://lh3.googleusercontent.com/pw/AP1GczNX3UgKTaFLmq_kDgx62juocXE4AqJuUVrMb5HhE7FPvaaKAclkSa3sB8-5MZw8dAL_7k4Vgmcw2C5-ncdSCCbgDZMoQW93jfjCAIW1iL3Td8uqGT8A,,2026-03-04,2026-03-04T09:27:02.270000-08:00,2026-03-04T17:30:25.611000+00:00,-08:00,,,,,AF1QipMzS39zOcruPyCrLBiQBZBT_BYySzA0YwIPXAcg,google_photos
https://lh3.googleusercontent.com/pw/AP1GczOknx1n9wXOJKK65ST8z0d1js9HVjxEEDncnszdZAbRJJFvCHQt9IfCq5qkLCn7fq5Wkeo9rY805EUwWQZSd3UhrU_jwqYGMH0RhemuRniTDRodNoJU,,2026-03-04,2026-03-04T09:27:04.540000-08:00,2026-03-04T17:30:25.611000+00:00,-08:00,,,,,AF1QipPD5Yr7As6GmnmiwEjnrWNBmKq8BA_YRLKvVtc8,google_photos
https://lh3.googleusercontent.com/pw/AP1GczP0v3pIKf5XM0ekNFQBZ4RKqiuWeoiy5TtVQeA0C1YnY7LvRYOgHy6uRwMNx6vEd9ZP_ZdoAF5vSiDJIvbgrYcJVYYZoK1XekzAJeHVi9DEtNzXHrTL,,2026-03-04,2026-03-04T09:27:12.137000-08:00,2026-03-04T17:30:25.611000+00:00,-08:00,,,,,AF1QipNDlKkaqyZFC0cyqSeUnrc1QVrE5BRgbSCw8R2K,google_photos
https://lh3.googleusercontent.com/pw/AP1GczPHFCdPKVuD1kkQ6cIGrk33EtrY3pwLOq8xRom-mNPqFPpPKasUyXezr4n1vAaOAhNYGE9OocfNjo7Wx1RxxGV7QHlLplPwljnEJl8kjiJnJgQnTYh7,,2026-03-04,2026-03-04T09:27:14.392000-08:00,2026-03-04T17:30:25.611000+00:00,-08:00,,,,,AF1QipM207X-jwkiazhFuD2iIsvg6hVGjAeVVyOmXT5c,google_photos
https://lh3.googleusercontent.com/pw/AP1GczP3Kp_5RXi1W1XXnSMsxGltHp2ksNdcMfEIftGaCg2K6mv1pq37KlQwpus15LKnaFeB_O78nWy8hDafgL3eEdLJnB4c6MVryEtHCkOZ4akxiEF4Ty0V,,2026-03-04,2026-03-04T09:27:19.767000-08:00,2026-03-04T17:30:25.611000+00:00,-08:00,,,,,AF1QipNwzci1V2yilsbzGcazwHCBN0_vr339DZQ7slBr,google_photos
https://lh3.googleusercontent.com/pw/AP1GczNuHoJLXqORk5rUl4lP2hR-Donzt0WUYROA4MX3GmgPyxSNarLo0kTkRL3ME10-YyRWTmpPR_C_tGef0s24N5lu5padN5SehtWO5eClHxjRAT7E6jMs,,2026-03-04,2026-03-04T09:27:22.338000-08:00,2026-03-04T17:30:25.611000+00:00,-08:00,,,,,AF1QipMofFoeNkuGPcEhbo6Q8kVSme292jRVGOdI7rdq,google_photos
https://lh3.googleusercontent.com/pw/AP1GczOPrCVBQAFGDoPHLCov8jwS_8g2xOlYiyww4irQKx8GzUcMDxdyRe3QUBPW-ab-G_dMqNCjh6KWmGBGfhPedFV4KXsHwKoTqSMR7DPInZAQ4OEsQRbr,,2026-03-04,2026-03-04T09:27:23.856000-08:00,2026-03-04T17:30:25.611000+00:00,-08:00,,,,,AF1QipNwFBbNc6CG7Fl170_tnX4dlNzPSmLd9H5PwpDJ,google_photos
https://lh3.googleusercontent.com/pw/AP1GczOGAespCcufPrwWo5j043onhHKNEsDV93y8arvnDJAo3Hi4IG5KbORBvwf8q7DHCwEQR1g0ChCI7-LwP-zLGobWQlcI5kqtcKEjDYH2phHt8VS8FJQH,,2026-03-04,2026-03-04T09:27:25.371000-08:00,2026-03-04T17:30:25.611000+00:00,-08:00,,,,,AF1QipOWRWj4bm6mvmBd6wR2m7uy2oG9dfmpKjIv1dxr,google_photos
https://lh3.googleusercontent.com/pw/AP1GczNHfB8PDS8bjUo9mE8BhAJkwBOGQMVK5WxV5j-gIgbqQDJmWIWqJk2AM0ov4Af2kFH7o-4JZZUKGQEdnPSfZawCe8_kXevc0su8g1vReG-eUVNlkBNC,,2026-03-04,2026-03-04T09:27:27.484000-08:00,2026-03-04T17:30:25.611000+00:00,-08:00,,,,,AF1QipMNYNg9cLzqd5aOSKiwogy99XkWqHmBgBws1OwF,google_photos
https://lh3.googleusercontent.com/pw/AP1GczNuF_om1IL2FBRzVCviQ-WV6lELUO5_m8Rxb7s1DUpQWwWMHB9RJqN1jNkBSAPto7NqJ2za9CTMpnAqpYtlUxI_kUd2-GrTYNqR-ri4v_GX2d3PmlQJ,,2026-03-04,2026-03-04T09:27:34.563000-08:00,2026-03-04T17:30:25.611000+00:00,-08:00,,,,,AF1QipPun9ROTrtUx5d4qFDO2Y2tnaupQgzxUehRj6dN,google_photos
https://lh3.googleusercontent.com/pw/AP1GczOveHuTL5AjsoxOCWtzgkWJkT1OjvauLKgPUJpGE6gSQSFMQ04-W06I04m9g7fUC9LgABpbqRukb-qLtOeX-TwlPq429gQ74jzBQEnCr3oMm2id2tRQ,,2026-03-04,2026-03-04T09:27:37.253000-08:00,2026-03-04T17:30:25.611000+00:00,-08:00,,,,,AF1QipPD8s_jxMVr35POimKKfhPu7IyUNqyYjwbl6gho,google_photos
https://lh3.googleusercontent.com/pw/AP1GczOfqZZby847Z59UWTY2rz_j2SICgu_wAyHsOX-d8pzBfcaX4iISA3yt0rCY4SzEIxRdtMx-W2gQcEJQJpCLm9xHcltYJRXc70Z9hdroiMYCOPsTWstX,,2026-03-04,2026-03-04T09:27:38.520000-08:00,2026-03-04T17:30:25.611000+00:00,-08:00,,,,,AF1QipM1S61XB_PjMkeHtrAhY2sQXyhUzX495-JBY0Ig,google_photos
https://lh3.googleusercontent.com/pw/AP1GczMOrAbBi_VrSgNPHPo9CzAsH3WP-V3uMlEQrtvfVykXRBx1KhP67jOuel6lfgdbgzRlUt2R1FeH2vLUXDGpeYG0L0WUGH3602pwBuGUGSjIxmpp6KMD,,2026-03-05,2026-03-05T10:32:18.859000-08:00,2026-03-06T06:57:36.621000+00:00,-08:00,,,,,AF1QipN4nD9xQHNRB3q74AiUeYOBLLY1t0O1Wut8-Y4P,google_photos
https://lh3.googleusercontent.com/pw/AP1GczMsA7QwgkdGAeFDIn373tCr2G-VTZsEbJZ0wdDVK9dL89dfg0ohphvq5Rnl7-pOcKeeMCP8A4Y4Doe1BhkytNuou2migjBVToGznCRZlcDnXU8SrcP2,,2026-03-05,2026-03-05T10:32:21.917000-08:00,2026-03-06T06:57:36.621000+00:00,-08:00,,,,,AF1QipPMJ-owzMGecNbQuLIybZHaRJ18nVXnLH6j6aEz,google_photos
https://lh3.googleusercontent.com/pw/AP1GczO_-ZUNVB1Fs5DCUfSucaeIp2RfY4-7tVfNVsgLqNoKDZxigeg6AdUab63sTnyksc1y1vSD_Rq78ADZ7QRFcpxLiBTs2ZOH-U-BBnjSpgsQUz-gESyE,,2026-03-05,2026-03-05T10:32:23.875000-08:00,2026-03-06T06:57:36.621000+00:00,-08:00,,,,,AF1QipMXHwOvg-8_Oug3CQPj2ZENBGQy3vvmxtV8RSiZ,google_photos
https://lh3.googleusercontent.com/pw/AP1GczM1TJ-4Y0-8sGeEQaxj6J1SspXbWLPJ8wNGWJ8lXtwVm7djHGHCtzypGjOVsiBAS8qIEyKG3OFXmuogs1WJe0cuzj15L1h0Bkn_is0xLf8m3-90PY8P,,2026-03-05,2026-03-05T10:32:25.892000-08:00,2026-03-06T06:57:36.621000+00:00,-08:00,,,,,AF1QipPGDWy5Lcze8LUBZh78bHuolaKDhitk0b-j4in7,google_photos
https://lh3.googleusercontent.com/pw/AP1GczNwkdtQjvwgxfi9bM3UcDlc4cXG2xr_H02bOJT3zCknopGwnqdOb4N10aDIlI-k1O7VmccZ3OSaG01zasbuTjQKaFh45GpRc76ap4bgFH64sNJZRz1V,,2026-03-05,2026-03-05T10:32:27.774000-08:00,2026-03-06T06:57:36.621000+00:00,-08:00,,,,,AF1QipMk_2IGuibfZMAKGLL4h93NbA-4o4Hz-7znfJzL,google_photos
https://lh3.googleusercontent.com/pw/AP1GczNhYARE5mpIyesPZkbJ9Z_oq7f5w2LSne29Ckyy41DooQh_rEhV2fRKt15ZryQ7Tvghp1CcDJ46LDLWxbu60pqoU9ACUDLGQUedkfsntGHi9Zw4Hfy4,,2026-03-05,2026-03-05T10:32:32.478000-08:00,2026-03-06T06:57:36.621000+00:00,-08:00,,,,,AF1QipNY84H0ahPpP9LBL9XBNUueq2op4tPiGVVAYcW2,google_photos
https://lh3.googleusercontent.com/pw/AP1GczMBGDmgCQV-nza9L_By3PSXw-JxWVYu4wmTSDQjv2S9ERmj2QbZ_C8gXcuAkj-sc18psJotI3jX4hyP-p_xv_MfgJ_cRKpIKTlH6wmavEq_LPk9ulsI,,2026-03-05,2026-03-05T10:32:34.776000-08:00,2026-03-06T06:57:36.621000+00:00,-08:00,,,,,AF1QipOcUrGJy56FaHmdESJQoPsKonrLNw6dU5OM5GXs,google_photos
https://lh3.googleusercontent.com/pw/AP1GczO-F_vkFJe1Hhw5HroE_gdNq25t57kIFs6wUgeocGOT_E4-ux_IIPG6QTMgLf-P8Vt_DUg0qSrtZvtyh22FxjVySRm-DepVMLuKZV-Dzya_J-Kqby8d,,2026-03-05,2026-03-05T10:32:38.776000-08:00,2026-03-06T06:57:36.621000+00:00,-08:00,,,,,AF1QipNQ8KOjfbVV0HX2mYa_d9D8KMop8gQiDdkYtHyL,google_photos
https://lh3.googleusercontent.com/pw/AP1GczO3GVbRk0yAgomTwfYR03MwGknYrey0WCoM8w2JH3huF2nN3NckzGBv-2wUMI1pwhFDGZgsS5CcO73fGRZjXx5Einy48wJmaZaiI_ocAA6RnkQAvNxF,,2026-03-05,2026-03-05T10:32:40.996000-08:00,2026-03-06T06:57:36.621000+00:00,-08:00,,,,,AF1QipO_U-opwvb2pUE_Ut6OHMkLpxFxcZf61gViX9lq,google_photos
https://lh3.googleusercontent.com/pw/AP1GczNSAIP8Vr2TrltU6YLoKFlAepRioNULYntAgU1uwYz2AJKVhPRP-51YFMyUq6HwtXBCUPfUND1e99g1oMg85AZ-9edI7FkQnEK4UFMCKD8Zjbmu6xGO,,2026-03-05,2026-03-05T10:32:43.009000-08:00,2026-03-06T06:57:36.621000+00:00,-08:00,,,,,AF1QipNksryzq8EGM8ZSeKYgLJSdlp_NSt0KWaO244ec,google_photos
https://lh3.googleusercontent.com/pw/AP1GczMtI16cuiDjbsMsGIQceZU4_qloCxun061Ved0lplb13JPYZMLu0kuAIiYniMsNLUjdjO0kDaD_5aiHbLx8qp6t89bcOAj1sYCJgH91fi52kGgVZY-9,,2026-03-05,2026-03-05T10:32:44.430000-08:00,2026-03-06T06:57:36.621000+00:00,-08:00,,,,,AF1QipPcRV8biG6CQMs-Yvd2mnX6jbjS5twAYhJeGx_J,google_photos
https://lh3.googleusercontent.com/pw/AP1GczM27-SFjQTlutruupH8_QA0M3Ts8k23b0ZUK8wyujLlVkjp-6mIMdkcCJ2yM157NoO6xZmiAlRT0kuks6wjXdthxVQPm5FDpEqwfOLGiYSP3SRUW13k,,2026-03-05,2026-03-05T10:32:50.033000-08:00,2026-03-06T06:57:36.621000+00:00,-08:00,,,,,AF1QipOsm3tTI8c3YJpdR-Bw-sNcc5l8T5KhiTt4ouR6,google_photos
https://lh3.googleusercontent.com/pw/AP1GczOhL5g_EXz9xG5TssCuDB1dAir3Lm-On9Xdkk2sTgmU-H4810kX7fGrNXygKuwonBDOsMBQYOrfiMuxc9fO8O0iJLHgafdJofk8faJskoV71mwJpZco,,2026-03-05,2026-03-05T10:32:53.536000-08:00,2026-03-06T06:57:36.621000+00:00,-08:00,,,,,AF1QipO1mrKgLBsm6K7Or6vx97wxFjQ-w1-k_-Ek_cpr,google_photos
https://lh3.googleusercontent.com/pw/AP1GczP_hl3v2QohRN7xDVON1RuTJuTZcaxLrFw2NW9XzGTEoqqz7XHPY9xEzJQAKgsK8kSRbRIVUiYvG_Rq36vUvR5pXGjvfciceDvQxK61-aAmHVkU20GQ,,2026-03-05,2026-03-05T10:33:01.832000-08:00,2026-03-06T06:57:36.621000+00:00,-08:00,,,,,AF1QipO1A6B9zLO4AASRas09iGaKClnhUNa4dybnBGhL,google_photos
https://lh3.googleusercontent.com/pw/AP1GczO7gKqr2SSkMYUlfieQ0C9iio1I_mZLnUhTowc6NwWkYH9auoI-q9CyYY1K4MGlRXW4p9CL57t7KsPrm72_gLs8rokyrK_lSOGfyRhJxBUvFen55mjD,,2026-03-05,2026-03-05T10:33:06.305000-08:00,2026-03-06T06:57:36.621000+00:00,-08:00,,,,,AF1QipPJG7n6_UImQDU3QwpX2Z_bfdFw44NqxmwMp1th,google_photos
https://lh3.googleusercontent.com/pw/AP1GczNdfsdokH2KOgpxNz8v46AROg21MFWgXmkP67H9bpu9XP5yu3F7CMlmUlLWjJAOSoIC1iuakvihIbxoJYlUJOJqe2o8YqgUu9_8YJ98a_diZ-TKsGkP,,2026-03-05,2026-03-05T10:33:08.697000-08:00,2026-03-06T06:57:36.621000+00:00,-08:00,,,,,AF1QipM-4JJ-0j6hd2jGTcY--1xjUGd7rJml7VgclGka,google_photos
https://lh3.googleusercontent.com/pw/AP1GczN76cO4WQFnRvK7XGppro5LbBNxEHapLd4w5p9zjWhad98ypNbatNJl6IOcBvBx_BitYK2G5oLExcKyo_xELC4EuVf16m6qwxJaQpaJJeb4Z7WryIkV,,2026-03-05,2026-03-05T10:33:16.602000-08:00,2026-03-06T06:57:36.621000+00:00,-08:00,,,,,AF1QipODlH7sdCV7bZrog-uWz0rRnohRFPg7nib_a23l,google_photos
https://lh3.googleusercontent.com/pw/AP1GczOvi3dZsqN9s8ZTDKe-yz4s2Rpich5VSYJPF2AhlZTG-GvUCaTUphSTn7RnvjWN7csGUA6rAI3eLfLRQtf9mt2VBbgLEeC-FwAgorhKO5LXLBHX-vVm,,2026-03-05,2026-03-05T10:33:29.824000-08:00,2026-03-06T06:57:36.621000+00:00,-08:00,,,,,AF1QipM_maNl1FlKLPxU7GTMD5heNzVsZu5AUMdG8qz1,google_photos
https://lh3.googleusercontent.com/pw/AP1GczPhNfQwIGoOSqqR2QL8NJpEvmZ3Kf6e4raTeXlLghrYTGE-S4iYCv8ReRH4yyWYWjbSuJWLnsOoKAtxmiN-uAkxhLFSZkad4tqSJMTsMvnM6Sb12uph,,2026-03-05,2026-03-05T10:33:31.889000-08:00,2026-03-06T06:57:36.621000+00:00,-08:00,,,,,AF1QipN8rtosfoIoM48-ca7BbxvQmaFXOiC2yZzdr2J5,google_photos
https://lh3.googleusercontent.com/pw/AP1GczPf12vmhkXEF-ojM0mlB3MsIi8jiuA-bwGt-YCmZqAbrPWZNOP4uV1bT67Swi-NQD1C4y8j8KEh_YbkmTqxB02kvlUy88rmq0ILPvfgKmmFyyUj1PsN,,2026-03-05,2026-03-05T10:33:33.459000-08:00,2026-03-06T06:57:36.621000+00:00,-08:00,,,,,AF1QipMFCkHlMl8f_sWGdxVRwMyvK9_2lsB7MQV_JLVI,google_photos
https://lh3.googleusercontent.com/pw/AP1GczPLiwFBVC8A_SePjux20dVW1IY2_P4Qf2Pla5OdAMSZxwZGCGi5j3DWvD2alJScJTnC2EsLNQKWB0OrxgiIGZuJd7BUc_Ys-8tVqr771kw4shButgK-,,2026-03-05,2026-03-05T10:33:34.704000-08:00,2026-03-06T06:57:36.621000+00:00,-08:00,,,,,AF1QipPOG3F11g9tjJu34ZmPJjH2wtF7HlbVnbJh_Brn,google_photos
https://lh3.googleusercontent.com/pw/AP1GczN1tJbuH6NxXCwzkA6D4m4P_lDLhTsHjs8AnBL_9GuHlyzWwBtZ6QSGYl02nMYF2ZIFpKBGj9S7NqfF8ZMhEaLwnDKf9nx9VZ6XhIk6JP1urr41Nt0c,,2026-03-05,2026-03-05T10:33:36.099000-08:00,2026-03-06T06:57:36.621000+00:00,-08:00,,,,,AF1QipNNEoHwfpKPYbUg9BIpXkngQHHHERrAwHXxi_fH,google_photos
https://lh3.googleusercontent.com/pw/AP1GczPrkVdsnhTeS4PgwCBtVxhlEfsWmG_AxzxG7G34q38XHxHufbg5hscSohdY1BtBda9-WxcPVyTkuS3L4Ua5u8_nx831Uhs0JjavuM70fqfNdyF56Ksm,,2026-03-05,2026-03-05T10:33:37.933000-08:00,2026-03-06T06:57:36.621000+00:00,-08:00,,,,,AF1QipPxDwTSlFBTHpQwk_UWfwd19PDolLsnJKXHT-Vz,google_photos
https://lh3.googleusercontent.com/pw/AP1GczMzBs-sfQf5XS2IWigP4uRsgchH_oKR142Xj4VVC3kMJBN16e8qzdeZ-xh6AQSEBej8xfk2aX4xYLJeucKbtzfdPtPqmKXhXYGIVaeu2El1zc-IaA2K,,2026-03-05,2026-03-05T10:33:42.111000-08:00,2026-03-06T06:57:36.621000+00:00,-08:00,,,,,AF1QipOqeT0X1ZWEhlrQlLfX7mED4jfe72Q45yVoWpRO,google_photos
https://lh3.googleusercontent.com/pw/AP1GczO7e7zA5iJ_0alOb3KmFbKtkYlhuwcufA6VhvijDUDSVlPWD34V0m63ig4_CYZnhWDQZvQXax-sQfs4Nkzh3deuffCK7AJWvXAGe-_rj2_03_aCIq8A,,2026-03-05,2026-03-05T10:33:44.014000-08:00,2026-03-06T06:57:36.621000+00:00,-08:00,,,,,AF1QipNjOFa4qDvCgSXaMT3vQFXc0fsMM_brR4qRXaCp,google_photos
https://lh3.googleusercontent.com/pw/AP1GczMNuVMThwt_s_Y5A7WWq3yin-SUdp6PQgW1BWM9Ic3JRzXuDl0OiJisljtwR6in-hRoIV16dWOQlQPd619L3k89CQlEZjV-z45p7Z6mXeemtsgR-CJX,,2026-03-05,2026-03-05T10:33:45.584000-08:00,2026-03-06T06:57:36.621000+00:00,-08:00,,,,,AF1QipNV83ES224MOOvOfIWvNaKYmqPpNzf9KanT3thb,google_photos
https://lh3.googleusercontent.com/pw/AP1GczNPsoyYSQxlYTJ32Tj63cpin8wr8oXSM9RSEzn68ZwAh39NFYTUtH4Q0Ln140v_LyP0fxx_6cD3C9bMS1oMVZxykJvhQEmGALnbN3V1SOP7FjiipTzl,,2026-03-05,2026-03-05T10:33:46.919000-08:00,2026-03-06T06:57:36.621000+00:00,-08:00,,,,,AF1QipOW55pc9nPboaLyd6DWeXiqxOdNZe8pzQdpO2jr,google_photos
https://lh3.googleusercontent.com/pw/AP1GczN3Klt1oFGclarc1anphPveh7qpwpJZ5QAijgIMQ8Q-yz0nJg5m7947mruVepCwmN8jPOG2hf8AKWCQibfk8SVV6KAwitw1G2q8_ihVdSBjhA9nTBfx,,2026-03-05,2026-03-05T10:33:48.449000-08:00,2026-03-06T06:57:36.621000+00:00,-08:00,,,,,AF1QipNg7XdmOUaiOhj5ZhnUAelilL7zCwcieY2ANMjN,google_photos
https://lh3.googleusercontent.com/pw/AP1GczPaFnm__fpT15OAzMLkTV_crm6fO_1Z3NvHf8_AXEp59OMIN7zBS6MRgv_A1U43Dhi43EMPNYpAnym99BgSHbjAGqhmb-JnPJtgNt-L0z7Ov7lrx1MS,,2026-03-05,2026-03-05T10:33:50.395000-08:00,2026-03-06T06:57:36.621000+00:00,-08:00,,,,,AF1QipOF2FpmUi-nZke8Nl7dq1eYphOuGeiXJZoI0GoD,google_photos
https://lh3.googleusercontent.com/pw/AP1GczO4ZU7_udHkqHDhw4kZVlI1Alx8WfX4PpdVCVkuK_xskqxn_5SXk9cGCXgY1U-M_X4vIl7qWqw1yp0ysx6UkjzkCGWQfqe_WQ26Z33ySoGDJT1A2f3Y,,2026-03-05,2026-03-05T10:33:53.871000-08:00,2026-03-06T06:57:36.621000+00:00,-08:00,,,,,AF1QipPD_nWkkIGqEtHJn3TbCjQzXCt4NZ_wlpJj5WZt,google_photos
https://lh3.googleusercontent.com/pw/AP1GczNFKh7xAhFiygpipuZj0v635rAfcvnfk_M2fN-KUSUfdbNL2qDCgIvt__iAyqgg8pnhAnHW0TLD2lCLwiH9bUgQY0dtAcEGE97lGW9nopJ82K62oPqK,,2026-03-05,2026-03-05T10:33:55.913000-08:00,2026-03-06T06:57:36.621000+00:00,-08:00,,,,,AF1QipOKiQK9Sx5dyZnXt-nLTZ7ome9ESGr85mVapngp,google_photos
https://lh3.googleusercontent.com/pw/AP1GczNiZPzXsZmD1z5mtVX2QLflDQuUY-e_9t4rE0WZdrZlrADFrRaZT_qni5CJ-NtfZcVxRqZbzuhtK1d1iuuSWPwoMmq0t33CDNcCwK6h7uIBpLpQXo3L,,2026-03-05,2026-03-05T10:33:58.288000-08:00,2026-03-06T06:57:36.621000+00:00,-08:00,,,,,AF1QipOFGr8FAZOfyffXvOq7sOK8kE2KOutaRkAoedJ1,google_photos
https://lh3.googleusercontent.com/pw/AP1GczOd01nLKYAD64lfugomD7mG4-z5BdOjnQugDoE_BEW8ugG_XezFHZqhxOg-5S2SXKUZwwumIiFMUsYEWutkn2fXOI7qOGq5-ufQKhuoNRTzOI1gf6NF,,2026-03-05,2026-03-05T10:34:05.742000-08:00,2026-03-06T06:57:36.621000+00:00,-08:00,,,,,AF1QipPQVQ-7ZP9Ki9jvGxtH1WMXgnQy9qoPT7sQhEBK,google_photos
https://lh3.googleusercontent.com/pw/AP1GczNErwwak9M4UY-YMrBB-FZGqQEZLp7ED5rC6jtnf8hR4O7EohgrJPGQnsztge_5VK8Y8p2oYQkHZ3V4F6iqCmmJEhnmuAE9gJA8HvHFWx907bHDwpit,,2026-03-05,2026-03-05T10:34:11.131000-08:00,2026-03-06T06:57:36.621000+00:00,-08:00,,,,,AF1QipOgUr6-FpJw5la3I0p9gR_8zI9TcuRU9M9S6Olv,google_photos
https://lh3.googleusercontent.com/pw/AP1GczOyFeIEAGFpPexQycosa86LPaMYAMxsDz11F8EAClBkAF8TgjZbG83IhSgtCs2zM-vbxgzN6IonxLsi4g0MdJun4RtA0xFGU7y6gd5lOwa6NXIEp4A9,,2026-03-05,2026-03-05T10:34:13.332000-08:00,2026-03-06T06:57:36.621000+00:00,-08:00,,,,,AF1QipMseyXw983nUcNknSpn_SNT12gBaAd8GkJaWMzO,google_photos
https://lh3.googleusercontent.com/pw/AP1GczMhdoGVMjWk9lWwx8kR0bB4yQIrsxxIJmDmKDGQcfqbQTRDNjpOX02d5_0BS1XU3w2Vh9hUHpIs1r0EUPYfVCjP2CnMuj40qGT53Th465cKrU1pfKQJ,,2026-03-05,2026-03-05T10:34:16.066000-08:00,2026-03-06T06:57:36.621000+00:00,-08:00,,,,,AF1QipPmGuIa0_qpJWgplApCB49BBRcVLaNyTq46v49e,google_photos
https://lh3.googleusercontent.com/pw/AP1GczMw6JSHe8kkXG1WzbG9tow-UF_Zmyk3urup87QBPGfeKCoyUl_wwMxNx3-KQkixFog2zyGDt26Cgn1lDVQBqVEYjZWz9V1mawN8GVVBrzHq0qKUJKJo,,2026-03-05,2026-03-05T10:34:18.696000-08:00,2026-03-06T06:57:36.621000+00:00,-08:00,,,,,AF1QipP7rzoIVTMgDstvUupy6i0AxsEj6kuF5tMd18-p,google_photos
https://lh3.googleusercontent.com/pw/AP1GczMUDUfm7YtIaPTALJhZnuORHxnChSTdDOQERLfE10UXEaCMSyeVrnRkRwrs6UPkKQOW_bCGREiiLyn6XQC_D6HE7lRqCdUktVE6hVmY0tXTnbTSaMSC,,2026-03-05,2026-03-05T10:34:21.066000-08:00,2026-03-06T06:57:36.621000+00:00,-08:00,,,,,AF1QipNnqb2HXShRL8jJm-WT9ktttQ3SY4xJSEt-k_WM,google_photos
https://lh3.googleusercontent.com/pw/AP1GczOYMEYiiACtJRu_dKUO6oNfUEh6FMgYWs23-_VKLj52C5j_v5XuJAWIfv6RF_s37GN2dYWx7JvDM6xbf5hCB4-L9LCpINQID4S_1bsaiml4sIKGHsBr,,2026-03-06,2026-03-06T09:16:08.271000-08:00,2026-03-06T20:10:28.154000+00:00,-08:00,,,,,AF1QipPI2pXtfWLZ3VeoyoVY6v_dHGjfeuzMgC5vkuz8,google_photos
https://lh3.googleusercontent.com/pw/AP1GczMjgz9PwefxbA2kyW8SDsyGfiODB66qffhm83yFsxpAQsqyLeXnb5j6LGFs8QNW4WcpwWsNB9GzBQI0eq1VchuKe5Yspm4dlIoz0Qsmk7e-vc-Z-C_G,,2026-03-06,2026-03-06T09:16:10.226000-08:00,2026-03-06T20:10:28.154000+00:00,-08:00,,,,,AF1QipMYUrlHPLADC3csrjCt32b1HybGfjf3e14Kk7dF,google_photos
https://lh3.googleusercontent.com/pw/AP1GczOjpoQpxTYSF425QFsz0zNKtfnEpFn3ZRNQsiS6LG8NWN6-_CLfNEAnwe7jaPcDD4kBV2ZnUCDhVeaOYnMf1KzYlygsXF7CAv1cadiQcfALMyxtrHAY,,2026-03-06,2026-03-06T09:16:16.718000-08:00,2026-03-06T20:10:28.154000+00:00,-08:00,,,,,AF1QipOrHeCcYZvkkt5tg63qZJYqKIj6I9BJCJevQ2Ge,google_photos
https://lh3.googleusercontent.com/pw/AP1GczPh7RUHlPu0jrNE39eXwGoahenm7_lble2CRAs8fblwealX_xadI5XD027KUCL2nlcIjWS6wU1O1Sdp_hwKi_-f99T9_z75qW8VC2gpYMWT6dpOlLNl,,2026-03-06,2026-03-06T09:16:28.604000-08:00,2026-03-06T20:10:28.154000+00:00,-08:00,,,,,AF1QipNx5FWycEZSxZzb900dxF7JTQbuzpQMwPAWE3E9,google_photos
https://lh3.googleusercontent.com/pw/AP1GczOXd3EB-ArnpXnHkZ9LCUcAMtSGAVHNVPzdSsA5UpJbgqtzByW1XwytHlJkL67TNQxruk6C3mDolOvcABnjkxNhg4QEF2e0iYQYVYB57QnPqbYkUKze,,2026-03-06,2026-03-06T09:16:31.046000-08:00,2026-03-06T20:10:28.154000+00:00,-08:00,,,,,AF1QipOmNtHeKULW2k0u_PoGYCVCiIZ8gYT3ahhfs0Lr,google_photos
https://lh3.googleusercontent.com/pw/AP1GczMmFohkR_utcfYFlvrpzXjLvmucPmFP6cuUSZAJySA1HD0mWKsAvtzJY0BGrQ2CsvOqtDd6z-RX4MzA4qcHdKLVDkwHaQUl60NszkzoLxqtE-ECyGJh,,2026-03-06,2026-03-06T09:16:43.906000-08:00,2026-03-06T20:10:28.154000+00:00,-08:00,,,,,AF1QipMXZK67TZZUJ6foJusGUlAr1u_06CYi_mEwXLAv,google_photos
https://lh3.googleusercontent.com/pw/AP1GczNiSp9-ZP-ZPUNp0ohgYIehr51Y_ZV-BKoqjBZGnqmrE1h67D95z6EcrHtxNqlT60TkZAgBubknHjvKL-ePIUGPZN75gOD5Eq4WsQwP7OBB2NOIUz9E,,2026-03-06,2026-03-06T09:16:47.325000-08:00,2026-03-06T20:10:28.154000+00:00,-08:00,,,,,AF1QipO4_hkq404qd0F8SNncyQvr1te4atDMUYBZiPe-,google_photos
https://lh3.googleusercontent.com/pw/AP1GczNniP7L3Z2svMX91fvJX7byX2-srinnkB6AIc_ylBCAB8EWneHErcm2o9g8JG6RwTQLktbg-WAF64uEj52n5Mkq6OwLpLn2wqL-qR5HlPyZw3vjbD0x,,2026-03-06,2026-03-06T09:16:50.754000-08:00,2026-03-06T20:10:28.154000+00:00,-08:00,,,,,AF1QipOW6V-Yc2KHVuQY0q7y8p9KEEDJFvTB0CEvI_bw,google_photos
https://lh3.googleusercontent.com/pw/AP1GczNrLlzx4SuS_8SY8V40sXR5YQV6vjREs7iieCLUHiGyyc9pgljRvlVT1lp5HwJztlW1-DlsjqfioXtSearokvTw18dKeRD01h7Z9ebp2-ECvisdJOf9,,2026-03-06,2026-03-06T09:16:55.277000-08:00,2026-03-06T20:10:28.154000+00:00,-08:00,,,,,AF1QipN_v-8gF1t8JLOu3c3GA-03DP05nOfafcdZXwid,google_photos
https://lh3.googleusercontent.com/pw/AP1GczMfBKMvKnMq1WLqTwHGlBawwt_EOoDcFAwdQlOqHf-3olFUtlVyOB8fU9YQDuojoD2NS_gNtySM08h1K1mq6xx3zuupaZCw1R9U_uyoMIVoTG16pJHl,,2026-03-06,2026-03-06T09:17:05.154000-08:00,2026-03-06T20:10:28.154000+00:00,-08:00,,,,,AF1QipOOap0kp_I_QGobag3vfcfyMe8Sd--x8qj_mAap,google_photos
https://lh3.googleusercontent.com/pw/AP1GczOXEDrLd-F2-xbIdI0G9VQzmbTBO3l15S_7--_dT8yIJYqXRb5PUflNDenvJr3Qk00WXSjEYpfJ26tNcjqVXGn07ijHXn1YRydWcIQfRMCxME1X50HD,,2026-03-06,2026-03-06T09:17:15.707000-08:00,2026-03-06T20:10:28.154000+00:00,-08:00,,,,,AF1QipMU7lCWTRsy_guwekv5oH2yyfpO7kKLPEAN3nVy,google_photos
https://lh3.googleusercontent.com/pw/AP1GczP9n5x5yE5QT3GUxKx_TOW1Y8yPePQxPS4rcM5dOR3U77fUo-j7ROVz9apuFlOCeov8Z0hvQWmqh1Z_YafE7oLbVEWlMdYLN3HvTMgqmvsSrUObxIE5,,2026-03-06,2026-03-06T09:17:18.497000-08:00,2026-03-06T20:10:28.154000+00:00,-08:00,,,,,AF1QipPCdAWlOXppVV_VYt6GwwR0lk1vGHFQnWcQCmbG,google_photos
https://lh3.googleusercontent.com/pw/AP1GczPqGn56YWab2rAiR-1-ZAgVFWIGUqsjU4Y6cXhYwaVjM3CnWmHhWLmQ7njaSoATEAZoNMxD_xecDoNhFp1JxYGYFTzx1S2wtaWzOZpIUuWHq6POswkc,,2026-03-06,2026-03-06T09:17:21.497000-08:00,2026-03-06T20:10:28.154000+00:00,-08:00,,,,,AF1QipMOOEO1Uo09Wl2eHWqP97pLSClEbnteBDuqIGVW,google_photos
https://lh3.googleusercontent.com/pw/AP1GczO36kRN54o3WJKqkWpnYyuKKUKXwi4AntLZgMd_42M5yE5o91sG_orbLbB_pZ2yJtSoG6TDjyyWtm2BuXMZ8LsIFMb7ghc-ZAoDmx-BY9m_GqasluFD,,2026-03-06,2026-03-06T09:17:23.632000-08:00,2026-03-06T20:10:28.154000+00:00,-08:00,,,,,AF1QipMB8kRI9W7SssjSkXgOjpnpsCnGVYf2-villCsK,google_photos
https://lh3.googleusercontent.com/pw/AP1GczMG8KQhqJzUNIchniT1CpSbf2rY-bsTy6GtMpjbZfGiO5z7G7alP9zQvVE45-cd2zbplRSSZtUru_WQLXyrHzUFMPXsZcnILX-1CcgybnRsa5Zkjp2y,,2026-03-06,2026-03-06T09:17:34.036000-08:00,2026-03-06T20:10:28.154000+00:00,-08:00,,,,,AF1QipNXu1-z7Y002-jsDgFwBVHRXgafylVETbabBPCz,google_photos
https://lh3.googleusercontent.com/pw/AP1GczPMXvaGRPZq7B7kRArSBxNO6OSCOplVdiLPBfYsfQcFbZ3UYm46-VTJUnqkrlXAcFw1fS3dgpx1q0-N7YQX3y70_-sC7KCIGqpmx2EWq8kiafbFmtIT,,2026-03-06,2026-03-06T09:17:36.832000-08:00,2026-03-06T20:10:28.154000+00:00,-08:00,,,,,AF1QipMwNlzbXr2qyt7c9WBH35GMMph1iPqVPhesQLPa,google_photos
https://lh3.googleusercontent.com/pw/AP1GczMrbI6pDaCtkzrLHWunTo_RbCNp_WdDDujFjJ9DCBpu-xWeKwPHCHPogWgL98aOn_AauqcoNsPq6YHoXDp6g4c-C4bA_FKX0541XQNQ0WroH-aMiwLE,,2026-03-06,2026-03-06T09:17:39.705000-08:00,2026-03-06T20:10:28.154000+00:00,-08:00,,,,,AF1QipO5NIPMCpznxY-5SxopOzxkZ59PSybv1Py9FVLE,google_photos
https://lh3.googleusercontent.com/pw/AP1GczMvO7ib05rajoBH1GkHYNGJMPH_kDzXZgR5RCwDweohoW9BRWTJ9bDVtSj3IKlcg37kz5se6Fpo-ck2XuGOrR5bh52mf5lS8tmtjrjICb-XdnQeVHeI,,2026-03-06,2026-03-06T09:17:43.453000-08:00,2026-03-06T20:10:28.154000+00:00,-08:00,,,,,AF1QipOnn8Lm1V0Ew5dKxUAcnBUzoatx00LuKa2HM3DY,google_photos
https://lh3.googleusercontent.com/pw/AP1GczNknElT1LVCJ9KV8dgvWrcS-Z8JcmRKG2sRDvCesr6jxghiZx3uMFcmFMIJ6kPY9iAQhMAtcyvF3vCPTszVgRerEDedpfG8bo3ElUDuvQsGyyEWCJLM,,2026-03-06,2026-03-06T09:17:46.213000-08:00,2026-03-06T20:10:28.154000+00:00,-08:00,,,,,AF1QipOg3MYUXCHDAoLXBklAam592lCj5JCtFHIquil6,google_photos
https://lh3.googleusercontent.com/pw/AP1GczPjJYkpzwtENAwaSjMO_odEwy3Ewrho3g2RLx8x2p6WpKdVGFK488GSdDY9xuEAaZi3lMRMt9V46XKHzQk_rZi6XAl1Z6YhhHdGESrtLpnWT8yylVBy,,2026-03-06,2026-03-06T09:17:48.204000-08:00,2026-03-06T20:10:28.154000+00:00,-08:00,,,,,AF1QipMyZnparmwfa8Cs-5zeWyYZdg_kaPckD2le2Z9o,google_photos
https://lh3.googleusercontent.com/pw/AP1GczO-CNtW5epsnNJ3p49uRgTQDqoDMH9mrHRFggFkziuEWlvlS7bb-rJ-TswcBPQdZTwp52zTe89_H4jR7XA_m3aCYgFpy-KVnYf0BdcqTdNC4dgwV57X,,2026-03-06,2026-03-06T09:18:05.759000-08:00,2026-03-06T20:10:28.154000+00:00,-08:00,,,,,AF1QipO5lkdO4fI1Dp2c6EEkIcPLBjpccDUmSNcrLJbK,google_photos
https://lh3.googleusercontent.com/pw/AP1GczPsfI2OGX17-n6OhiaaVkgv4FzDTBLhppqTGiE5JtWfbGz97kOOK0VY0iqF2oKL_kOdiWjk7wRtafrbPj-zgQcwFnQYXDWEqSq0r8p0TOOP_hR5fQUk,,2026-03-06,2026-03-06T09:18:18.391000-08:00,2026-03-06T20:10:28.154000+00:00,-08:00,,,,,AF1QipPIK9p4m-kZaYE382ZE6Rxlv5W1hBW6w8YhGhIM,google_photos
https://lh3.googleusercontent.com/pw/AP1GczMMQrLjMwTO5-xrxsFN6hlwB_PQqVnhx67ScONLfuQos4KdyJwRUVmyA2w2Wj7Dr7nUfD6oHE8qdIPt9TN5XNlVS9pbVPw0uEGXwDqR-w1fkmft4kUW,,2026-03-06,2026-03-06T09:18:25.877000-08:00,2026-03-06T20:10:28.154000+00:00,-08:00,,,,,AF1QipN11Y7vZF4Y1Bq3jQXB7JFs_etJV4m-pgedIsIK,google_photos
https://lh3.googleusercontent.com/pw/AP1GczMJNY0XsXbMvV4ZOCy2erWVG74PXi5mVHNyaPn7MraEayYmhjZtAa1e34d04PnOllhAQ5vI09wMWMzcVuvuyXDqCfF9-H8flH_eGrRbcmt-bOeL-PKH,,2026-03-06,2026-03-06T09:18:34.756000-08:00,2026-03-06T20:10:28.154000+00:00,-08:00,,,,,AF1QipPVpNsmUrjwtGYItBd3WoB4WYasSXfKtnbbNwsp,google_photos
https://lh3.googleusercontent.com/pw/AP1GczMDewAiFk6_TQGNpO7Oew2uRox0Jd6ZeShspU4hmxIaSgmQf7JvRE0edQPOKX4fJzEbAeLIyHnCEOPJug2VttslwYaBAYhgBPOX38GWv3N87eyrXwx6,,2026-03-06,2026-03-06T09:18:40.949000-08:00,2026-03-06T20:10:28.154000+00:00,-08:00,,,,,AF1QipPj8Hw0_TliWb4gqYQAwZuyBVLzCemCXJTJbBJa,google_photos
https://lh3.googleusercontent.com/pw/AP1GczMUwy1bx2BdVyTnBLYImLlI50BUJ58xUlcIqHqH23UEvzB3DSKknSLFo7XfoDHjMqcPQGHo9solFk_iEBL0xTdA1sr7ZRSf3vvRqX2Rbgam_ejr0L75,,2026-03-06,2026-03-06T09:18:44.211000-08:00,2026-03-06T20:10:28.154000+00:00,-08:00,,,,,AF1QipMSxZj5YtzIeTHsQG9kOR6frovdFwRmHPQHB5Xf,google_photos
https://lh3.googleusercontent.com/pw/AP1GczOIFKEzGgIsAT5KVFvZJsAYKKhAtq9ApCwLZzlRBf7UGtU2CepZiedyj3FRa-7xwf545BjgBcQOMmN1FWXAydRu3UVQOf-GkxR8lIOmm5DTUHbAIet7,,2026-03-06,2026-03-06T09:18:48.690000-08:00,2026-03-06T20:10:28.154000+00:00,-08:00,,,,,AF1QipPqKm8N23OgIIMrGA726YobbfCw0gx7-OdSPUYO,google_photos
https://lh3.googleusercontent.com/pw/AP1GczMoavcbzM9j1g3itxTRfcVLyjV1W8ZJdC_XncQLp8MR03kAI1eQHyt8BISb2rp74vIhZ6uCxmShk1cJFANYI8EWL6Lyq-R-GiZ8tJkC9s741vljLVvb,,2026-03-06,2026-03-06T09:19:02.194000-08:00,2026-03-06T20:10:28.154000+00:00,-08:00,,,,,AF1QipM8ST9NKE2YtbhcjSvnihVUCKw2phJip6d8lajU,google_photos
https://lh3.googleusercontent.com/pw/AP1GczM0Tt5rcnBNJY4CVlmkFo9i-qtTS6EGw32gr8LON0g-wHBwKLBd_Mal0vFK_jJ7367m_5nubUTQVQjEckZpIQOL8yEUeK43oRAxqjuSkCIbGWyPQmiE,,2026-03-06,2026-03-06T09:19:26.502000-08:00,2026-03-06T20:10:28.154000+00:00,-08:00,,,,,AF1QipMMUSTOl_Hjz2hzHjwFwCcYrtOj-s95nKH5PwXN,google_photos
https://lh3.googleusercontent.com/pw/AP1GczMv8q-uCq2LKkFuMvT6HnuOhwJgUbCG6cnsjp5G2Y1La9alA5ddUpfvSQIIbt-JbjqkmuxImFYJyrowI9_cLdEjyqAThynCW5Xuh4vfiug8w2r-7vWc,,2026-03-06,2026-03-06T09:19:32.639000-08:00,2026-03-06T20:10:28.154000+00:00,-08:00,,,,,AF1QipOiGcNlMr4gifITrXc2zJ6awbBEkilBbw_zhvRR,google_photos
https://lh3.googleusercontent.com/pw/AP1GczMxmOPmTSLuyZtrh1inJ506Vrb_upZJMDwVT8rABZBlGakQV1C4ceypPQ5M5BXFZ4iMLA9NKV5UcKBXT_q3f4_QwitFNnRJvG2Ba2Gv2oCTZPd4djB2,,2026-03-06,2026-03-06T09:19:38.915000-08:00,2026-03-06T20:10:28.154000+00:00,-08:00,,,,,AF1QipMSlzsG0VHRH0q-UFOhNpz3x1SWr6M9_KVxUKl5,google_photos
https://lh3.googleusercontent.com/pw/AP1GczPLzGnxUjK_OB4P5HJUA_1YgxWQt-Ip6CAb0tNdlBHEBNdlkRB5WB2Zuixy4ILWjoAphh6c-zD3yXl8wkj-Lsmih9CzseoJnQSxfafdmXntuBEg2MSz,,2026-03-06,2026-03-06T09:19:39.096000-08:00,2026-03-06T20:10:28.154000+00:00,-08:00,,,,,AF1QipNP0zRwei2-Jb3B-pWhjQk-CEuK4eO_jV91dBdY,google_photos
https://lh3.googleusercontent.com/pw/AP1GczPdfjdAHWZKj7AgrdrtzGwV3iYYOrG5EpeQ6KqpcE9L06kv2WdVflOgKgUja0r8oec7ncS7Vq1tySGxYxjdtLOu6dSleqxNcevoIy8C_jgy51ypwn8C,,2026-03-06,2026-03-06T09:19:52.379000-08:00,2026-03-06T20:10:28.154000+00:00,-08:00,,,,,AF1QipPr0usbajDJgK8a99teaWMEhLOs-5Fsbu5Q3Z1e,google_photos
https://lh3.googleusercontent.com/pw/AP1GczOzrvxojE7xOVK9rN2Fnitf_TrXDDev-BpoAf2Uzof6CySlpeYTuN2SbZXBfWhh22a8Ht3krFpqDC9RKxIPNdh0i8hHARiXoRsGw48Kq4q6lWEapkoX,,2026-03-06,2026-03-06T09:20:02.173000-08:00,2026-03-06T20:10:28.154000+00:00,-08:00,,,,,AF1QipOwUAwZb6ADSqfww_l_bv6eV8qEAuV2YZVxH83c,google_photos
https://lh3.googleusercontent.com/pw/AP1GczMP5175WhAQ5qi6X0KyyUVvfcThoaVTg6u-PTGI_jp3C6jnLxl9eOZEDGRjeTwXkvw7lo4mdH3gXXPmuYQLCbBsKWhxUWfbi4jQGgACoYpyki0u6OfA,,2026-03-06,2026-03-06T09:21:06.942000-08:00,2026-03-06T20:10:28.154000+00:00,-08:00,,,,,AF1QipMLIuOLLJ9CrV-uKRGtsAZ-LzYomypYRVa14aah,google_photos
https://lh3.googleusercontent.com/pw/AP1GczNAvN3Qlx-DKxF82CRJuMgqPPJ-wCpOwSrjYsGsxwwPu8EzXEG8PoyGLkiUOqWufes74dldi0pjeNSEVeTL5qB6qQ8xxviioPt9tsmD9vdZ3iTW3cz2,,2026-03-06,2026-03-06T09:21:10.324000-08:00,2026-03-06T20:10:28.154000+00:00,-08:00,,,,,AF1QipMwju4hqnio3VurgaKRJGwsXf5fKxtwoUQ77fES,google_photos
https://lh3.googleusercontent.com/pw/AP1GczM19-_ZxfqBEjcKRBVPTWRFg1fsh8kxKV7lnVYUL1XOlCPke1fOpr7zz2-F4dtG_LS2kp0ElB26qEraRA5kbnc9jAYWKRUZHrzlnYtSTQV872eQhdkb,,2026-03-06,2026-03-06T09:21:13.432000-08:00,2026-03-06T20:10:28.154000+00:00,-08:00,,,,,AF1QipP408bF7DIuVnpJN1TGS65A2Mdj9FlJ1UD0M3Hq,google_photos
https://lh3.googleusercontent.com/pw/AP1GczNMcCLcmB8-s0H0ZOXBoFzupxdh3zjSyVGHPd8SBZysuPcwVgwQedgtgY4A8VKeTEFmu5WKUqXK8L09IRpc1-8hRAn2o6tT8vX9h5aT8thYYhRoXnR0,,2026-03-07,2026-03-07T18:21:01.707000-08:00,2026-03-08T02:34:38.826000+00:00,-08:00,,,,,AF1QipPoYxURwE0nYQqKywP9R14wWlq9soonHoWhUwRq,google_photos
https://lh3.googleusercontent.com/pw/AP1GczMMk-MSkfnHEJYNOQjqHEOGQNQZt5z4oq6zW6RoBqBjhs7Et3xRttID5QkFPCGHwADXjsfruNCrtVrbWtrqugQhf4qr-s743UaIYZSxMeitrbFb7RL6,,2026-03-07,2026-03-07T18:25:14.371000-08:00,2026-03-08T02:34:38.826000+00:00,-08:00,,,,,AF1QipM2j0757RK-XwOzvYgMrMVHmjBMd19lSimJCS-p,google_photos
https://lh3.googleusercontent.com/pw/AP1GczP5Q7ozGB16P6cABj2fC4k_ApPd--FfOSw1GEUhjeSbsVyy863KVUKGiF8kYoIZ6SXfRT9xfkzWK-B2Q5EC-rRoJiSAJ_M4Qzh2RGhY-LIhZ9DrscEP,,2026-03-07,2026-03-07T18:25:22.623000-08:00,2026-03-08T02:34:38.826000+00:00,-08:00,,,,,AF1QipPqQQJGVQjaBAmZo_UfKd1c2BLCCzJqokYh7QKI,google_photos
https://lh3.googleusercontent.com/pw/AP1GczMKevU1YVCbK6BD7DQtVbHp5-99u25X6XgLGIX0ApvAXCSg7tXE3V4jIr7WS3PdTRMYC17_T2M5QHAy3omy51oQW_tU738KA5p2J5-8NYBoFUn6qqRq,,2026-03-07,2026-03-07T18:25:24.166000-08:00,2026-03-08T02:34:38.826000+00:00,-08:00,,,,,AF1QipOHj6ISbQRphljiiq4YVGoea4IlthdM-7O2plcf,google_photos
https://lh3.googleusercontent.com/pw/AP1GczNsxwQ2JCd7IjBlkfKBmwMdTl5_B3HOQ4NJVy_A8KF0mrSmYwZBEmd6q3hKYhkTDDKazJAPSG-yGIsZjCTCbA0AXZFIDLZeXgEl7qXukSQkV5z-1J62,,2026-03-07,2026-03-07T18:25:28.745000-08:00,2026-03-08T02:34:38.826000+00:00,-08:00,,,,,AF1QipPcKhcZ99vktKKiXzfBK6Uqun3D6lX0lq4ApIVS,google_photos
https://lh3.googleusercontent.com/pw/AP1GczOCrjIVOwxHZussHo-CF1LbPhFFijhlq0lHTSe2g2Zv5jxge-zJt5gQuTjE8WUtk6e4yQcBHqXf5t2D4aB37ULggf30iw3ZMwAjWQB68-v1e24RBcKC,,2026-03-07,2026-03-07T18:25:33.250000-08:00,2026-03-08T02:34:38.826000+00:00,-08:00,,,,,AF1QipN3AQwMJeUuR9DC0J_gi1eMaKy9EyI4OjBpN6jI,google_photos
https://lh3.googleusercontent.com/pw/AP1GczNIUM6wd1Cnj7ioLx1wmakbEsnwTpkz6FH5rZ4rf7HZya-zOyipMiTjuIdPfBs29C1dAnidrUuweoYjlE_-_uUIcGy_viDOW94FPS-9yhuTGa66FT6Y,,2026-03-07,2026-03-07T18:25:38.905000-08:00,2026-03-08T02:34:38.826000+00:00,-08:00,,,,,AF1QipMgYhjP5YYDwdEu6iWdaCXKuvbqw6v40GCrgGqi,google_photos
https://lh3.googleusercontent.com/pw/AP1GczPCZbnFITfv1AGOhGJH3UGnx6UkRt7EJ-CqezL682i0rrx6unlbfzqJEucbMIn-cDQZelPuewtTidgoVLnrVMXh9QiURTY8GGvMlVBorwk2QWOJVhzI,,2026-03-07,2026-03-07T18:25:44.618000-08:00,2026-03-08T02:34:38.826000+00:00,-08:00,,,,,AF1QipM-mssgk7jWFgaig81mZSnGt1r-D9_f0z_xhNf1,google_photos
https://lh3.googleusercontent.com/pw/AP1GczOiZjKCUp5ZFKuN4bN2QQMOohUpV8niunAu7xwTZvKBuTqpLjR_uZG4D2KvAARNjW3x53RjSONZgOTW83ZZWvvKvWkLsEpNuTO6Km0fCdTKuv06KgKi,,2026-03-07,2026-03-07T18:25:46.051000-08:00,2026-03-08T02:34:38.826000+00:00,-08:00,,,,,AF1QipNSl22roFmZinoz1TJQ1TbyWlfL4ztMyZRXpJ-3,google_photos
https://lh3.googleusercontent.com/pw/AP1GczN7hqTCEnuzRGE7XEHD2qa2GB0XNG0Sdz_7luMHBtN2m2fnWH6y_gt28THbdgXjTNy76jiqQvKjeHV64EZhdveEDAqKAcL5GCy-0v9cEKskxPRiLqPl,,2026-03-07,2026-03-07T18:25:53.159000-08:00,2026-03-08T02:34:38.826000+00:00,-08:00,,,,,AF1QipO3Sv9VTXp38HQrgAg5znQ521Rl-FgCP2HeDis9,google_photos
https://lh3.googleusercontent.com/pw/AP1GczNK92R4II0zko2TFSf0bf4HIuvky2Lsq4pDHhbWUkoTMl5r5wSZAS6bnHXA-9yo6bUqvEegB0DOZZ1Wvw5SzjSfH07tKrK3zb89YmNS8-W7PXxCRoIg,,2026-03-07,2026-03-07T18:26:00.485000-08:00,2026-03-08T02:34:38.826000+00:00,-08:00,,,,,AF1QipMhjB5MMfC4JelpWyIgIs7V56YWh7qf68M6oUrn,google_photos
https://lh3.googleusercontent.com/pw/AP1GczMjk9d2PoQDuazKL669D_4W0FUddya5EwuBmOfGYFAohi2svlryjrQzbXG_K7H9-h4IS_yvrjolo5X0GO0yMWZzBeYFIgGqRGh-hm6v0sPflQmlL-yp,,2026-03-07,2026-03-07T18:26:08.751000-08:00,2026-03-08T02:34:38.826000+00:00,-08:00,,,,,AF1QipMrwAX7NaLQAorfRYAl-wXIgvLImsU6_lIgK87h,google_photos
https://lh3.googleusercontent.com/pw/AP1GczNbhKPP-Kdkf_s6w10s-ejv7eOChXP3ii3AA2wXtEXNjuQybFKJaVdSefF7e7f-EpfxpLWPnehiGU1sfDesBwB86Xu9kIvHXNmShcUEF73H5ixE1HQG,,2026-03-07,2026-03-07T18:26:16.420000-08:00,2026-03-08T02:34:38.826000+00:00,-08:00,,,,,AF1QipNqBt_HLiupCzP28th9wg9HnBzPaSlWgCeQKhKG,google_photos
https://lh3.googleusercontent.com/pw/AP1GczNfu7tSVrzT4fnTEcmnxFBw9_yVO1n2Ffthide_lfnK-CYBQBH5rguh3iPabNBF6pzgA-Yx9Dc_r-EFukfucCLeH4UCsZ0hYowfOSQBB5IOGJrNqH55,,2026-03-07,2026-03-07T18:27:14.076000-08:00,2026-03-08T02:34:38.826000+00:00,-08:00,,,,,AF1QipNrUDoNP_bJmA0a73FuZs4xLvw3xdHI_SqlE_U1,google_photos
https://lh3.googleusercontent.com/pw/AP1GczMyi8pEHPDiXqLo-cGXifafOzv4ulae953S184diBr64873QMfQ0XBxbJjdge9GdhqwbDAMEbQ53dV5pJB1Oijnvd25r1AuMcleDP7nm_Dlrf_qNuNe,,2026-03-07,2026-03-07T18:27:50.480000-08:00,2026-03-08T02:34:38.826000+00:00,-08:00,,,,,AF1QipP2HbsVAJt6zgcyrXylVXOBEHcpe3H1oygVzgiO,google_photos
https://lh3.googleusercontent.com/pw/AP1GczM9fHkQwK0sk1k7xX5UMRuYMH-BX8NPq1yzdT4XIz27AeQp9QM5mNOpyedgmuFbCcXojB1eb9NCzcWN8jWi5p_njj4TlJCIYZBQAZ4Ad04Go-Iy19Gg,,2026-03-07,2026-03-07T18:28:05.452000-08:00,2026-03-08T02:34:38.826000+00:00,-08:00,,,,,AF1QipO-2uYiQiaTk0XVqDHL1rXYkRn_Ts-DrgPf2WOx,google_photos
https://lh3.googleusercontent.com/pw/AP1GczMYkF_rPKsc4-4obbwkgxU0IApd16ExVWCDtUTsEHMv5Y8Z855dsHXfSjj1F4-KiSFLO8PcV-tB8h6t6wtk3tVBR3wDICnFAsEFMqOYenWFelcuPcCM,,2026-03-07,2026-03-07T18:28:09.032000-08:00,2026-03-08T02:34:38.826000+00:00,-08:00,,,,,AF1QipMbvfwsCvDR3eJ86jAxI8DWUQ-AG822mU0AS1B3,google_photos
https://lh3.googleusercontent.com/pw/AP1GczNkkBuDimCQ1mUhbKi3GTl02WqKQcN4gUBRLPYuHx1FHz0N8CkBRK71Gzct2AH6lh-oygA1P1MNxP06ENvhpTPGa_CSBAooQKq6LmSgRmPW6Nye4YZN,,2026-03-07,2026-03-07T18:28:15.588000-08:00,2026-03-08T02:34:38.826000+00:00,-08:00,,,,,AF1QipNRpDP5774B7SrVP2qiMOJD6TiMokMIdS38sBYf,google_photos
https://lh3.googleusercontent.com/pw/AP1GczMt1lOK-n1v12lqGHZ-YDoWtrYIynUDms2r6wLNMNcstq0BufdxamdVhrZr4BrMODdAJ0UYFnBMCb2RGpY77gJZp1nDbNI_OQst54RGJgv4UzFRp51R,,2026-03-07,2026-03-07T18:28:24.683000-08:00,2026-03-08T02:34:38.826000+00:00,-08:00,,,,,AF1QipNeHtXqma5P840yFefLpGv4W7FtPRMngq45tJ1Q,google_photos
https://lh3.googleusercontent.com/pw/AP1GczNdldXFbWWbA-Rp6eSZsLLJRLiTMezRtVKcFKeCatJ5o58yxXiDeMeVIoNTVFLCRBDbHd4TY3Lstzln6gDdG4ucHozn90bh-m7PLvsbBvf07EsiGIZq,,2026-03-07,2026-03-07T18:28:27.790000-08:00,2026-03-08T02:34:38.826000+00:00,-08:00,,,,,AF1QipPoylMVkl4SKVVI2f4b95Xy7k_A4PRfBGGcR0Om,google_photos
https://lh3.googleusercontent.com/pw/AP1GczMW1WIn8VJMGT-6A4RQDxoFbK4oK7uGkKL6kRhi3oBT6xawSR1jSyFszR37NXfvIV6wiI15Y-UwnBjhvNVUJFgGlUxWzTMQQnWeZPuqGZ6PwdiTn6MS,,2026-03-07,2026-03-07T18:28:39.523000-08:00,2026-03-08T02:34:38.826000+00:00,-08:00,,,,,AF1QipPtsDXw9nAn6PQJed8-870uUELpIK20wy9zalM2,google_photos
https://lh3.googleusercontent.com/pw/AP1GczPT8NFYfLpFDkb4gIlFvXdGjt4We0dSPJ9Kvg1Xs7lqCfB0t92mwImMx5EzS-wPPSBkmVajbYd3ilVHfRmNphe4vlvTirkR9kOgNUmCCNdw_G_hYzOt,,2026-03-07,2026-03-07T18:29:13.528000-08:00,2026-03-08T02:34:38.826000+00:00,-08:00,,,,,AF1QipPTt3tVJV6QFM2Rh8sMOt9jzir-YHZOwaG9s4H0,google_photos
https://lh3.googleusercontent.com/pw/AP1GczN50N8o0cg5BwFVJkqBcxo4JJxu14l-VW7lU3Ge_52HQZuo5k5BUvKmwfBoY560wGWPbX7jZNlXdTjJu-8qEwM3cxyhczKlSSB7SxvWK2t4uxbQByJ8,,2026-03-07,2026-03-07T18:29:19.110000-08:00,2026-03-08T02:34:38.826000+00:00,-08:00,,,,,AF1QipPub_F9O6UwSyEzC4og04VqypMdCosstQSRxgRj,google_photos
https://lh3.googleusercontent.com/pw/AP1GczPGJaB85VCOk0nRN1K7pCOBqYRdEqX9HTfHN7YDwboWqsdd4iGPQXrL95LTklwnHoUxzb6pFJbVB8p3o4fsa4fSzmPqPJ7rSlFnFb4hw5hUZGUGJQe0,,2026-03-07,2026-03-07T18:29:42.385000-08:00,2026-03-08T02:34:38.826000+00:00,-08:00,,,,,AF1QipPFlfvuzwYPGUZfe5fGeCyptwN56QrJLGnMOXtP,google_photos
https://lh3.googleusercontent.com/pw/AP1GczN0-EHb1sus3j9eGUAWPzDkEcD_xgwh6KSL6ynUiCJb3n_XT_N6yXxclL4EAW1naPF9KM2bBpzUWuJx5sFS-5xlJBoKcFQoCeMR383Z2LeOEYY15EMl,,2026-03-07,2026-03-07T18:30:23.628000-08:00,2026-03-08T02:34:38.826000+00:00,-08:00,,,,,AF1QipMgl4JPkK1aw46et2Ztz8FDizxuANYymLj25mQz,google_photos
https://lh3.googleusercontent.com/pw/AP1GczOnDPFFWsmMwhwKy26XDvxUnsCDTPxoiPHIUumU5nTomY63IYyfX4vhx9dr_QYWRquh86OBL7a3b71Pe8T26o7AH2rQ0V9tVV6oBDlZj1u-Y6Oe1x3n,,2026-03-07,2026-03-07T18:31:00.127000-08:00,2026-03-08T02:34:38.826000+00:00,-08:00,,,,,AF1QipNjC8t9uBMmiDiHaUXQpWvdN8Jhrq35PPEmM5rE,google_photos
https://lh3.googleusercontent.com/pw/AP1GczPghvSUjK-QDmpAS9sYcvCwF8yelset2E3Sr4NX0boRZ1_TYGM4YYpCf8xr_iLLlfBzSMJej6I5E049ROItR37xmMzS7d9qLJ249E_HDljjtIC_OO_9,,2026-03-07,2026-03-07T18:31:05.376000-08:00,2026-03-08T02:34:38.826000+00:00,-08:00,,,,,AF1QipOyILI9Be0o2kJMvg7vvChDEbDJULy7Eky-S_me,google_photos
https://lh3.googleusercontent.com/pw/AP1GczMua7t2XM-1FX0x7gnXy_wNwOIta3BHSMSkcbc2TLV7-AmY9e6BaD39ukFjaWCcZjyHUuWf0GP00aAr4fFAochhcpt18IUW7FhCmo7rjN5ijF5IPyHV,,2026-03-07,2026-03-07T18:31:11.760000-08:00,2026-03-08T02:34:38.826000+00:00,-08:00,,,,,AF1QipOljnRt7U3mHeUzwfBqEYihuNxZgOmna1lEexKs,google_photos
https://lh3.googleusercontent.com/pw/AP1GczOHyblUyQSD7FKJkM7uS_fZhFtzXqav1yEOUw4vPa_5RLhDwYel8sKB4TIBJhARlpAQJJgyJzrrsycymj3nYaH0F3CqVyNSlR-9ZCzAuj2Mr82R6gPv,,2026-03-07,2026-03-07T18:31:14.405000-08:00,2026-03-08T02:34:38.826000+00:00,-08:00,,,,,AF1QipNhFn3MMIZUXBgKmxr2U4y325uXq45lz6t2qbLK,google_photos
https://lh3.googleusercontent.com/pw/AP1GczPjjbnIv6ydv2cigABCUZXxtgg0u-02yy7zBpkPb7X70apiMNR_kQGT-ZO_BB2b0A7moSHP9hwnDGvtvhiK2sa4ph566wQQmuP3o33MwmYo0w2kzJ2m,,2026-03-07,2026-03-07T18:31:17.176000-08:00,2026-03-08T02:34:38.826000+00:00,-08:00,,,,,AF1QipOKBVMxQxu9LXxjXXHnEqW737zevXfrkZZvU3jt,google_photos
https://lh3.googleusercontent.com/pw/AP1GczOb5h54xTQd6vamhNXFFFQ4qffnp2qYRzlZwZDwyDUIigtGKd_tIU5zvYwaOlu7fy01tqnFzVTNiF3hh8Ud0iRHheClsRUoYO34AZpSbLmSY7A5gY5f,,2026-03-07,2026-03-07T18:31:18.838000-08:00,2026-03-08T02:34:38.826000+00:00,-08:00,,,,,AF1QipPLl2SZ8SgJ6NVDVJC3fJrtNCXrrApYPEys6ICC,google_photos
https://lh3.googleusercontent.com/pw/AP1GczNlFxaQr1vswxKza6zmgu8ewB-M-fGNVyzq31fXHd_43OjysEqOJJPJHWPO_WAvml9JceFt2OyawxaKiQdJjrj5KTo45HpMKFnXZ0RlTdfVeJz5J0Kk,,2026-03-07,2026-03-07T18:31:21.157000-08:00,2026-03-08T02:34:38.826000+00:00,-08:00,,,,,AF1QipPiyPWLmyBY6_oXPOT6MoYmOAGGf2ZVqXv-ckF2,google_photos
https://lh3.googleusercontent.com/pw/AP1GczPDoogtR1qu9R1291XTBZblVZ57VwhCjDdmrYWCe2k01H_eTOqCqZg2U9TInW07uIWClI5uqcLk1KZyrlKJI4dTj2oqeUeThKeFX1Ha7IbTWTM4j-ga,,2026-03-07,2026-03-07T18:31:22.372000-08:00,2026-03-08T02:34:38.826000+00:00,-08:00,,,,,AF1QipMh4A6suTsAQUYjazkAsN3J0E0VgXlQLL9xSAJZ,google_photos
https://lh3.googleusercontent.com/pw/AP1GczMCTMx8PRfrmRsIbMTXQfZBYBBxqduwR303iAJxuEFTyR9D7l9YXACb2bTXX66C3KY81HF2Yf1R_55Zos6BwhxKRukvua3S9874fGWcwC5hknEfeJuZ,,2026-03-07,2026-03-07T18:31:28.458000-08:00,2026-03-08T02:34:38.826000+00:00,-08:00,,,,,AF1QipOPNLGtbCbciVyak_5KfdiLKRaLtabVJ_D44lu2,google_photos
https://lh3.googleusercontent.com/pw/AP1GczOeC-IbMch0nn2jkrpakXCXxUTzrtyZSL_woyyruJxuJ5JKgUq2GN1wy80GNJd9qOSPkwOIJ2HYXC7AKXNY0RRhkxDroG3eF2xrIZNPgX9BNdWKVGmP,,2026-03-07,2026-03-07T18:31:32.489000-08:00,2026-03-08T02:34:38.826000+00:00,-08:00,,,,,AF1QipMwS93ANVnypNEi3IdSduFiIWEImkt4-RydIbJf,google_photos
https://lh3.googleusercontent.com/pw/AP1GczPhwR7w1hk0a5JUICn7RQ2vDpIdR7xslVvjXmcyMxRYmzMN_Nn78XGZPElQwN-FVYDpZuPM4kGRcDq7-lHopqYiUI6DkleAaiNRMmed8ngK52_tIwKD,,2026-03-07,2026-03-07T18:31:34.117000-08:00,2026-03-08T02:34:38.826000+00:00,-08:00,,,,,AF1QipOuich-SIGirGToY08As0e1cN2bBaivIsObAbmG,google_photos
https://lh3.googleusercontent.com/pw/AP1GczNmjUsabDqtalxmKR2bTUUoy1zCwfuA2bNmfZ7JCgprdKgHXjcKLGcjGkh59nH1k6PT1TX5uj_wxapu4ksLvd_MLg8rfuqf9Q077wdbTNzk9NKAbF3D,,2026-03-07,2026-03-07T18:31:42.092000-08:00,2026-03-08T02:34:38.826000+00:00,-08:00,,,,,AF1QipOox1nU38SIDHMxVVaR2TuMZ3YirXoN178fyaax,google_photos
https://lh3.googleusercontent.com/pw/AP1GczNqJ3LNOjj0D3uUKGBAgRoHZC6GNOVNAkQ6tsE-0UfwNxDcpWEDFk5Rehy-SVTxpnFmO1YT_BnYHoPnYum_LeQ_dhGp8Nr0fD3RGXz1ojfQjBmoNte4,,2026-03-07,2026-03-07T18:31:42.403000-08:00,2026-03-08T02:34:38.826000+00:00,-08:00,,,,,AF1QipM7F9e-iGikYb5IMqRb6ogYl79TLZdwb8hOuz8o,google_photos
https://lh3.googleusercontent.com/pw/AP1GczOwKt9aYz7QXhUxOhXLBAU5AA1kAbCdFLdsqnwY7EcUu8qOcdm-26Y5c_aJmNg4K65Fu5XRQeiYeZJIqfwU-of98wZWQlJdFbHBynL_ssymg3h-04Uz,,2026-03-07,2026-03-07T18:31:43.991000-08:00,2026-03-08T02:34:38.826000+00:00,-08:00,,,,,AF1QipNqRcP9ZO8m_374TxoUoKXZVfDrRZi2m7Kixq9N,google_photos
https://lh3.googleusercontent.com/pw/AP1GczOP9cDVbKYFX3uWu3TfgQM9pIJt5CqCL1nOG0rxvpkWd60pOavVPu1nWbtYpNuVGUhuZM5qAQW22d4Nk5ObcQ_8QZOIhFQjP9SPmVmO-SixGKJFq-Os,,2026-03-07,2026-03-07T18:31:45.325000-08:00,2026-03-08T02:34:38.826000+00:00,-08:00,,,,,AF1QipOwtArVce7-HoPRrotDaHPowR-arJzVPlTxF9wg,google_photos
https://lh3.googleusercontent.com/pw/AP1GczOQQx1BLcX0aTX55NzVvppyLL9vkUy7wbduudrbO8eg1kAFP5wi5CCsWroqWtbd8GkgfXD36bEVsjnbvteb0lKu66p913vHhECRgBgBJfUaV5V-O4LR,,2026-03-07,2026-03-07T18:31:50.207000-08:00,2026-03-08T02:34:38.826000+00:00,-08:00,,,,,AF1QipMD6Q4zhJt9kxvrI-qDGw39uZLktEHOlQyzyOxE,google_photos
https://lh3.googleusercontent.com/pw/AP1GczMqpCPzFsIX0vyDRs9vjZA_cpk25EoRrmyq9W-VFlWQ867-S0luNUMtlsnDYitOyJ0H2KEPu5L3P2pvdCzGnov3zSVeSrEfi6W6_YR91txsApSzV8gT,,2026-03-07,2026-03-07T18:31:52.461000-08:00,2026-03-08T02:34:38.826000+00:00,-08:00,,,,,AF1QipNH9ejy2yN_E-2wsTgXlkIq6YsIopY7eWkwAroS,google_photos
https://lh3.googleusercontent.com/pw/AP1GczNh5SQWGfpAUCGm8DtY2MN-I2x8N0omRQcYa2S9VfzpWHr2lbsc06GAGgq_JmyWIfHjdinwo0hhAgeethr2RuDr7imPkgAzYECO_9L96SfJaJVQKSHl,,2026-03-07,2026-03-07T18:32:02.292000-08:00,2026-03-08T02:34:38.826000+00:00,-08:00,,,,,AF1QipP_mYoIc0JxkjXIA30xIJ6mjJ610byunGkPzEgH,google_photos
https://lh3.googleusercontent.com/pw/AP1GczOTzLLqUsRIWSUsMgAq5439GwRROPUT6tl3thI8Ap4Z2JGLYkmfPW6yH7I7OUvs5JxaZ3m6Ac7gdr6RyiWlbLfbUETvSbrbZDJ_uC1O6QzqwXPzdJyE,,2026-03-07,2026-03-07T18:32:10.264000-08:00,2026-03-08T02:34:38.826000+00:00,-08:00,,,,,AF1QipMSbyVYMJh8Pw9QuJmMXyBaG2T9kw7MZ9LeMqV8,google_photos
https://lh3.googleusercontent.com/pw/AP1GczMx4tasUxOCwU27hug3xh8ZUNeVnmVcE4CSCRIRDOiuJ5BzjtXmX1-s7H_s0IBhktdMoMxiCzf5Vx3qZLgb5RmV749ZHQzr51wQFJQzPeWiy2pSS8ne,,2026-03-07,2026-03-07T18:32:12.155000-08:00,2026-03-08T02:34:38.826000+00:00,-08:00,,,,,AF1QipMTKOquwRfGxjIrm2ORHl_W6OTInxn3yx_w1jGU,google_photos
https://lh3.googleusercontent.com/pw/AP1GczNkfdsB1NdXp9EfIfx7n3vJchtOSJKwhw_49REybzEuMUcnU1IdkbS9dbTh5zymqIvDoDWZ8k8gVo9wJxclJ2Q0v1VUIY7GZtf_N9YH6gcfwiQzKT2u,,2026-03-11,2026-03-11T09:40:46.285000-07:00,2026-03-11T16:55:22.568000+00:00,-07:00,,,,,AF1QipM3SQB7-6uddH56hVUC9pAPbi6rGebeje4WbBdk,google_photos
https://lh3.googleusercontent.com/pw/AP1GczM7iRcuwP2N1DkDD3FxgtZzS1758xUjcMpszBTDfePAMCdHgVxSq69IzUtNhOFRvmhq7zO3W1hZShqOo1YSlKWteiXYoeoJRAfKDwQ8s_nOE0L948ei,,2026-03-11,2026-03-11T09:40:53.994000-07:00,2026-03-11T16:55:22.568000+00:00,-07:00,,,,,AF1QipPWVGFvcyIs2zcZa66TOcrZdhrpPzTb5jt_oPQk,google_photos
https://lh3.googleusercontent.com/pw/AP1GczPtPvSErb6CrsIVDgipA3GpASWLUMAfM6h-qjN-ejX-1o0JEF236SB0057JqsiIC-rHKJJIIeP6u9I1uieBVLXYJ4eMG7UcROIphfgmqZqJKaogQtsL,,2026-03-11,2026-03-11T09:41:02.021000-07:00,2026-03-11T16:55:22.568000+00:00,-07:00,,,,,AF1QipMRHF5v4p8ZyaYStSKU3X0GFWeOWk2QmC8eROc_,google_photos
https://lh3.googleusercontent.com/pw/AP1GczP1Iy1K8wXUNhzUdhMm7CUOJETQ2Xgy_HiCJSY9pysSovQl24SLGXNDvJ9yYco7CWUQ9lvLUxV4oglQvbuz6zNF-T8dCrSWk37IQ_zdarTzZaq_Raqf,,2026-03-11,2026-03-11T09:41:13.056000-07:00,2026-03-11T16:55:22.568000+00:00,-07:00,,,,,AF1QipPTGXQz_qzQvx7dGczyaadsT6nfDoWOX2Zs3E_d,google_photos
https://lh3.googleusercontent.com/pw/AP1GczMkw9UGV12eGfIXDBLtnoaKnpTSknS4A93x7hq1boCCBSQYr1kJea5ftn3FdDX_TJErEW-a9n1rF3-eApBaECvQOQfFo2NGAJiiZ7mIg3JAZlJgcQ3-,,2026-03-11,2026-03-11T09:41:24.850000-07:00,2026-03-11T16:55:22.568000+00:00,-07:00,,,,,AF1QipMsOFuYy_HglsNqohTBoXJgXg30f9AqeYuLi8En,google_photos
https://lh3.googleusercontent.com/pw/AP1GczNgjn81l1EVBgMkyRswMfSvZ-o2xLPie1wRywBny3UVnzuj2wOxKpP-_Rsc6eAihBgEBHp3mAKhpc2oJvUQIrbXbbiFzTPLojqzaK1vPWUjRj_nhC_O,,2026-03-11,2026-03-11T09:42:19.818000-07:00,2026-03-11T16:55:22.568000+00:00,-07:00,,,,,AF1QipOs4fp4KOS2Nlg2Dnb9tFVlNow50tFZcOybDCd4,google_photos
https://lh3.googleusercontent.com/pw/AP1GczORy21Kg80nkvMFIJLSwORwtJ3z7CjrLsOKNcknsW_jgzkPH4Xeja5ou5Df7I_IByJOc6Yg1md_2vwK4Oyl8Eov_y7GjbEFyVUuU98aka2SGRtGcMPC,,2026-03-11,2026-03-11T09:42:38.747000-07:00,2026-03-11T16:55:22.568000+00:00,-07:00,,,,,AF1QipMPEGtr2PizZd_5KSsG4RdiR7zmzho6h1Pj5pqP,google_photos
https://lh3.googleusercontent.com/pw/AP1GczOzfS3oYzagulDYD6c2VP6QRLLkcONA0PY7JZfd_75R9yU5_U0UETPxqskHOx_7K9BtRD60mNpMK41mLZxUpKJdKrzNkynJXbt975AqzKyMpzL1dYUT,,2026-03-11,2026-03-11T09:42:45.754000-07:00,2026-03-11T16:55:22.568000+00:00,-07:00,,,,,AF1QipP2c5W6eDvXk1j0mcJclIl4kbXIYEQAXlUVOslu,google_photos
https://lh3.googleusercontent.com/pw/AP1GczMawlS_a1hf3rIkIxhy4wzxu4-tfLQnXf6yhDnUwqrE_jWWraJJUdw40K1woEBAOEXM1RiJn_3LeGrlvYurvc6FwFc4hv9z3XzXJHWi0oSVwltZZYoL,,2026-03-11,2026-03-11T09:43:03.545000-07:00,2026-03-11T16:55:22.568000+00:00,-07:00,,,,,AF1QipP0I6pITmxKH5QgZOss3HAJ2nAxKMLAhTEDRmtV,google_photos
https://lh3.googleusercontent.com/pw/AP1GczNX6-DzOjYTJOk3SWrf44P1u2Rudda8nspQ5CcDq-u-6HkOErbFlG3uOAWnbo8rkoY1U6JO2D9uVJ5PynJvbI8B9pY8xwyH-9hTFYiyRj5PoZ9MVOgT,,2026-03-11,2026-03-11T09:43:10.775000-07:00,2026-03-11T16:55:22.568000+00:00,-07:00,,,,,AF1QipNrbdcWr2ieP9FHx0NB8hxgBx2U4kYKjx7nfm_9,google_photos
https://lh3.googleusercontent.com/pw/AP1GczNlFHPn7dzBmjUgVzHHu1Dwjl9X0HWdkF98v5Nmsk0VvT5aB5YF01IpPIdpY8X6SNvACoKWujjxaCIygohzzb3gHfKcVxbnY10hf83anMa8cztc3GUH,,2026-03-11,2026-03-11T09:43:17.157000-07:00,2026-03-11T16:55:22.568000+00:00,-07:00,,,,,AF1QipN0TzFuLAJZONmxGpoliTaDx7-FYF5oOQJ--tZk,google_photos
https://lh3.googleusercontent.com/pw/AP1GczN06mVA3gSSr786HmbPWcb8JGgmdh-zvSE5XYny0V2mAOzhm8WwSg7O6LBhdWMcoDbtMA0GQCt9J9ya32HwgTvncdHl_fhXR5e1eEshBEUgcsChctVn,,2026-03-11,2026-03-11T09:44:07.090000-07:00,2026-03-11T16:55:22.568000+00:00,-07:00,,,,,AF1QipOMFZBiSSAojmC0MBW1F06JB_Su5YxZIsoGjPnx,google_photos
https://lh3.googleusercontent.com/pw/AP1GczPk_BQUqBVvFg9o-A9_aqPmZF_n9yDaURBz1oOHE5Cx4pGtdbzLWdFTRiu6Ep0OpKac2dCIFDKLn95SdAK42oIoty5bzjOHFn7AeJGJUTDwulQ9rY5Z,,2026-03-11,2026-03-11T09:44:17.298000-07:00,2026-03-11T16:55:22.568000+00:00,-07:00,,,,,AF1QipP3XLaAOrlPr9gPTeJ_UXd2wlOUYO6bjQO_9ImW,google_photos
https://lh3.googleusercontent.com/pw/AP1GczPrF8RHI6uzQ9nPe_TkFJsYzC8nuqxCKmsQQ8OKHkci_zL8hBhls4NmiUi-fn5mbOBLfKOfANrO-eiBYIYPTWc-yZ6QOlMShtNUOAjuS76wXegPTNit,,2026-03-11,2026-03-11T09:44:26.144000-07:00,2026-03-11T16:55:22.568000+00:00,-07:00,,,,,AF1QipPH7kRII9ejSZD7qNOJpXAXpnp1gvIMPoOTn1d4,google_photos
https://lh3.googleusercontent.com/pw/AP1GczM1l2h23efyYOEpGypP_uL59JMHNgTUgfwt_Cm_Z-d_iQZgn9PgOwC4JqXZJcQ7tofxFWG0IyXl1dl8gMX9Td7dsKf6_uRSdkr10-ZZPhd26d05N3aq,,2026-03-11,2026-03-11T09:44:34.846000-07:00,2026-03-11T16:55:22.568000+00:00,-07:00,,,,,AF1QipNJzqqsYOTPlozy2BZ70dLA1zn6LxB7hLUundVw,google_photos
https://lh3.googleusercontent.com/pw/AP1GczOd0-3ZThrSAeZ-61fRrMNfnuhebb4mZ_AqYKHyBia61mtA3_3qoUnaZ9f-4BI2oWBLX6bAxkmF8lF3eTvEgyxelX_83U-BzlxSBo0_M6xGXr23k16g,,2026-03-11,2026-03-11T09:44:51.509000-07:00,2026-03-11T16:55:22.568000+00:00,-07:00,,,,,AF1QipMjUQ2wye2W-69Chl8sJYsTIdnNPMkTWElNX16v,google_photos
https://lh3.googleusercontent.com/pw/AP1GczM_SjkX87vC1nMNDgzfmy38pF8Ds3-4VwBraKBamDx51bpGnPppdMriaGtxS-FCjksQSuyKztu8Mr30jF9SWXLIU-zfCrUUif8FyPzFpIC2YO6LNEp_,,2026-03-11,2026-03-11T09:45:00.959000-07:00,2026-03-11T16:55:22.568000+00:00,-07:00,,,,,AF1QipNq8mzeuMF5iIL6REj5ueLeW10ppUy0jjJP1nC_,google_photos
https://lh3.googleusercontent.com/pw/AP1GczNs5pDop3U1dqx6WhH8BiOZWoNbYoh68kkpIpOYK4m5f0hvlbmOndS5_XV6JvXTCfxjkjQ6zp-eX5a20ZfhjkWuQd5oRsJDIVyepNOE7fDCDFDfjMH5,,2026-03-11,2026-03-11T09:46:05.782000-07:00,2026-03-11T16:55:22.568000+00:00,-07:00,,,,,AF1QipPaZOTo6UGdG7Xu1Q9IPF3DPdPF_evz74bM1ajj,google_photos
https://lh3.googleusercontent.com/pw/AP1GczPh7taTIHIJcnGA_Jv3hB0ra2bCDrt9r_HmIwnU75BsRRcjrllb_j-PbkyYBne2sz5WsZvhp9WNrP43tfMSBsmIh4o5dzsmVxURVIzN7IJYG6ahGoOS,,2026-03-11,2026-03-11T09:46:14.515000-07:00,2026-03-11T16:55:22.568000+00:00,-07:00,,,,,AF1QipOgIFZ9tBItB4LVsfNo6qyz6EMWOcJioKodQCfs,google_photos
https://lh3.googleusercontent.com/pw/AP1GczPW1i8kne41lngZAdk7n_YVSTRu3Wkr01NpoJMRrKF10aEBoNOTK2xaf11Dy5XNgkWW48JJqhTBiJ4fr66rM-jTX9CqRFOkHIo91-h9wuzLTBYQ5fpb,,2026-03-11,2026-03-11T09:46:30.843000-07:00,2026-03-11T16:55:22.568000+00:00,-07:00,,,,,AF1QipMyB0YYgkxe-Y8UO8qiLBqBMIkap-pAkL-Fajtd,google_photos
https://lh3.googleusercontent.com/pw/AP1GczNZ4HUHJPe27T1I-6WwU5feUftiYjr3gptsvSl2FdaEX4R6G8x7gY7UBGsT4pOklTK6abGabQ8jbnktFZDyAli8XM_t1hnOK2vOLFxa7Sg9Qe-_EhD-,,2026-03-11,2026-03-11T09:46:55.102000-07:00,2026-03-11T16:55:22.568000+00:00,-07:00,,,,,AF1QipM7ZfLUpNlD9b-dqZ-Jq78bm_6Pb13IRFSKL2ZV,google_photos
https://lh3.googleusercontent.com/pw/AP1GczPUD5iQUsRf4Hnn04Ah_hYXDzIPHlJNRKX_p3W-VAHxT2pkq0dhu5_g_fD-OsbZNKZxrWcWuTUBvNg87EH4wudm-bLgHKIRcfVFNN7nKNbopCK3pe3n,,2026-03-11,2026-03-11T09:47:04.226000-07:00,2026-03-11T16:55:22.568000+00:00,-07:00,,,,,AF1QipMCkmwsuqa3pYy5UlR5IDx-vuiUjmZnNkpH4-3-,google_photos
https://lh3.googleusercontent.com/pw/AP1GczOdXtRw9sF1kQPtv8b5rMcW2y49JQC_SskbjVZCkLgQR936gI9fgNJ8vSXxzPvtesSYkHGAO9c3SiA5ME4VWNNV-yaadFSrHMm37vkn0EIR0IvLjILL,,2026-03-11,2026-03-11T09:47:46.280000-07:00,2026-03-11T16:55:22.568000+00:00,-07:00,,,,,AF1QipOEEWa3kQCf6FT6eQgYgnX_Zo76_0kN-KGLqvLs,google_photos
https://lh3.googleusercontent.com/pw/AP1GczMOKksUETxIQBh2V21wqbPTq8k3iOw4vwL5Hy5w5qc2yPUF9hl-2eJAnU9iwEKE3-fyyOmxcO2UTfbVl3ZSJccN9fh8rwVKwjrHpv-vnbpeq1VEXOOM,,2026-03-11,2026-03-11T09:47:58.461000-07:00,2026-03-11T16:55:22.568000+00:00,-07:00,,,,,AF1QipM7_pMWVGTZ_xV2MSWihe-CnW8vzALixwAU7srq,google_photos
https://lh3.googleusercontent.com/pw/AP1GczMZldMQ3BvrXLu4pSo1sF5wWGMrvXG-nn4982UUpDDvSXP2nG9QWQjqBaYMJrQdCO5LQkrbQl1X9WvpJowOrZziojtUb14HV4IOuqUiGifOFgp1wBU7,,2026-03-11,2026-03-11T09:48:09.979000-07:00,2026-03-11T16:55:22.568000+00:00,-07:00,,,,,AF1QipPiFscP_XsoFilUeOdImxQeQECVqnAU4Go5M656,google_photos
https://lh3.googleusercontent.com/pw/AP1GczP8Xll61odEvCTFnow1kdgDSK2lnD8whdiTHi8bgHzKqOiAZpMmbz6UoiyFjrCdwoRoxl2rDj1MAJBjR1xvRc9ube_ZBmHmjWIohFRPn9US97dUIuL9,,2026-03-11,2026-03-11T09:48:23.836000-07:00,2026-03-11T16:55:22.568000+00:00,-07:00,,,,,AF1QipPkak4sddP9A5-TF5zVK5D6g7uVqNIJmV0HzlUx,google_photos
https://lh3.googleusercontent.com/pw/AP1GczPJWupQDYB42Vjj5Z1HcU1T5JDVqp5GN9KGsyRxcTGcZebtf00oWf1sUPt1xl56RrE8YdUkBx8y5tgj-x0QtUHjKOpSJa4gClWULG5NnFO4US8e1Rs8,,2026-03-11,2026-03-11T09:48:41.415000-07:00,2026-03-11T16:55:22.568000+00:00,-07:00,,,,,AF1QipNg73hgujzaXFZR847_QcKB_bArbiO_KE_tQDYh,google_photos
https://lh3.googleusercontent.com/pw/AP1GczOP0L1THnysd7Ca4sieY5XPYF2-sgC7wB3Cz_rppi6Ku7tJi8EIVa1H-E3_QYoaaye6eFPAXJosglKtfYq3aEt3BBMTlKFg4bG1vDjOUOeSmuOS2z0h,,2026-03-11,2026-03-11T09:49:22.315000-07:00,2026-03-11T16:55:22.568000+00:00,-07:00,,,,,AF1QipMtyrSnEhCNZ7lOhmdDcmkOLKpvFv_Kfdzxj2eg,google_photos
https://lh3.googleusercontent.com/pw/AP1GczOyU_f_kJw6nKrNTljD6Muapo6FBN_Xb4ZbsXpcdFEFTI0O3YRHrmInkvmnZaYmqfoPI-VLvPFwjLK2wNhZVPadxEEfrom8FS660Dnsqq9XaHxR6NOs,,2026-03-11,2026-03-11T09:49:33.873000-07:00,2026-03-11T16:55:22.568000+00:00,-07:00,,,,,AF1QipODhpazpBAnFPY64_AdtG1H1smJeDSckRie6i7-,google_photos
https://lh3.googleusercontent.com/pw/AP1GczOe2AFDHW1VU2N_mZf-FLLRhb-7CSp4yLbntCC8fwX4oM3B6kMI_dgVQrT0gq6wHiFNoIjXxr9_G6wVXcjIl1EoNJvpqcD9S4NUjnbQWvt9CZ4YZXwj,,2026-03-11,2026-03-11T09:49:44.296000-07:00,2026-03-11T16:55:22.568000+00:00,-07:00,,,,,AF1QipNlu1ohiyTrQkbVwdijteBJv-ABufY21PPAMjUm,google_photos
https://lh3.googleusercontent.com/pw/AP1GczPrFsY7G7KPfEsYJ49bamMKU3UjuLCFXMjmAgAwEVC_YXzYlqm14JFMSiZFzg39uhHuPIgNM7os0wXtnJrGFi3NlOnB5qlO0JiTkxM0TwDgyJ3lLort,,2026-03-11,2026-03-11T09:49:55.410000-07:00,2026-03-11T16:55:22.568000+00:00,-07:00,,,,,AF1QipOsNhzmbFuUwXY3oplQxZUtErfwJlIUC3OBIs0F,google_photos
https://lh3.googleusercontent.com/pw/AP1GczMnqfV_qIKrgkFVwFZMoVqqcA7XV61u6YlBoaUNRX3-kjvA6_1vuk1hN4HlEheHSOJuimCQlpULxxfCNHSRGHj3_xx3uS9BDs81iSFMNavf5Ztc0zOC,,2026-03-11,2026-03-11T09:50:06.619000-07:00,2026-03-11T16:55:22.568000+00:00,-07:00,,,,,AF1QipPu7gHVsU2gfK3RC3TBy5eQ63UUjRSSjy7SOZvL,google_photos
