candidate,run_date,row_index,source_asset_id,expected_pot_number,detected_numbers,detected_count,match,image_missing,ocr_text_preview
baseline,2026-02-28,59,AF1QipPdG_T6UaPwBUD1RGWtW2icgq6HQUXJSBMzrBw0,1,"2,4,33",3,0,0,"Ws fa bey BOE Ss yor"" WY ~ Bes eee ey 0 ad, ae 2 Xe FRayeSaecre et aN NCR AL BO RFRA Ty ESE , REN Sy RG od aS OT ARNE OEE Pie a ace he Pee RT ark. || eh ait. oo ren my ty y > ee nt"
wide_lower,2026-02-28,59,AF1QipPdG_T6UaPwBUD1RGWtW2icgq6HQUXJSBMzrBw0,1,"2,9,4,6,7,5,3",7,0,0,ST [2 ay Pee SS +: se| eA rae oon 9 {5N bss X. tase” Boccia? AN GEN ee AEST CAS dey 4 wt ae: BAA oe RED aee aXe ae PEEL GCS | ae EF ey sy a enk OMe pose Pe ee? et Sr “\ pay yeaa” -
center_tall,2026-02-28,59,AF1QipPdG_T6UaPwBUD1RGWtW2icgq6HQUXJSBMzrBw0,1,"7,4,3,2,38",5,0,0,"— 7 on “NAT NO be wee oy 4 > : = i) § j i) aN * \ —F (x enh p . 7 Pht, YA oN TE a Ye 3° oD Neg Re CaN wd Ny RO Pie eG es SESS a en ee . fob coe acs OOS BE ESE, OS oa ata aNd Se LDV"
left_tall,2026-02-28,59,AF1QipPdG_T6UaPwBUD1RGWtW2icgq6HQUXJSBMzrBw0,1,"2,3,29,5,1,33,6",7,1,0,"ei Te - * Aw NAN CON pb PP “<2 — ‘ : ? We —s >. os bes _ "" a ve EF as oe ~ Sgt wie PETRY OBEN | ene \ rae) el pt . fat te aod “> far ants PAL pata 3 SOAS es Na AT x ae LA . 7g st B"
right_tall,2026-02-28,59,AF1QipPdG_T6UaPwBUD1RGWtW2icgq6HQUXJSBMzrBw0,1,"2,7,5,3,33,4",6,0,0,"me At: bt ¢ ~. |g ae as rn SWids Noosa i BA” 2 7 ee NS a %, gaeest AN whe’ rae eS ¥ a fett Nq co NTA, RIAA NO LS », ws i WS AN Co, SAV fan “- SS med Ee Sere } a Cee He een ; a Si A"
wide_tall,2026-02-28,59,AF1QipPdG_T6UaPwBUD1RGWtW2icgq6HQUXJSBMzrBw0,1,"3,5,4,2,1,7,23,33",8,1,0,"~ or ON ee er Ne ares a) = J oe ee eg eee “AN sy ape, aT, {- 3. we . oo . an . “ os Na at ane 7x \\ 5 . AS i, See ; “oe ok nv ax ate an Fat > oo. e| raXDs. N 4 . an. i 2 Eee Wee sa"
narrow_top,2026-02-28,59,AF1QipPdG_T6UaPwBUD1RGWtW2icgq6HQUXJSBMzrBw0,1,"2,5,7,4,1,38",6,1,0,"sa Oe DP TO uae eee ae Nek , mo elt: \ os > LC A, ees Ne v * ) > —— *. 2 je ne tol c X 5 eee ie f 7 As Sey BSE YA SERS ES oo Keen EA SGN RN ‘ ~— ng 4 ee ae 7 FRANS fr SaN Seedy oh "
broad_top,2026-02-28,59,AF1QipPdG_T6UaPwBUD1RGWtW2icgq6HQUXJSBMzrBw0,1,"4,7,24,33,25,2,3",7,0,0,"pes * ~ a os “we Neo aT: - > ae : iv om. ue “NN a Smtr > J (4 —_ ek. eee “SNA ES pear : Ee PS cet 7 ° ee ad om, Aw. ~~ Nad =! pe. an a4 nity RQ QS . SP Derers oo = sre Meee At kek,"
baseline,2026-02-28,60,AF1QipPanucT93rePbK9xX_BQVLGL0wKqkUC2oQVjCNj,2,"7,2,1,5,22,4",6,1,0,"ke NM Steen : Vi LSC g Veh iA Ney ees OR Uy, ‘ Es 'NS rr EY A BRT ASN ef PL OY ncn. ‘ Aa eae . SSR a oe ‘ ic ‘ 7 aren 41 - eT “s Seca os || OAS eK ah Yi +. m SR Lioypece csi acs a "
wide_lower,2026-02-28,60,AF1QipPanucT93rePbK9xX_BQVLGL0wKqkUC2oQVjCNj,2,"2,7,3,9,4,1,5,8",8,1,0,"By EN ro. Se Nyt an ne,” \ OA: eet nd ve Saute Sab Mien ON CEE q ‘ plans, ip “. Loan) EN SEY Ay \ “ ifser SUG y SALEEM NS Gate \2) PET i - Boge tin AP area aa bya ory PR et ay. “Xs"
center_tall,2026-02-28,60,AF1QipPanucT93rePbK9xX_BQVLGL0wKqkUC2oQVjCNj,2,"3,2,1,4,24,5,9",7,1,0,"Va! x, Scat F Wee an een ie ey fe i 3h ce SN RES Te ay SOUZA hs ""3 re Bt ‘yy Ae COE Gast \ Weary a Laake a i: Ars ea Oy bere. . 2 eee 1 ae we ape y Beye tte mee S50 3 eI te er gets"
left_tall,2026-02-28,60,AF1QipPanucT93rePbK9xX_BQVLGL0wKqkUC2oQVjCNj,2,"2,4,24,3,5,34,7",7,1,0,"Bore ff Bie . Seeneren fi a NESE Naa eee rales: San aaa eD a3 a te ae SNS AW as \* ae ; ae ¢ XQ ! PaaS face gs pe “A Ava peat aun Pad aa strairy ORME RRL ae AAP WA, fae A Pies gay "
right_tall,2026-02-28,60,AF1QipPanucT93rePbK9xX_BQVLGL0wKqkUC2oQVjCNj,2,"4,7,3,9,1",5,0,0,"OY rf Ey ica AES GEE || a ae y ‘4 Sean, te \ ‘ya eS ha Ney % aay Las i es | fea RIS aS a9 ea ef NAY * 7 78 ze QS Cte 44 NA io RN 2ekl as oo mes sh ee 3 ih, ». us & PSU y Al oN Yi 4"
wide_tall,2026-02-28,60,AF1QipPanucT93rePbK9xX_BQVLGL0wKqkUC2oQVjCNj,2,"7,4,1,9,2,5",6,1,0,"we Sahel EN Meyers SY SK Vesey rf Ee Ny, - Sad ese ae em RSs A Soret A ah Sere L SOSA RES 7 ‘ CR er Se Ee PACU Ney v5 sy ys, words ta Wage = s “eS ene me ee APS ue ew 7D (rut: ~~: "
narrow_top,2026-02-28,60,AF1QipPanucT93rePbK9xX_BQVLGL0wKqkUC2oQVjCNj,2,"4,3,2,34,7,5",6,1,0,"> |, We oe rN fe f/- MEE Wen des ae wee Ee AREY Ea en REP APN SN het SAAS Te DOA AER Ma Oy eA uo rte APN CS arog OB eee || Nii ares a yim 54 fete J ay swe Ca i es AS Ke o ae aid ef"
broad_top,2026-02-28,60,AF1QipPanucT93rePbK9xX_BQVLGL0wKqkUC2oQVjCNj,2,"2,4,5,3,9,18,1,7",8,1,0,"NIA py Ven OF ee | FS A? TSE EME yy > te 2 Say At. ary - AEN Brig ry Sly See: | esteemed NS ag CE ah \ s rem 4nd BRE are ote 4 eo "" NAS IKe S. Ce CLS pot THEO AN it” ANC RU AY _ PR"
baseline,2026-02-28,61,AF1QipOrjk-A7FWhfO-Po1FPkOKbhDU-z8hL7MYWQFmP,3,"2,3,1",3,1,0,"AT setewied VAYY ZA SSR - ie ahs A (res. PRET OLD OS ein ae aan Be ia ea . me || Ce LAr Ne Sas h e] - wad, ih ae bs $2, im Re ad oy AER eS 3 a tart Ss as as ig “T° 2 AS 3s Yi Aig a"
wide_lower,2026-02-28,61,AF1QipOrjk-A7FWhfO-Po1FPkOKbhDU-z8hL7MYWQFmP,3,"2,34",2,0,0,x on tS en Ax i a ae we SES. BEER oA > Bayh aE PA ae | SRE Soe sar eke ae Tay9 AWG S EEE OE PEE} | EEG Bar SRebaeeteD Se ah We Ne - SONG ed || 4m bes .% a Mie afer g Lats So. & iw 
center_tall,2026-02-28,61,AF1QipOrjk-A7FWhfO-Po1FPkOKbhDU-z8hL7MYWQFmP,3,"3,7",2,1,0,"Ly e i a ie Nest Zon . iA MESES PCE SER a he ¥. * i) ‘ tie) ; x Ag Se me YN Nee Rs , phere Seay CT Sy y ts ERTS RGA OSA eS i ae “ Seat Ags Co Of ote ; fe aro : ee nes, ice eae ear]"
left_tall,2026-02-28,61,AF1QipOrjk-A7FWhfO-Po1FPkOKbhDU-z8hL7MYWQFmP,3,"24,2,3,4",4,1,0,"SARARGY fen Vp. Nee Sg Tae Ce a es A NN re € 24 ap q ney T ig NEke A ANE NR ee SN Bn LE SEG Re OV ott Pa 2 Ce oe TTS || ef RL fhe j ¢ “3 1S a SS sk hs, RSS le 4 Ae 0 cr? xt me Sos "
right_tall,2026-02-28,61,AF1QipOrjk-A7FWhfO-Po1FPkOKbhDU-z8hL7MYWQFmP,3,"7,4,3,8,1",5,1,0,"\ eA EN Fe W eee Vos ag. PN yet AKA oo 7 an , ae Mig fos ee ™. ae vA: . a SS Syd cere al ae Poesy phy eR EATS CAD fol He SOR BES SS = \s ZS dy (Ante ae PERSE $ PRIN aes =e ‘ + 4 aa"
wide_tall,2026-02-28,61,AF1QipOrjk-A7FWhfO-Po1FPkOKbhDU-z8hL7MYWQFmP,3,"7,4,2,3,8,1,20,5",8,1,0,7 a * we a‘ WY pas Pony | Tf Nhe 4 YD AES SOURS tt Waves Nes RRS CRO ae wee thy. \ye FEN @ & the bea 2 > 7 RiGee ing Scher a A ie ars ATS | Dew eee a ae ci oes hn Sy | Zh en iia a 
narrow_top,2026-02-28,61,AF1QipOrjk-A7FWhfO-Po1FPkOKbhDU-z8hL7MYWQFmP,3,"7,24,4,6,3",5,1,0,"| 7 pe: aa errr ee ay ac 24 4 haces S CINE EES, | LINEN ES Oh tat SO cee Mage 6 ea Ee ty || ra vou ana 3 * bey xe we bye tae eee ‘ venis Ta (T wre a” Vs Fé TAA? Ye tye cy \ sett PR"
broad_top,2026-02-28,61,AF1QipOrjk-A7FWhfO-Po1FPkOKbhDU-z8hL7MYWQFmP,3,"1,9,3,4,5,8",6,1,0,"a Bh 47s A. bey selon hy. ~ Meu Pecan | ete of ny ST r AeA Sues, Nr e eee y eg a > “epee PRNCR RP ORIOLES a i ie Sy eee ER gies) LENS TG MA VS tat pee do een VN Ne Wao PRN fr ere m"
baseline,2026-02-28,63,AF1QipPubP7Cfb9shgNI4FKnCnkt3v85xCt7AsTwt7S6,5,"4,2,10,7",4,0,0,"Te Re A =, DRE 4 Rep AL tae foes. Se AN SES Sy St xt: Bagh 2. 43 Sey os a ant peat eran ; Tee SES ea 4 RATES cee Tn oa) Peat an eet BD ME aren ‘ \ a Aen et { Pro BSS ¢ E Siete PTAA"
wide_lower,2026-02-28,63,AF1QipPubP7Cfb9shgNI4FKnCnkt3v85xCt7AsTwt7S6,5,"5,1,4,9,2,3,7,27,8",9,1,0,"PN PN ee TF Peg ee ERR Ee a0 yg Oe, ey ot rm PETE eS re pe haben Later maf y ph: My, PEE ae 5 ’ >. ‘y wa teh eyed CoS ‘ : 1? ~ ~ asst oy if a ve OEE Reha 4 eae oF Re RAR Rg ras Kag"
center_tall,2026-02-28,63,AF1QipPubP7Cfb9shgNI4FKnCnkt3v85xCt7AsTwt7S6,5,"28,4,7,2,9,8,3",7,0,0,"ght RE Be ro UN foe rd: NG ESSE REIN gittnee SH Seay ASD at EN pe ATER SIS Oe APR IL 28 ET LA Re A PEE thee’ 4 TEN Ue PR Head ee ~ SPE as eet = , Sa 7 f= 2 oe sept alal Pat 9 INS e"
left_tall,2026-02-28,63,AF1QipPubP7Cfb9shgNI4FKnCnkt3v85xCt7AsTwt7S6,5,"2,1,9,3",4,0,0,"aan aga AN Hawt. fl mA OER Sg! Day, er RI sees we eas ot bint wy CIEL © ’ Tete SA [ap ieee ie tase? Waar hene meine (farts atte ee AORN No aa rs SF, Ke ae sy vines US) hn ow 2 OLAS"
right_tall,2026-02-28,63,AF1QipPubP7Cfb9shgNI4FKnCnkt3v85xCt7AsTwt7S6,5,"3,4,7,5,9,2",6,1,0,"Sata PES Ot Seog Re \ ahs Nate Saari pt pee roe i, ae ESS SS 3 4 bh EA tS . SUNS RG aA ‘ghar ‘ ; REN bere Lae Se aiid a on Re eRe RO SEP Ce are SON RTS DS has” Yeo eee aS RENE are "
wide_tall,2026-02-28,63,AF1QipPubP7Cfb9shgNI4FKnCnkt3v85xCt7AsTwt7S6,5,"1,4,7,2,9,3,28,5",8,1,0,"Dito CY SY Poe Satie! ayn Pett oN mane ’ RS Rien eB al faerie a 1 4 MEER Wes pe Ne CEA Rice nl) ate Sata ’ Caine pelt © Se aS ie are, ah . OO Lae take Bon CR are Re a at aon Ae Ser"
narrow_top,2026-02-28,63,AF1QipPubP7Cfb9shgNI4FKnCnkt3v85xCt7AsTwt7S6,5,"5,3,4,6,2,7",6,1,0,ay. . / ae * y fe » Pr el ya AN Be Nuria a alm Batt’ NORE Sac A SD ae i Oe WS ee Ra P CRE Reset re as fats RRR et at F gh Se OS : Pere ee gy ORE Tne ey Se ee ee Soe a Ne . an err a
broad_top,2026-02-28,63,AF1QipPubP7Cfb9shgNI4FKnCnkt3v85xCt7AsTwt7S6,5,"6,4,3,1,2,8,7",7,0,0,"\. \ ° sty aC oy fo N re ec - lad ~ F $ , we IN, Fe oF <n je A ELS arg hg 6 \ re heer te DRERE e ReRT Ae, 4 . Rite, OM PP eee PE ae ~ ma ESAT La atin oe IT pe EN 3 \. aoe Ey) p cee"
baseline,2026-02-28,64,AF1QipO0FF9Lbn43TXTt13Dwd5iLZtqrkOBABwpAla08,6,"2,4,5,3,6",5,1,0,"Pee WA NS fe SE \\YSERS eA eps NWR RONSON SS Ae Ci ine VY ANS SY Sot cual atone \ (Sk || 2. ne"" , aoe a at ot oe au va to yeah We ty Sa) os, we 4 Sa Xe. ing ee, aM aN oo ws Ns £5 3"
wide_lower,2026-02-28,64,AF1QipO0FF9Lbn43TXTt13Dwd5iLZtqrkOBABwpAla08,6,"5,4,2,3",4,0,0,"Career aN MRR aes Pes Rs ASR WV VCR Res are ra US, ANAS ES ese Paha SENS, \\\Wae ees SRS aed | \\NRRES Ses Pre een pee: NN SR Sh eT ig Coe tok RERN CT RECON BGatiromectisgs > \W ER"
center_tall,2026-02-28,64,AF1QipO0FF9Lbn43TXTt13Dwd5iLZtqrkOBABwpAla08,6,"7,4,2,3,5,24",6,0,0,"~< ian 7 mura ae . 4 g ' ee en a an N “sg ‘WA ee eA (Aes Le Bo erage A Beat th wig Peres Tea 0 Sn ae \ Yeas Se RON, pre eae: NE: Sas an Ya ie Fatal home Gee || ve i LZ Pa Ped T k d"
left_tall,2026-02-28,64,AF1QipO0FF9Lbn43TXTt13Dwd5iLZtqrkOBABwpAla08,6,"4,3,5,7,2",5,0,0,"R} ae aah AS dare ode ge VN Re Se EAN Nek ae se gO bee issn \\\Nas (oa PORT or te het ero ANNES pects etic MTR S\N RS Pa eel ase. | \\NR aA, WEB sted are Cae . “Was ee rae ANA: bee"
right_tall,2026-02-28,64,AF1QipO0FF9Lbn43TXTt13Dwd5iLZtqrkOBABwpAla08,6,"7,9,2,3,4",5,0,0,". "" - a mnt ee .. vk s WY? . : . pene SoA “Ug tides Lae C NSE a PAE MGs Ene Ss Fire GA | seteec nes eas se Absent AGS ESE Webel nin MEAN PER ERED on, NSE || ear aS pt LZ a Aw 7 1s "
wide_tall,2026-02-28,64,AF1QipO0FF9Lbn43TXTt13Dwd5iLZtqrkOBABwpAla08,6,"5,4,9,3",4,0,0,supe teae Ee NE OFS i Bee Spee sie VN ON ASS anaes eae oT NSS SS RAE ne < CES RRS BES Sent tt OE oo) \ANRR REESE ES 5 EVAN: aN ee a AS rangi CGS 11a Pe Ee howd .e t + San) eo ae We
narrow_top,2026-02-28,64,AF1QipO0FF9Lbn43TXTt13Dwd5iLZtqrkOBABwpAla08,6,"7,3,2,5,1",5,0,0,"> . a oo ty a bevel aes SNE 7dogad: 7 eee 3 \\ fees Saas sien wo VN Re TREES BEEAERIOR EER”. BER bers | aes || - —— eee rane nate, PN + pu _. LZ Ped T aay a i \\ ~ Jf 2% Poo at Can"
broad_top,2026-02-28,64,AF1QipO0FF9Lbn43TXTt13Dwd5iLZtqrkOBABwpAla08,6,"3,4,2,9",4,0,0,"_ ~ ae mo . ; — | : . NESE eT |S eet . . <% : Ne ty . - es rare Ax: NET, OS 3 ER 4 Pa id ere eer Ba i \WheaSeSsc8 rN sea Reo ae ee Ve es abe Sera \\ EN ENERO Tee pee yy Sere || —— "
baseline,2026-02-28,66,AF1QipNa_4m2EBDAlOxdIjS7hFZ5qQC7FzMHuKmo7-xM,8,5,1,0,0,"war a . ————<—— i —~ | . s , { ( ‘ a . : -.5 || ays or SED ALS B82 <N Ta ad as A cas fe AE KE o NS uy ai ™ NOP Ys me Sy ce Mes aS py PS oe ind — a — cat. ——— a ~{ 77 XN L > e=-"
wide_lower,2026-02-28,66,AF1QipNa_4m2EBDAlOxdIjS7hFZ5qQC7FzMHuKmo7-xM,8,"2,4,8,5,12,7",6,1,0,we Oe Et Ne i ray . ee - ASST pe \<e see Pde iP RR BEI. Sy 2 EER os YS ~ ot hee“ AT were Onn yee of Yee NS fee ey. Kec ‘4 woes foes a i Neen _ yes fae Te so ey - i Ve ae — || otal 
center_tall,2026-02-28,66,AF1QipNa_4m2EBDAlOxdIjS7hFZ5qQC7FzMHuKmo7-xM,8,"37,4,7,2,17,3,9",7,0,0,"UOT. RAN NE QA Ae cig ee . IT A, 37 / A cee ek sat RS a ae, ‘i + harea SOLE Stare vw SN = —\ ' ~ ao . 4 4 ad \ ° a aS ° ; 7 || SVL AS % y as A aan) Loin SoE5S 4° ve — Se aaa tememn"
left_tall,2026-02-28,66,AF1QipNa_4m2EBDAlOxdIjS7hFZ5qQC7FzMHuKmo7-xM,8,"2,4,7,5,3",5,0,0,Ted UL ROO A EE A gE se eit i Ae; Se shea. ; . ' = nn ve SEP Serer SER TG ets ay ERS ee ET ORAL on oT ENS ed Ohh cet cee na SL QSOS al” OR BSF \ WY IS wD net ge Dame - wo. ter tee 
right_tall,2026-02-28,66,AF1QipNa_4m2EBDAlOxdIjS7hFZ5qQC7FzMHuKmo7-xM,8,"7,4",2,0,0,"ose ing roo Late ttte ~ nd \ A ve are Or Sindh Rost rhs SEAT Se WL SL ere er ew as, 0 evan) ta Sg ad a & ee ths a Ro \ ERE eae CA a ta ee Oe TG EL Le ne , ft ‘ aa™M et NE hae Py Cr"
wide_tall,2026-02-28,66,AF1QipNa_4m2EBDAlOxdIjS7hFZ5qQC7FzMHuKmo7-xM,8,"7,4,5,3",4,0,0,"- bs 7 irae oe ‘ies ain Tava Less ma - - a, a ; NS i } ny Oia ye - —_ : i , a bees sf gabetrt: Aca L r etd Ah . Yt Das Ae . uaa SPeP ELSA SALT NS. eS RAI ee ares | NM Se ee We IN Y"
narrow_top,2026-02-28,66,AF1QipNa_4m2EBDAlOxdIjS7hFZ5qQC7FzMHuKmo7-xM,8,"4,7",2,0,0,pass on : ret Rost rhs OI Specs | WKY Ie Sep Raa RRR ate ea A! \ Wer pk SOHN —— } j || ISS oN ati 4 a io neg ee rN es) (ee ae Bessf 4° — —— loki G f- rel 47 Eo “- ‘ 3S M8 ct Sree E
broad_top,2026-02-28,66,AF1QipNa_4m2EBDAlOxdIjS7hFZ5qQC7FzMHuKmo7-xM,8,"4,8,2,5,3,7,17",7,1,0,eno tT ee mah Nari Seer a) ce ay i a \ +. Ne Glee a). Sop BL ET POS | Tee te ed Peas \4 va RN Ey 8 on seh | ae eet A - oe PY ERS RATES eh aos mode \ Rae ef 2 AN Cac ee Wet 8 ee Whe
baseline,2026-02-28,67,AF1QipPKAdWgPHFVm5YG1Ft_YdGrU-SAq31-0FoUtN-l,9,"7,4",2,0,0,"{: ON 7, ‘oo . paren . Ne “q . Arends Eee “. Ade yayeute : n\n ets ra CAR Se nea || { ' a A ity Se mn! Af wnt ft 4s “a ke ol Vy Ses yn MY 4 yy FERS are a t ta na yee yw { y° yey aa"
wide_lower,2026-02-28,67,AF1QipPKAdWgPHFVm5YG1Ft_YdGrU-SAq31-0FoUtN-l,9,"7,2,4,34",4,0,0,"ve VAR see ee UE t ae Cena 7 nan) ‘a P| a ELS, tet . my whe LE ot ‘ ~ : - ae a ‘ : Lane Soares, Se) ‘ye. . Thee Wane 2) . in ae BPN at AOS a4 um aw ye oy. A Se Cae Shen da as aS an"
center_tall,2026-02-28,67,AF1QipPKAdWgPHFVm5YG1Ft_YdGrU-SAq31-0FoUtN-l,9,"8,7,4",3,0,0,"! *. Nat s ee a QE ‘ eed Af ‘ ba <8 ee > “%, ier UPC t a ace ae COON) earrvettt [: ‘.: Hisdis oe fa x ‘oo , ; is o a ee ' . “| f° Cubkcbaste 44 ‘ i ke . ey fe at NERA Natak wien ti"
left_tall,2026-02-28,67,AF1QipPKAdWgPHFVm5YG1Ft_YdGrU-SAq31-0FoUtN-l,9,"8,7,4,40",4,0,0,"be { Mi ! . | ga we PN i Cys ey ‘ C Wave. ee : Se saree 1s ad - 8 Stary \f t 7 ; eek re ie a8 ty . i BYU fs core) a Lae BS a pea’ cr Ny “ Nate tea "" LS! QA S. aloe Cook hy PARSER a"
right_tall,2026-02-28,67,AF1QipPKAdWgPHFVm5YG1Ft_YdGrU-SAq31-0FoUtN-l,9,"7,5,4,2,40,35,8,1",8,0,0,‘ 7 . { ' Led f em SEN Rae “ys saree ey ane a 5 a ¥ sy MaMa A} Kase ae” ' + aye Pate | ‘ Stititeae ey eS 4 » . ' e 2/ Ps ene Ve Gs! so Hin Vite GALE OSL kare rar OT os A eng \ LI i
wide_tall,2026-02-28,67,AF1QipPKAdWgPHFVm5YG1Ft_YdGrU-SAq31-0FoUtN-l,9,"9,4,6,7,40,3,1",7,1,0,": - oo‘ , . “| { aw . \ ! . | sew TNL : . rd eater A i nt ee t yg et we Ee! oo =e grey! ee aan aye? Se oh aes . J ete Ee ey Pat ‘ ~ : - ty ail / 9 ary \f rs Lf 4 fY ay ay Se SA, oe"
narrow_top,2026-02-28,67,AF1QipPKAdWgPHFVm5YG1Ft_YdGrU-SAq31-0FoUtN-l,9,"1,4,40",3,0,0,"eee . a | { Len. ! *. Nat s | psf lan “acly ae wt | nik Saas ,% ms le & Dara e ae Wit Say bee. fr Cr ad tee [: \- Hisdis oe ; ‘ ay : - ae eet ad - BB acpend the Sa Man eee Soy 1. U"
broad_top,2026-02-28,67,AF1QipPKAdWgPHFVm5YG1Ft_YdGrU-SAq31-0FoUtN-l,9,"7,4,40,1,8",5,0,0,¢ i _ . > Pre Vote Pry Re . { ~ . ye pgs Ne rosters “Qe if a echt fhisy a a . ae eerwet bree \ Y . ~ wee i’ ange oF ee [: A Hides ie eae ies ‘ ws ee ce Zils i > -= eee 7 ae bas ay 
baseline,2026-02-28,68,AF1QipNsdwNtWA9hWh1GFXTU70rlrG8HIzAVQFyZCBcI,10,"9,5,22,24,8,7,4",7,0,0,"se ee t«é‘ié S22 9 pe ’ ied we. ea, bo eS OREN NORE “orth FOTN he NTE | Beak (NSE DANG a ee aR “MEE Ph SAA RRL AS thes fa ens a Bp || 5 ake a 22 | lorries: aaa T : Se Sek Coen Aas)"
wide_lower,2026-02-28,68,AF1QipNsdwNtWA9hWh1GFXTU70rlrG8HIzAVQFyZCBcI,10,"2,5,20,7,1,22,4",7,0,0,"“S kt Rey cf - + ge, VO efed yes BER Rens By Sgpeasseey [0 bits, oped 2 2 aN ‘ ae Wry hee er WP ASS OF ee veo ory yenereera lc ENGNG RN) * 5 REISE Titan eRe. sy i . iS paces BVT Re"
center_tall,2026-02-28,68,AF1QipNsdwNtWA9hWh1GFXTU70rlrG8HIzAVQFyZCBcI,10,"4,22,2,1,3,9,6,7",8,0,0,"| Vater Ac ee: PRES . ’ a NS oe Dy oe RS perecee I a an aaa go Boe Os 59 SOT koa ""4 he eee a ory RY SAE okey, a he Hae yay PE tg Re an el apeanmamategss ae — 22 ea gee 2 eres a ae "
left_tall,2026-02-28,68,AF1QipNsdwNtWA9hWh1GFXTU70rlrG8HIzAVQFyZCBcI,10,"4,5,9,6,2,1,22,7",8,0,0,"uy] her 4 PN By oot Y penne ead RE Bs ES..G 5 eae ye Peteekc San wR po ar EAC nah bi : on sarees aor EY avi pyre, to, A ae . 4S OYe eS aa Me oat om i we Vel SoA gaye | ty ae eres <"
right_tall,2026-02-28,68,AF1QipNsdwNtWA9hWh1GFXTU70rlrG8HIzAVQFyZCBcI,10,"2,12,5,7,1,3,9,6,4,24",10,0,0,"aot SS ee tee Les eet anes hea Sigs. Rk oe So tr 2s Gh er Saar BON SSO SREATE Sp a Aiptek, RES A es ay ancy E ee et NCHRP Rees Pes in =. 2 2 12. peraEk, >y ' Sug Feed te WG oe 5 MR"
wide_tall,2026-02-28,68,AF1QipNsdwNtWA9hWh1GFXTU70rlrG8HIzAVQFyZCBcI,10,"5,4,1,2,3,9,7,22,24",9,0,0,"pte. Shy ae, as an 5, acd a. we he. ‘ S ne Hy ytd 4 yA on * eur ian A Ay Nee oy el ee CST A aeNo At asta Er ‘ ee 4 -, Oe tg ee fee eer AY ca 1. Ss as meme: 2 % Be. ane wk PASSE \~."
narrow_top,2026-02-28,68,AF1QipNsdwNtWA9hWh1GFXTU70rlrG8HIzAVQFyZCBcI,10,"1,2,4,5,3,6",6,0,0,"er et Aen ists . Sy 1 ies Pokey Oo tee TOA Sard ics Do sae en . 2 = veg Art? polly: AES NO erg RRS ARES ee Aes See SE Ste} 4 tes Aig Ree pie, PY Aan CS y ey 1 RSE SEY Phy SA PON a "
broad_top,2026-02-28,68,AF1QipNsdwNtWA9hWh1GFXTU70rlrG8HIzAVQFyZCBcI,10,"4,7,3,40,9,1,22,8",8,0,0,"a a ne A Sal ree ae ven Xe 4 on ab 7 ak VS 3 q.. co 40° 4 Mn iy, oe , mm ' wy 3k $y: . AY . if ion 4 ie od Pt) ri iat ‘ Sy RS Omer» pecae 4 Re, ii SRR ee oe fae ght? ~ elie tne Pe "
baseline,2026-02-28,69,AF1QipOtfgGC6kw6p74wMcF5b0RrV_9q3JEA88Toh1lv,11,"4,5,3,7,2,1,9",7,0,0,"Re ey Ay vw Mow 4.5 3 FF = za. oe., .. Fao 7 OM 2 fa en ak, rey SK ES an TPs on rae ae : 4 SPER S. is ! ¢ pened 1 ag * wh o> wf RO DS a cae ag xis £ Ty 1A ed SAS GM ey FE ze An Al "
wide_lower,2026-02-28,69,AF1QipOtfgGC6kw6p74wMcF5b0RrV_9q3JEA88Toh1lv,11,"22,2,5,8,27,4,35",7,0,0,". . eet oe AN Tee FR ER ge ' PN ae, Song ete Cre os |. BO"" PVG ine! rae hy oe . (FEE OG 22 a eee ee pee Ray) | eh EGG ee (sth ae 2 m\e 5 re Og tte aL Te: Se Thy she ae | aidan TACT"
center_tall,2026-02-28,69,AF1QipOtfgGC6kw6p74wMcF5b0RrV_9q3JEA88Toh1lv,11,"4,7,5,2,9,22,3,8",8,0,0,"Ww tiq A \ A “4 \ e . a . TAL ian .f rt St PEALE Prt ye pe ”. Ss aN aS pied oo —_ , Sears este t al “<* ze PUT. by 7 “ MES eS ** - = a 7 ae Ae {i Po Seite Ve. ee . “oT eae ce . Ye."
left_tall,2026-02-28,69,AF1QipOtfgGC6kw6p74wMcF5b0RrV_9q3JEA88Toh1lv,11,"4,1,7,9,6,2",6,0,0,~f J } a 4 * { \ 4 rte aude Saf Cat rw mn NPA. A ne wed Ww Bese PN re al; & Lb ere > NZ oan xd f- were: BoA * Apt tng? L2B qi -pAre i Ran bate tyke f Sod eo a~} MER iN A eT WS be a
right_tall,2026-02-28,69,AF1QipOtfgGC6kw6p74wMcF5b0RrV_9q3JEA88Toh1lv,11,"3,34,7,5,9,8,4",7,0,0,", A ee ra \ wre fF . ‘ ye > ors a rh See RS fo SP SENT © aot tee ty ae : AL eA eet ie ay oe hy ne ’ wey ee 2B TS EA af ant Sank rt RA ag ie BU Sere aA ARTS a as wh LAST T SS eT A S"
wide_tall,2026-02-28,69,AF1QipOtfgGC6kw6p74wMcF5b0RrV_9q3JEA88Toh1lv,11,"8,23,4,7,3,5,9,22,12,2",10,0,0,TN fo - re ere ee wage {8 sco Gr “ys fe \ Dre rel - ™~ ao Ae G Sete * N* > ” SAG irs pppts! ’ wets en oo ee ey ANS Y she A 23] PRR SSS Raa Lae Doc AN Pe Ne . . * ry ae! “ a . eee M
narrow_top,2026-02-28,69,AF1QipOtfgGC6kw6p74wMcF5b0RrV_9q3JEA88Toh1lv,11,"4,1,7,2",4,0,0,". q- -7erea ranean iy . ' ‘ is we at xt Nae a i re ‘ ea ey eae Pres Sage fr Aes, i Ran eto sh: WV A TRIES aS « ya ah (e N 4 Ah See eee Sen os Agere rat Raye eS! 1 SRE TEL RRA bag a"
broad_top,2026-02-28,69,AF1QipOtfgGC6kw6p74wMcF5b0RrV_9q3JEA88Toh1lv,11,"3,7,4,9,1,8,5,22,2",9,0,0,"q e eee ea, * abo . "" | te hy = ye a4 ac sata iM er ‘ <3 ""yy ey ~ 7 ee \ he so: K TNS Te AME \ x - ye afeyes Ae? ee Nr. - ve = : FOS yo STA: a oe ; - & es a ae 7 &, any . a! ae Vn "
baseline,2026-02-28,70,AF1QipPlHHnlOJHRX4jyTuWRQGkWn2l8Ns9kgnIGF95-,12,"9,1,8,4,7,3",6,0,0,"“ Kon es . Aa Leet eles (aes (ALS ‘ Sa Oe ge COREY ine Ly) Deane INL Se at ; ae he Wark BE ALT , 9 Se ,¥ x een age Le ARS Be RN SAS Lt aC cage np Seay ARE Sete SW Se SOE IL. OR ESN"
wide_lower,2026-02-28,70,AF1QipPlHHnlOJHRX4jyTuWRQGkWn2l8Ns9kgnIGF95-,12,"7,5,2,4,8,3",6,0,0,ER Fo ered AL eh on yt | NS = SNe Pat er : sw Gene ——- cos . Sie ses B63 0 Sderot fen Kpey NE Sar yor gov. ory SERS Guta wan Sy 7 Ses “ve 158 Ast A¥y NS ea eS + Ye Ce ae SALAS wen 
center_tall,2026-02-28,70,AF1QipPlHHnlOJHRX4jyTuWRQGkWn2l8Ns9kgnIGF95-,12,"1,4,7,5,3,20,8,24",8,0,0,ToS Syitea BD gXth Os Pa ERLE ng 1 SRG AR Meo ies man gaia ha Os Sees Sue A Re x RAN Apaeey NE BI ea eaey tay Poon te gota BNO BLS 4 4 et aye BNO LEA TS VES an Sry eeaeck ee AY Ber
left_tall,2026-02-28,70,AF1QipPlHHnlOJHRX4jyTuWRQGkWn2l8Ns9kgnIGF95-,12,"1,4,8,5,6,2,24,9,3,7,14",11,0,0,"wD leo syiee at ee POY, 1 il EEE a Lee: ere arn aX BS borqesen Ceace . Stet DRE Rahs goths eae Aas Bigoae’ raed TASS SR reas ee eee TAN SS eNd Pa eee etd Ce a he ASE (GRU SS: aot e"
right_tall,2026-02-28,70,AF1QipPlHHnlOJHRX4jyTuWRQGkWn2l8Ns9kgnIGF95-,12,"2,4,5,3,1,6,7",7,0,0,"eat enti Vek Rae se 2 ERE Ee ON eS aah TE Pare SNE Rear ee oi) Bre tic PORTA? fs fal Nyreunicanec SPS Ad rea ne onl n VL Seas VA ARO: $n. WS es ; neva, oes HEAL Sse chee FPG Sete N"
wide_tall,2026-02-28,70,AF1QipPlHHnlOJHRX4jyTuWRQGkWn2l8Ns9kgnIGF95-,12,"3,7,2,8,5,4,6,33,9",9,0,0,3 tates Cane re a 7: So we ee hog cue a ie ie Sid Ne a 6s EAA LD SUAS RN es ME Lett Den FEES Vihtoawtenee A REM ETEAS ngage No SN SOS TASC aI Nyrmiceeecdte ANS er aye 2 SR ENON ee 
narrow_top,2026-02-28,70,AF1QipPlHHnlOJHRX4jyTuWRQGkWn2l8Ns9kgnIGF95-,12,"2,4,5,3,8,7,16",7,0,0,"a9 pele, pes a = aw. “ OE ~ tay dst el ne Reged Men hy lee weeds} ’ EDA ey Ze EEE LOGAN GD Ut TO ao ee Fa die nee) ~ or : # RES ees Heist <r WN a ‘ weit ZY BT gee atc ORNS ae TAS e"
broad_top,2026-02-28,70,AF1QipPlHHnlOJHRX4jyTuWRQGkWn2l8Ns9kgnIGF95-,12,"5,4,2,7,6,8,24,3,33,22,9",11,0,0,"4y ve We beso, aie eae l] cers | ws avitens VARS . Vie Ast o ANEY: a ell me ea Wes gS Ee ra Sh ~~ Swan oe 8G ) Y pont ee wa eee . : Se ENCSS) CAGES Bre eae A Re Mira R fies Reed 1S"
baseline,2026-02-28,71,AF1QipPq_BwQYcGRESnVbEXHxyGnNJyt8Hli_XP_F9Ww,13,"5,7,6,9,4",5,0,0,"ii a=, ek oe L pees a “fa TT hg sh eee Pee thc oc Saas LERGE oy ASR 's ' aa ¥ et BLS MAIR Soe SEES S oe rs ond tes a Se a TS SS OT Smee Rees Fa NOI ad gasieee, RIN ee . ara: cn a e"
wide_lower,2026-02-28,71,AF1QipPq_BwQYcGRESnVbEXHxyGnNJyt8Hli_XP_F9Ww,13,"4,5,32,7,2,8",6,0,0,"iy we ie Ne fA, 4 y a | ‘F f : S: ) he fa 5 Lg) 4 { ae aed . en CEL “ BS ie: eas EASE ELSON ie 4 BO acer nae Ee Ronee pie “yy. Sorat: ise tao “ee ete dey Bee Se al ee RN Nese a A P"
center_tall,2026-02-28,71,AF1QipPq_BwQYcGRESnVbEXHxyGnNJyt8Hli_XP_F9Ww,13,"9,4,30,3,5,7",6,0,0,"“en? og Be CAP why ages Atanas aisaae Nigro wer ———— 4t ‘ an -> Kas! recto ay, § 9 APSO Fe FON Vere net OS NCAR SANE NS Loy eM RRO ea SOK Snes ve . . OER Oe Rae A ee: PCN Si ek ae "
left_tall,2026-02-28,71,AF1QipPq_BwQYcGRESnVbEXHxyGnNJyt8Hli_XP_F9Ww,13,"1,4,8,3,7,2",6,0,0,"AG ME pe 1 ee eee eile -Mitelee “LUT TS, ON Lege cance date Caveat? . a » RON 4 ary Ag. mets TN VY oe ee ee NEN Pre NS A AN Are EES Re Sea EASY as a Pall - aoe, ert BT OF i phy ae "
right_tall,2026-02-28,71,AF1QipPq_BwQYcGRESnVbEXHxyGnNJyt8Hli_XP_F9Ww,13,"7,4,2,8,3",5,0,0,"F. g¢ * oh” FP TER SIRT ot a oe) ea oe ET AR ae mente he gS ee gh ""0g hy fy ; ae eT Sent ei yee : Re ORCAS cra AO ee — Se “Ty 7) a AT seme |e im ""4 ch bad = wea . . aN oy Toaehy TI"
wide_tall,2026-02-28,71,AF1QipPq_BwQYcGRESnVbEXHxyGnNJyt8Hli_XP_F9Ww,13,"7,9,4,1,2,5,3,28",8,0,0,"Sel HES aN 7 MeN ot: | SP aUe Se OR Se Ae ee inant oe a KSA | Wea Snareen eee tats A ect fs, ) ee a LTA WN Fe Aye Se BSA : satel SF OT SOS FR SEARO TS : SA VV SUN RS CASS CLE ON oo"
narrow_top,2026-02-28,71,AF1QipPq_BwQYcGRESnVbEXHxyGnNJyt8Hli_XP_F9Ww,13,"4,3,5,2",4,0,0,i { is a IS hy ety gt FG EVAL: ote LGN FA ese ROT SUN ASS Sea ent eae 4 et tp. 3 ee as . aa El AY oe 227 il Aes Ee Mi Be a JY BL POR OR Be as SCAM et rahe 5 Rote VECO RISE NOY a ON
broad_top,2026-02-28,71,AF1QipPq_BwQYcGRESnVbEXHxyGnNJyt8Hli_XP_F9Ww,13,"9,21,7,2,5,1,4,3",8,0,0,"wath Fw > APs ant . Sa co et f, ""Yas RR Maas ik pe cat fi ¥S SSeS s aaeest re 9 AS al te Re ag tend, “% pete MEK De Shots EGE * Sey SN 44 re es TARA a over, pees WASSER ERIS = ey: "
baseline,2026-02-28,72,AF1QipMuK-0SFRt7JtKjjIAyaaPCEmFimg0WCyLXDJ5i,14,"2,4,25",3,0,0,"he nd EI OR PS ate ge i Qe eth pee PAS RN NSPE CH may Tors SENS res at aS . 2 IO oP on SF age ONT ft syed NE f eb ose Ke pore Si ES % Asay oN ae, ORS Raa VASES Sh Re Rane a LAO NN "
wide_lower,2026-02-28,72,AF1QipMuK-0SFRt7JtKjjIAyaaPCEmFimg0WCyLXDJ5i,14,"8,2,27,4",4,0,0,". mS se a ee SORA Kes pete ~ eh SS ae Oe Retares a ree © o Oat F aa Rds a SS Le Sate abe ONES, frie ye San Nw ek: sre eee Sorte V¥e iy a Yee Spee 8 pepe PERE EA OS CA Woon = ’ eopa"
center_tall,2026-02-28,72,AF1QipMuK-0SFRt7JtKjjIAyaaPCEmFimg0WCyLXDJ5i,14,"1,4,14,6,3,7,2,26,8,5",10,1,0,"BS ; eens Y bend a aeee 1 oe rece _ ° { rt NG Pook ae Gnas y le a x a ) 1atghs or ‘ Jeet’ vara ray oy i ’ - 4 eet, ra > ; * - £60 eed es 14. fae Se ae fot, PRE Pee “ew Sth Ses eS P"
left_tall,2026-02-28,72,AF1QipMuK-0SFRt7JtKjjIAyaaPCEmFimg0WCyLXDJ5i,14,"3,2,26,4,8,5,1,15",8,0,0,"an ae . in ‘a Nd » bee iW Focaw ste 3 ie te 2 rene Eo Bes a we dae Py . ; ee ay NG tre ee 85 2 ’ eres Wand Pare rar Ye : gee aD Cea “S . ves Y 3 et \, as SU RAAT an Y : MLE EN ned "
right_tall,2026-02-28,72,AF1QipMuK-0SFRt7JtKjjIAyaaPCEmFimg0WCyLXDJ5i,14,"7,5,2,4,3,6",6,0,0,"oe Eas _—_—_—lUlC | a ae - 7 re en — 5 i b ae my . psa nS . ’ at $v 7 . oO ef FS, 2 : fyals : ak <b Oe oe , Prey x, . a he Re NA ee SAAN Bk, EET MN AO ao ee as A Nett et i ee SS ra"
wide_tall,2026-02-28,72,AF1QipMuK-0SFRt7JtKjjIAyaaPCEmFimg0WCyLXDJ5i,14,"7,2,4,30,26,3,22,8",8,0,0,"fo eee ~ ""> Se aes SAE en wo, ~— Fa aN Fal Mashes of ; k - phe A - = hi . ‘ - Ae ate me £¥ oe ‘ * Naor ee eae Se ‘ os GE RG ee eg Sy RES BRS oS |: an Sie AG wee ees Oa lS a PS ary "
narrow_top,2026-02-28,72,AF1QipMuK-0SFRt7JtKjjIAyaaPCEmFimg0WCyLXDJ5i,14,"6,3,2,8,4,24,7",7,0,0,"an ty See or os Pa Se Vee, i* a) e i; eae j —e s3° : 6 A | 3 rye ee i - Patinis are . } ' see on } * 2 PG ORHAN i { PEMA ’ ©. Po Y te a ‘ we SG wih aot ' eed aE AAR We at NaF IGA B"
broad_top,2026-02-28,72,AF1QipMuK-0SFRt7JtKjjIAyaaPCEmFimg0WCyLXDJ5i,14,"2,7,9,1,4,30,24,26,3,6,28",11,0,0,"rhe ene Seer bac A ee Weds . ry Tan tie Pi 2 . De i 7 a < st ie Sa eea in ~ Rae ESE. i ot . te Lat A . — 9 1, “|? ! ry °- : - INES eee eee MA - } +] ~ Che Le ine Ney, LAL EY ¢ ne a"
baseline,2026-02-28,73,AF1QipPANAWdUHUA6Rb2gGxOnLzUlzrK2MW9Jxb-gwWa,15,"2,13,27,5,34",5,0,0,"AR A Cee SENN AS a REND oe SS 2 eas ts DAG Ting me ead. , YEN aS es say Elen eecs eee Wes Nee SANS a ag ORs oh Ge ae years mies ats ? bey ide aN “et a ne. + - . wihiy rea . * “s oa"
wide_lower,2026-02-28,73,AF1QipPANAWdUHUA6Rb2gGxOnLzUlzrK2MW9Jxb-gwWa,15,"5,4,8,3,2,9,7",7,0,0,"EEN ee eed OP Saat Nee ee Teas eae EIS SERS PE SESSA Aad on as a esis ns || 5"" Ss Lave are rete \ hy Pett ~ a \ os aa hated por aus via wv ay Sareutt ifs rie TA < ~ Cor ate we NS, "
center_tall,2026-02-28,73,AF1QipPANAWdUHUA6Rb2gGxOnLzUlzrK2MW9Jxb-gwWa,15,"3,2,5,9,7,4,1",7,0,0,"~ : eee? fd get RSA rey an 3 FOTN Ea ae Fe, heey at ee vy. Casey t ists y 2, ieee oe on RS as ea Rea ie Ura SENT BEES Ss Rie Wien cer NCIC S Nereietias SEE es~ a k Ot ee pee Pe MES"
left_tall,2026-02-28,73,AF1QipPANAWdUHUA6Rb2gGxOnLzUlzrK2MW9Jxb-gwWa,15,"4,3,2,7,8,1",6,0,0,"fe fs Ye : arenes Fd £4 es Shea Se et ANCES SAF pres SRI RR Vette Ss ree sot, aN Ske ead aor ~ ts es ey Lass ‘ SE es pels RO (pins Sled Pe ny "" i: Trieste fe So ES satel fant BORN "
right_tall,2026-02-28,73,AF1QipPANAWdUHUA6Rb2gGxOnLzUlzrK2MW9Jxb-gwWa,15,"3,8,5,7,4,9",6,0,0,"j PES EM LRA genes MP NL an I NL SS RIAN S BIE a rr Ay pase nhs west gl foie: alg © Yee EG Ly VO ah RN les pn ne peg I NORA WEERGRS sso ee re Rh RAGAN RR IE OCIA Ce vf Pie eh , Vey"
wide_tall,2026-02-28,73,AF1QipPANAWdUHUA6Rb2gGxOnLzUlzrK2MW9Jxb-gwWa,15,"1,8,7,4,2,5",6,0,0,ae . Ee AS Seth ey ‘ f ERI ee EUR ACS oped Ye NEE NES OSS ESOP > WOE EARL re tc NRA EL OES Sly a RSA LS ae PPG ye PY Ra sieh SNCS See eee OST ‘oe SA cates A ee . ers nea ese ae eee
narrow_top,2026-02-28,73,AF1QipPANAWdUHUA6Rb2gGxOnLzUlzrK2MW9Jxb-gwWa,15,"2,8,6,4",4,0,0,"eas epee : ¥ SoD LN te A” BAY rod n Roy nuns ay] ee Sey ar or ae “ OS 5s: Ls || Ata ms ™ yt pate te ‘NO be atre Ae, pats S ad ua at “nee, eed, ~ 2! fey se thy, oe 8, 6 is “Ss rs My"
broad_top,2026-02-28,73,AF1QipPANAWdUHUA6Rb2gGxOnLzUlzrK2MW9Jxb-gwWa,15,"3,2,4,7,8,5,6,1",8,0,0,"OT BS ee + _ one 248 Aw red cy + OOF. Ghat ae, oe L At. grat: . ‘S fae7 raed ENS es x . Pe ug . ok Pee a “ oa Sg , Ry ICN ES Rows 3 ON a PEEAG Dike eas ace CAN A LN Re ey Oe ane, ~"
baseline,2026-02-28,74,AF1QipP2RYAT4X4c-NDudcJktwxOEUxql5rQeL15BA2d,16,"2,20",2,0,0,\ Ez] 2 2 oP J — i: Aad . nes - eb pT pe psa Hg teA¥ C2ets ae y nd Ey PKR Ee CaS ats Gs ae S08 SORTA ae NEARS || he WOR ai ad \\ ESF 20 ~. PF oe ne so iT eare Te af ae KPC “pay bow
wide_lower,2026-02-28,74,AF1QipP2RYAT4X4c-NDudcJktwxOEUxql5rQeL15BA2d,16,"2,1,7,4,5,20",6,0,0,s AN Se a Sees 2 AN Rr Byes oan pee % ER eater = ~ He ey ‘ : OO AT fh. nee See : ey ere : 1 Poe CS. q - ~ Sake AL ; 1 Sat te OEh Pate pA 7 as p ee FAS 1 ek Start tencen ERO AR asS 
center_tall,2026-02-28,74,AF1QipP2RYAT4X4c-NDudcJktwxOEUxql5rQeL15BA2d,16,"2,4,1,20",4,0,0,"ce ; ?, 2 2 . . : - . * + AWS we tes sea"" fp hangy so N PRE AGES yey: fi _ Ve oesae VERS: aS ee Loew ane ‘ Vi WES ess Secee wt \i patina: Wont tah a Sera | OP “| q Af Mie ate, mt o"
left_tall,2026-02-28,74,AF1QipP2RYAT4X4c-NDudcJktwxOEUxql5rQeL15BA2d,16,"4,7,2,1,20,9",6,0,0,"4 e FRIAS ‘| me bene NN AE Leth SE Rotates oh Pp hy tei N pre: ates Grae eee eek eoee ak BN JSP i ote MS IO Aa ORS Ont Oe ra, 4 — ‘ 7 Pw egy as 7 Pa BMT PRES AS; oy iN ¥er Ke Ae. o"
right_tall,2026-02-28,74,AF1QipP2RYAT4X4c-NDudcJktwxOEUxql5rQeL15BA2d,16,"3,4,25,20,2,1",6,0,0,Sue Pee Sut hagh IRS ie Dee tak ae So 3 eek PS EEO One Re PA Eh Le va T po -f PBST Myles Lae TN tse Weve hate Rd SE cone (Suna: TUE fa UT VA RESINS AN: Mee || - io) My? 4 2074. Se 
wide_tall,2026-02-28,74,AF1QipP2RYAT4X4c-NDudcJktwxOEUxql5rQeL15BA2d,16,"4,7,2,3,20,9,40",7,0,0,"t ‘ sf i, a eo Ty Poreees se ay Aisa ode / ) Wooo PS Ghee =, bed. nee dey 4 shiv Was EEN (Pets gc’ aspen PALE poe yy: pen Orcas aa SR SE RW OC: avers: \\ aS mA SE bE a sh Pe eR NN "
narrow_top,2026-02-28,74,AF1QipP2RYAT4X4c-NDudcJktwxOEUxql5rQeL15BA2d,16,"4,7,25,20,1",5,0,0,"an -y Ag See oN vce’ Reco Ve Sd ee Goa ag ES a OS ONAL A ECS 4 a ite en pe , Wee oe so ry 7 po stety PATTY RON Ae WUE OES Nee 4 CXS SAP ep a BOYS te OR AS Nevin aA Rar AULT OMRTT E"
broad_top,2026-02-28,74,AF1QipP2RYAT4X4c-NDudcJktwxOEUxql5rQeL15BA2d,16,"7,1,3,20,4,9,40,2",8,0,0,"yee ee ALew - , _—* a 7 sa \ ° RD | ered! Tn. AS Shines press 1 POE Gee aM ER Rea eh SS oho \i eae An oe ne a wrt 3 Ff “1G. 82S AY eerie ELT et he ae betes TSS AEBS RUN Wess eae i "
baseline,2026-02-28,75,AF1QipPt-NKTgu4l7exf9nLGOkV_cyNzDV83exVU6qIp,17,"5,3,4,6,2",5,0,0,"ener BG C a Rae: SEN RET Gps geen = BO ee, a So Pe saettyy . eee BISA en Aw Sf 5. Be SI ae || oe pe. BAD, 3-4 o's rN, ig SEN 3: Pb, ar, i we & ™ sens ae a } LIS 6. & a EN irs £! ee"
wide_lower,2026-02-28,75,AF1QipPt-NKTgu4l7exf9nLGOkV_cyNzDV83exVU6qIp,17,"4,3,6,8,2,35,7",7,0,0,"ey a » AN ES oe “an GAP: Sa ES Ny? Sey , ae : EA Re BESS x ty ARR Sacto ERTS ath Se w f NIN fF BERRA OW. 0G || . 4 ree ye bA ots u@ iy a) Pw} B; sf a ass eas re $4 ia “hin Seed Yo "
center_tall,2026-02-28,75,AF1QipPt-NKTgu4l7exf9nLGOkV_cyNzDV83exVU6qIp,17,"2,8,4",3,0,0,"ett: tee W Were ‘ire x > ee ae j JER) RAS 2 ct : ry ny Ae an Fa Wiau on Mara pee LE RES” _ a: we. 4s || SS wp: AL om, ral ee \ wry, RE J 0 se Cx) Las Se (Zo ae ae ye bA \? a) Pw} u"
left_tall,2026-02-28,75,AF1QipPt-NKTgu4l7exf9nLGOkV_cyNzDV83exVU6qIp,17,"4,7",2,0,0,", ee re, ore, ae We ey i ee ‘ 4 Loire: wee oA Wea & ESS AS » Lee Nees os LESS be TNS: © ot Eee Co fi a Ta PS Sy ah RATER ne AEA ip i ae BEERS oa YRS See Aa rete RPE Ries aren s ee "
right_tall,2026-02-28,75,AF1QipPt-NKTgu4l7exf9nLGOkV_cyNzDV83exVU6qIp,17,"4,3,8,7,5",5,0,0,te A oe j on x “AS (ane S nine —_ eo SPRY Oo See en Ege tetegy See - Oe TAY oe te ; Sey ean par ee || ral [RS se Las je Pw -* a \? Pw} b ret wa ass 4 a Te $4 ia my f:. i ig. hia. A
wide_tall,2026-02-28,75,AF1QipPt-NKTgu4l7exf9nLGOkV_cyNzDV83exVU6qIp,17,"3,4,5,8,6,14",6,0,0,"On Me oy be a a 3 Ub aS ANGLE SB wwe A a warts ay as Neer BAS if Pret SEAS eA EY May Of. CR Sees ci RE SS . YAN: $ Naini: : : x ae “3 i art £ a eeee ; ‘eet, at aS a BALE Ee Aa f , "
narrow_top,2026-02-28,75,AF1QipPt-NKTgu4l7exf9nLGOkV_cyNzDV83exVU6qIp,17,"9,7,4,8",4,0,0,"nr f AVR RE LAX AE. PRA cede ff Pe acy f at chy "" AES SAR Noe TT tae aT AY Oe Sa _ a UI ft amgtpar || Soe hier. 9 ah a Nye As Aerated Sy Pret =e 7 aN Pe 4 rote N's AY; wiry Uy oN &"
broad_top,2026-02-28,75,AF1QipPt-NKTgu4l7exf9nLGOkV_cyNzDV83exVU6qIp,17,"4,3,1,2,7,5,8,6,9",9,0,0,"qo aT RAN Nr Ae ere ow PM RRR Se NS: Vo OL EN a oa AAG eee 4 XS Pat eerT han Sour ed whew ero oe EST NEE Te My ho N ‘ De ee Vek < - be CN acy 3, rn REDE GB Vey RAEN EOES wooo seed "
baseline,2026-02-28,76,AF1QipM3K_2eWKR3kFYVV0WlwN2N_K4-6RcdKO14KMcg,18,"7,2,40,3,4,9",6,0,0,m™ AT. a ge ON a an 7. wet “s ‘ REE PANAy dee ae \ ¥ 7 ioe noel AM. : CA Feeney a ee EE Se sO ‘ ee fete UN PR vxr a on — aoa roma Ce ML fi oo KS) || uN we: om er Ary a “2 La oy 2 4
wide_lower,2026-02-28,76,AF1QipM3K_2eWKR3kFYVV0WlwN2N_K4-6RcdKO14KMcg,18,"4,2,3",3,0,0,"Leet oy N Vv i mab ant es . EYE bor NN iA tf ie elem eae tc ay mn bod pS atts — <= 4 : eee : || ee vy WE 2 &,Y at i . Lae Sd * zn NO a ae re ine 2a i ee ve 3 ¥t ws Any [Ant Gf Paes"
center_tall,2026-02-28,76,AF1QipM3K_2eWKR3kFYVV0WlwN2N_K4-6RcdKO14KMcg,18,"4,3,13,2,7",5,0,0,"eS ON ne i | wv ee oan Tne NY seat - A ye eS Se. eee i 4 ih As | rh: SWE Sates is iy ae. we Berd oe || ed t+ wo? ae oy ¥s ve ry aN ry Ny ae ana we ~~ xo “_ ie we we a Mon et &,Y = "
left_tall,2026-02-28,76,AF1QipM3K_2eWKR3kFYVV0WlwN2N_K4-6RcdKO14KMcg,18,"2,4,9,6",4,0,0,"Gu a, eae - aoe . y ad. NENT RS ATEN Me SEAS YS Base seat “We wr TT Fhe) oe he wer aS aa Sy Pan ett h 2 EIA ay B SPN RN Ss ranean Py CaS aN iat rf o Mass || (Toes ed t+ Aas be ry ~"
right_tall,2026-02-28,76,AF1QipM3K_2eWKR3kFYVV0WlwN2N_K4-6RcdKO14KMcg,18,"4,7,3,5,2",5,0,0,"a Se, nee A ad oe Sn x a5 eae eae psy Nl Oy ae, eed “ ; ~ . oo: 4 . OC PENS eek Sh Ove7, ik Gn Ve aha, ai AEN Yee Sadr Tn G ae | BUF a se ear pe, ees 4 df Fa GS 7 Fe RO EN . Sey AN"
wide_tall,2026-02-28,76,AF1QipM3K_2eWKR3kFYVV0WlwN2N_K4-6RcdKO14KMcg,18,"7,8,2,5,3,31,6,4",8,0,0,‘a Gr _ © 's oo A a ' iar At rai an s . May ibm at: a . 2h o ae Ty ayy Ae “ae BS 7 Py % hoes [VIga Ce Nata” ae ayes 8 EN Sates tg pliner errs TAS ee Mens: Re AS pad Sire a aes Sot 
narrow_top,2026-02-28,76,AF1QipM3K_2eWKR3kFYVV0WlwN2N_K4-6RcdKO14KMcg,18,"7,8,2,4,3,14",6,0,0,"{aN ay 7. aan way, ttt * : SEV ACT aia aa. "" pas i \% ey w ah, eet Syne e rat eG fy. te 8 ota FREE N Ve 2 || _ Uw re —< Aw Li yd .. cnet! +4 \ EN Ne WY at ied 4 = w? ry S ~\* ~~ “_"
broad_top,2026-02-28,76,AF1QipM3K_2eWKR3kFYVV0WlwN2N_K4-6RcdKO14KMcg,18,"7,2,4,5,1,3,9,6",8,0,0,"eke ttg e LYS bar. Rel ag de SNe et ey A 7 ue a). Vs besa tp ON ie Disa tvas ~ ey ht Tar, > ERS ae Ly VN <n “"" i ee in ae an ae ge, SST Mees Sew gecor 2* Y . 7"" ae AAS eS Tee ae, ."
baseline,2026-02-28,77,AF1QipNMQsEruJledTyWMij7GISvUPBwhasq7B0JWtMm,19,"4,2,3",3,0,0,"we eee. oA se o ar BARE Ha, ES OO et yin he A Seay eer Srp & yee ee ote Se AW ay eee aoe dP ates ay 4 basa he Aue 4 EAS, Ms ee ad - ER Bal Atte GOs WL CR GEE Os aed F se, 2 pee Ste"
wide_lower,2026-02-28,77,AF1QipNMQsEruJledTyWMij7GISvUPBwhasq7B0JWtMm,19,"2,7,4,22,3",5,0,0,ERENT Cee UAE Ves dae EA ob tL PATER. NOME a ald ORES. OUD Neg een dd. ts Gee pr ea TOEFL SE ORC NP ORU AME OF OD RANT Sir NN ote Sead cman Spats Ws RNOLD ey REE GU ues ay th Pecae
center_tall,2026-02-28,77,AF1QipNMQsEruJledTyWMij7GISvUPBwhasq7B0JWtMm,19,"4,6,9,2,38",5,0,0,"1B Po AN Ee - Tay Seif ie oa fra ks 4. Ape Sd. [/ GREE ; Ks ple Swe ""ya 6 MBS whey AEE Senet AN Oe Se USER SER : ee cea ; Rs, Peete eva Nodes PA ear k ESD IAG EN Wa cesSect nat 9 T"
left_tall,2026-02-28,77,AF1QipNMQsEruJledTyWMij7GISvUPBwhasq7B0JWtMm,19,"2,6,4,22,3,7",6,0,0,"CPM IES Lees VR if ta ie ob ee an eee Ag JANE a ¥ RRA ADO D as ‘~ ° ; wee a7 ay . : || vi 2 Ae Dale aoe XS oo ak ‘6 aye iy ‘sh / vA i Zhe ae ax. aes ie 4 MBS, ‘ad Ee ""4 rey § ny . "
right_tall,2026-02-28,77,AF1QipNMQsEruJledTyWMij7GISvUPBwhasq7B0JWtMm,19,"4,7,6,5,1",5,0,0,"4 ee eta ~ f Si cit ie SR. Se pests wit ee STAR ee [. WGA BR. freee edt EEE EN ete } ned eeate eke . PA ""e3 pa OAS a rie Seek . — DT ais 7 43 Dam ~ —_ init at aa + . renee nee i Cy"
wide_tall,2026-02-28,77,AF1QipNMQsEruJledTyWMij7GISvUPBwhasq7B0JWtMm,19,"7,4,5,2,18,6,1",7,0,0,"Rte re -_ Qt De re Se oe Se ES AP cc potas ASV af ORES eS j me ToT Va, ar Bee NY EA Ss aes A Sanaa 7 ROU ae Ate “RAT NS 4. v His orks ae he Ze. £82 Ppt ee sn Ra rae Mey Ee GE Vigan"
narrow_top,2026-02-28,77,AF1QipNMQsEruJledTyWMij7GISvUPBwhasq7B0JWtMm,19,"1,6,7",3,0,0,"foes, . ee . eseOSGR UAT gp eS Beg Aey eet 1 ee ay CAS RD ANS CH OTN, Says NC <: Bee OES) coon aTN y ee oer eed —_ veel || ete te wy he ax Pa? A ie rd ass Poin ‘x Natl st “ah eat a"
broad_top,2026-02-28,77,AF1QipNMQsEruJledTyWMij7GISvUPBwhasq7B0JWtMm,19,"7,18,6,4,9,2",6,0,0,"PY POS aS Agee ge RS, Be Tian LES LS aed OP Ry SETS REY Oe SEES NBA Needed | Base RAN ERGO IRs SNES CM A VEE EB eee See Stee ON eS get rg ee ~ . - - . a . 7 ‘we, , en =) oe . : { ."
baseline,2026-02-28,78,AF1QipMHqWeE93q9Ovs7OXkLreQyw8t1TVWR_HfNzrv1,20,"3,4,7,23,2",5,0,0,8g a PN et ORO 3 rip wae “A RET) Sn ae ene s Both REE SOS Seog A IE VR Ge ea Fe Se Venter a AS Wo: & 4 SR eare EE fice Pate Yay YS Rong eute APA 7 Sait \ Ena RRC Pe . + ard 3 fr ||
wide_lower,2026-02-28,78,AF1QipMHqWeE93q9Ovs7OXkLreQyw8t1TVWR_HfNzrv1,20,"2,5,7,22,3",5,0,0,"a, a aN ST ne MS Chale a ae ° at 2. el qT fe VANS ety con Y Fond fea ~ SEENON: tr pees, SES Ree EAN AE ee ae. ates ep Ta ARG EEN Gat hs ene Pa cae S| A RSC ae wi OLE yee panes a a "
center_tall,2026-02-28,78,AF1QipMHqWeE93q9Ovs7OXkLreQyw8t1TVWR_HfNzrv1,20,"6,1,4,5,3,7,2",7,0,0,Veer eels Wi Vaya ea g z . sa Sse tev eee P om . Lies ON NSP Pe eg foe end Sones ! aaa teres by bite rere INE ey Ese Pr ‘ ys SSC aETAN. RAL Wy Lee wien aes ie \ GAIN Se Ee pete DAE
left_tall,2026-02-28,78,AF1QipMHqWeE93q9Ovs7OXkLreQyw8t1TVWR_HfNzrv1,20,"1,3",2,0,0,"he RES RES Pm REE US Sep eri gg hy ay ARE EES ANON co Ser NOS Re ae Sere Ane ree 1 YR NE Oa hago FR “ay a || ‘ey. ae SATS Lote AMS Ee a re wer Bas a4 ive ean ae. SP adn, wet F a> a"
right_tall,2026-02-28,78,AF1QipMHqWeE93q9Ovs7OXkLreQyw8t1TVWR_HfNzrv1,20,"7,4,3,2,5",5,0,0,"SY ANNO eat eg | eal URE MLL ee Sane aa . By oe Sey es a cate 7 “ Yi 4 { ae aera PI oh NES eC BN A Seo hE ats te De at, Wee ety p oe J —r! Tae y N AST aS S., v ses he praee a (aoe "
wide_tall,2026-02-28,78,AF1QipMHqWeE93q9Ovs7OXkLreQyw8t1TVWR_HfNzrv1,20,"4,5,3,31",4,0,0,ey REM TEC STE GS ee ely a Gt ars BN pet LES Pe Edt gh pee FE a2 ie SAS 4 RGR aes ee ee he Rees oe = Ree SV NEVASS f Per AU eet oe) fee ANS. Se A S sa aR ee aS A e550 te iA Sar es:
narrow_top,2026-02-28,78,AF1QipMHqWeE93q9Ovs7OXkLreQyw8t1TVWR_HfNzrv1,20,"3,6,4,7",4,0,0,"yaa 3\ Neeser pos Se NASELY, Oe ee shee Ps he eee oR Cn wceere ae ae aan WAC S a gy? ak BESSA EAD || aS o4 ar Eade “6 ris OAR Se! nt Re x xixg, t. =O * aay ws “4 fe, aN * ies ax w4"
broad_top,2026-02-28,78,AF1QipMHqWeE93q9Ovs7OXkLreQyw8t1TVWR_HfNzrv1,20,"1,4,2,3,8,23,40,5",8,0,0,"A OMA ARC EEL eee Wats Re eT poe ee Se eos a Nano So hee SCRE Se Na aS PEGA UNS Sat ae aR LR Sota) Bee S ate ate ELD AO el BG 1, Fj wena te feneerar & - : ‘ FERS Mae RL ae NN SS Wa"
baseline,2026-02-28,79,AF1QipNG6W0i17Q-VM-w6wkrd8SPa1f4hLgktZhrqvPZ,21,"5,4,2,12",4,0,0,"ANS BEL, LR eee oF Wie Cart Fe 5 Fs SUNRS Regie Riese VA s PEER EOS + ah aoe Wa ‘ afd Py %, ee Sie? Cae \ 4 “* . Ne rae) Wed 4 tar AY Ace nat Oe ae : 2S Pears Ne uy TNS Reaves) 2 \"
wide_lower,2026-02-28,79,AF1QipNG6W0i17Q-VM-w6wkrd8SPa1f4hLgktZhrqvPZ,21,"4,3,7,9,8,23,12",7,0,0,CLS TSN DEES LRA Mele ey 4 Se Herne? Sy ees Rite aR RCS Zep ASS PON. epee es nog TEN tp ee RAN Tee he og EA Aes 3 : Teh Meee Weert VW oe “. Set: he _ Y £ St Ot ara ‘< ce yo ete XE 
center_tall,2026-02-28,79,AF1QipNG6W0i17Q-VM-w6wkrd8SPa1f4hLgktZhrqvPZ,21,"7,2,34,3,4,23,12",7,0,0,"Rr SEAN ries a PtP AS ean OW AA om EES Pan Maaco 7 A ee SE ONES NES = acusuee \AWES Sea eee iS eget ARS ENGR Rae So ay Se Ga hee eS, oe A : wat a - ) Bee ii : | ——w yw fl eee } oR "
left_tall,2026-02-28,79,AF1QipNG6W0i17Q-VM-w6wkrd8SPa1f4hLgktZhrqvPZ,21,"2,4,9,7,20,8,23,12",8,0,0,Sete le * fF. Sash Ref ope. [ee PN Sa ee . ok tsa : Fe CMA? gn . $ORGS PRO RESIN ENE Sch : ry RNA Sr Shes yee nat A : Sige PRES ae BSR a i) > a! | SORE CER = Gol gir LEAT ASE AND S
right_tall,2026-02-28,79,AF1QipNG6W0i17Q-VM-w6wkrd8SPa1f4hLgktZhrqvPZ,21,"2,28,8,3,4,12",6,0,0,Fp ae ¥ LA eY Oe RES Oe x Bs ete ee met ye halid © AS Sng Note en en ieee a) Be Siete wae Ye pees?” oe es ey NN i ye wy AX AAS in SEES MAGA AS ES A Ee xe - : ; ae bia re : ae eB aT
wide_tall,2026-02-28,79,AF1QipNG6W0i17Q-VM-w6wkrd8SPa1f4hLgktZhrqvPZ,21,"1,2,5,7,4,3,8,23,12",9,0,0,"BART > ee eee ees, F {¥ Peary pemmereig: <o Aeocancey AS tes ee ep Be Steen BOER SINE Eat Nip Nag oorkly. I Fa : SRE REE ie NCTE TAN es, REECE CRN \\ NE Co Shen mete ys, educa act "
narrow_top,2026-02-28,79,AF1QipNG6W0i17Q-VM-w6wkrd8SPa1f4hLgktZhrqvPZ,21,"7,2,12,3,8,1,4",7,0,0,"- -, ~~ . ‘ ey ar A . . ay oe owes Pent <i a. aN ne TA et caer aes Mek re aes Bea & Deere Det a ES 7 MRR eRe rh AN Roe en Ra Any ie are iw) oat AS aac eye SRY} ae Ore aes RA ES AON"
broad_top,2026-02-28,79,AF1QipNG6W0i17Q-VM-w6wkrd8SPa1f4hLgktZhrqvPZ,21,"8,2,1,6,3,23,4,9,12",9,0,0,Se eee oe LP hc eT on VAST ES FO ROR Wee ooo et QE ees Seas eck rete ANA ar EAA S owe ARS ie eee S Wee be Ne Sear fees)? Rea ak aay OV. hep eS SNS BS 8 ROVE a eee NA REE eed - 2 eo
baseline,2026-02-28,80,AF1QipPTRenQMhPx39xK37cc9nA5xBE66nR9bwAbJES1,22,"5,7,4,3,34,2",6,0,0,"jp we® te wee He"" fo Sess cr Hele she Wie 5 ee fee /7* Sie AER ees \> Neg iis We Sees: aa a ne os s ee a Ry Ween Ses Se IRN OE ee TAS NTA eS 4 a Lao, f ae eet mai y, meme Sage Lae!"
wide_lower,2026-02-28,80,AF1QipPTRenQMhPx39xK37cc9nA5xBE66nR9bwAbJES1,22,"7,3,2,22,5,4",6,1,0,"-— re oe + oped fo oD ot Gols & Si. ved oe . Oo Hrsg ANY ADAIR : PORES RE RR ns geet Neg OIE 7 , yi wt fa os 7 . XN ’ A De cal Wes He See, Peres axe"" 7! Nee peasants Fe VR ye ie RY"
center_tall,2026-02-28,80,AF1QipPTRenQMhPx39xK37cc9nA5xBE66nR9bwAbJES1,22,"2,7,4,3,1,5",6,0,0,"wt. ae naar WE. Sain Dane eae ee ee, SPURS Seay Dali NOS aes Oe Pr AAS Drak SRA Rar es Mire te BER: eee Se ans _—_——— a ‘- ""soe nee ye, _ 0 arene ce ‘? a aaa || wel! ow ates Cone a"
left_tall,2026-02-28,80,AF1QipPTRenQMhPx39xK37cc9nA5xBE66nR9bwAbJES1,22,"7,2,3,4,5",5,0,0,"_ oe ot * na wo a oe Te ee Boe, ~ 7> eA at! wee 2 er fd Ge Me BE ONG eN } he had re EE BLN Merce i ee yaa pe Pat Pe ee Nason ans Po ee ete Ae age ea pate Od LEAS url, hs vee Qe ees"
right_tall,2026-02-28,80,AF1QipPTRenQMhPx39xK37cc9nA5xBE66nR9bwAbJES1,22,"3,4,2,1,25,5,23",7,0,0,"pec a fo EY RAGES or Ak CARS an ye, eREA Nanos e SESS APT REN San a RR RET Cone . EX 3 petits hres As Nas, wie Rat cnn a . ere ate mate ree Rigen ea BN . at wok Magee: erie , # ee "
wide_tall,2026-02-28,80,AF1QipPTRenQMhPx39xK37cc9nA5xBE66nR9bwAbJES1,22,"7,5,2,4,1,3,25",7,0,0,"we ee hee cer Acoma email ere ry a eect no ee Sele A aT ee me mts . rn ae pn fre we ea oA 7. aS na syle : ees a a Tt See want ee ory oy A = PRI, | NR aS eee vs Ms on BREE Po Cree e"
narrow_top,2026-02-28,80,AF1QipPTRenQMhPx39xK37cc9nA5xBE66nR9bwAbJES1,22,"1,8,2,4,5,3",6,0,0,"Poe ei een Wh Tepe GONE: 1 \ ES Seg wats sy Tipe So 8 pare eee. || aww. PANE Y oh Be IO se oe ees + ty ve La Serer, — wei ata + fe ane = wee fy as NS — ~ mw cee ee ae “, 2 bar oxo."
broad_top,2026-02-28,80,AF1QipPTRenQMhPx39xK37cc9nA5xBE66nR9bwAbJES1,22,"7,2,9,27,3,5,4",7,0,0,"“eT OF? FE Te ON a. ee . ae a A , Pein ae Cie See Wie te ho San 7. o . = + : . . eS EN et oy 7 een / nt ee fe “Al BC | Sete eee rot woe Ar Cah . SO ae se ces bee Sa A + ne “ , PES "
baseline,2026-02-28,81,AF1QipPEad0ggMJvfwykUpjpTn0KZfxf_TPTkVf04nqY,23,"5,3,4,2",4,0,0,"Te MAD bgt Nag be AN Se Eee SR ONS = Se SRO Peso 5 st, wo lew . ""3 wy an aed {- . . : he aa . ieee a © ae || RN yt ng 4,* ARNG cx i Shug (ie chy a, ¥, foped fees a Leo ph 4. Saba I"
wide_lower,2026-02-28,81,AF1QipPEad0ggMJvfwykUpjpTn0KZfxf_TPTkVf04nqY,23,"7,3,2,4",4,0,0,"BASSE | LE te ON anda hegre oy oReet, _ yo Le Oia wit we Siete OI. PRT 7 Mote GAR || Tk: iS Ee Ni re uh te a cK f, a sgt is eh Leo Crs Crs “ -e bia a, ¥, foped fees a Pi GEE Rees K"
center_tall,2026-02-28,81,AF1QipPEad0ggMJvfwykUpjpTn0KZfxf_TPTkVf04nqY,23,"2,4",2,0,0,"PIT hee SEN hy Cae Haat we. » Ang a OIA eae \*, PETER RS CUA See Weep Bye [7S ae _\- done Gh || aa ‘— Can \ NS 0% te f, ' ys RW feted ee a Leo ve er wee fg $s: bia Cece: =r ; re en"
left_tall,2026-02-28,81,AF1QipPEad0ggMJvfwykUpjpTn0KZfxf_TPTkVf04nqY,23,"7,4,5,2,1",5,0,0,"ele her ey ate “VS , WN ery . (7 fA AY, COLIN Re ORGS Se SoS. Vee aa . SM, Pascoe 4 5 - : || a ial the! i? (EO “ * * aad ee G nh. te \ 147 aN NS Ad 0% ee Narn a Dee ar A) re airy, "
right_tall,2026-02-28,81,AF1QipPEad0ggMJvfwykUpjpTn0KZfxf_TPTkVf04nqY,23,"2,4",2,0,0,"| \ a ’ . A ANG oo"" Ro oN DSR Ades) _ : ~ a “ ye ae Sk STARA Ay tw ovte> ON. Bore ee a he PAL NT Cate pan ae ae ra eh ame me Sn tO o: en ees Feb ihe a Pm mw te ee, FT Bey LIER . ||"
wide_tall,2026-02-28,81,AF1QipPEad0ggMJvfwykUpjpTn0KZfxf_TPTkVf04nqY,23,"1,4,3,2,25",5,0,0,Paodeh een : We et ea aor ee 9s NS Rm wp oti os VRS RY HES: SETA ERG Ne Saas eee Sete SS RN Ss Sane . Pa FES IEAY BBA Oe ' oS an - YF peal araks eR ty Meee OLS. . || oh my f4 A\s \
narrow_top,2026-02-28,81,AF1QipPEad0ggMJvfwykUpjpTn0KZfxf_TPTkVf04nqY,23,"5,4,2,3,1",5,0,0,". ’ oa , ~~ ” . ren CO phon SIN, Fe ae FA oe IN, FICE SRG be en seen || ‘— Can \ {J a ys SONS sgt @ 5 RW “+ bia a, ¥, feud 72 ros fs: \; 4. a Ras “eee dos RS 2 v's sue The 3 Meek —"
broad_top,2026-02-28,81,AF1QipPEad0ggMJvfwykUpjpTn0KZfxf_TPTkVf04nqY,23,"7,1,4,3,2,25",6,0,0,". . nN . ery. “ oe - ; \ ware Ae oo Anata o ms , Sete KASS f ae ‘ OES Iie Ns ENS Ge ON HES eRe wre mney BREN Sor Tia PR. oN oe fe 7. PN SP Sat . Go EEN TES : EI OT || ee ane . Som,"
baseline,2026-02-28,82,AF1QipNOzHkk4-QYEg_3emd3syx5Z1IN3w8aJct-UBNI,24,"7,8,2,4,1,3",6,0,0,"At tate 7 EL og £8 2 Ooo. Feeyes Pe fa a of OT ae 4 ACD Foland: ROY Ine See rae oS . « RB & we = RAS AS UC ay ee vis a 1 Se MN Se — Se || ante Key ae > TES. ba AYR ‘A ;"" AC {et 3 P"
wide_lower,2026-02-28,82,AF1QipNOzHkk4-QYEg_3emd3syx5Z1IN3w8aJct-UBNI,24,"2,3,4,5",4,0,0,"“we fat A RRS A oe Nien Laat i ENS ree OLE ecegaS SNA eet AS eee pe gi xem i ee ees Rese Os Err as Ry, nis ae Lege Bh SRN Ee BA GRAN Oe) es Ps Sree Se 2 ‘EPR, Se Pe EORN x4 Sicr 2h"
center_tall,2026-02-28,82,AF1QipNOzHkk4-QYEg_3emd3syx5Z1IN3w8aJct-UBNI,24,"2,4,3,5",4,0,0,"S07 2 PSE Ae i ¥ ARSE EAVES, 4 ARE FO8 BR ne Cy eT) ema Tape AT ee eas MN a EE AD BAe yi DA Ba ALS oh See Naver a EEC S Rae EAT NER RE TPE A: AEN ee Peay, -y peatibes 3 eles NS ae,"
left_tall,2026-02-28,82,AF1QipNOzHkk4-QYEg_3emd3syx5Z1IN3w8aJct-UBNI,24,"4,2",2,0,0,"a are J ied ey ce Seppe . ~"" econ oe te: 4 ; Pe as eee Mag. tee been Ue , Died _ von vo . AOR ae rary S a (ae pk eR BN i Z ‘ : ‘a Fee by ae Seale jase pee Men Ge eA, Oe REN este es"
right_tall,2026-02-28,82,AF1QipNOzHkk4-QYEg_3emd3syx5Z1IN3w8aJct-UBNI,24,"7,3,4,32,39,2",6,0,0,"of Sy 7 tw ae. Satins Sar ae Axe nna eae NY ES SIRE aaa gs TN SEU PPR: To way: SEAR a we ONO OAS BESS BUN Yeredas Bees oe, [RSs iw ENP Ta . oy tas PSS SA Pee aE ee EN Sercecte f PI"
wide_tall,2026-02-28,82,AF1QipNOzHkk4-QYEg_3emd3syx5Z1IN3w8aJct-UBNI,24,"5,7,4,2,3,6,20",7,0,0,"ei bed pe ; rages Teer ROT praia RRS Sete Bs a SOU Vane 5 et AR EY Rae Serres Leider Ly ee ON OS Aa eo ee NY | oh ol NET SNE ae ES aeCe 765 Mae eS a Z,7 ce SY ADR eee BAAN ere | ee"
narrow_top,2026-02-28,82,AF1QipNOzHkk4-QYEg_3emd3syx5Z1IN3w8aJct-UBNI,24,"7,32,3,2,8",5,0,0,"g _— as Ce ile a bot J BSN i} +a oo, 7 Yay nee ALOE Peen ae AY ARES Ne eo iz eT eres eee BING hoi nah ON ie es Sone Sai NS UNAS EES Baha AS Be) cuareon eee d are RE aN ¢ || eee) Ss"
broad_top,2026-02-28,82,AF1QipNOzHkk4-QYEg_3emd3syx5Z1IN3w8aJct-UBNI,24,"3,2,4,8",4,0,0,"ss wrens en ah Se a © he —_— _ - Fe: = ’- es ESipcrinnaniey es kee aie L Sa 0 Saree SS FE es reve’ on a i etioed ‘ Y pore NT naa Co * art oo, . OF a ae ° £ Js ait |? a ere , eid pe"
baseline,2026-02-28,83,AF1QipNEys5hf77ERQncizSI1R9M_ZCVJsXn3XcxnI5w,25,"7,5,4",3,0,0,a AS A SER 7 Noh Ks a eS Orman ABR PACER AVA NGA fore Fee SR TT a eye eet UP LANES: tet Ee San SIS: We ees: Sart Bekah Capes en VY Wake ” : ie aes 5 A oO Ree || ale eee: ‘ee a fe S
wide_lower,2026-02-28,83,AF1QipNEys5hf77ERQncizSI1R9M_ZCVJsXn3XcxnI5w,25,"6,4,2,1",4,0,0,"fect) "" wee aos Re ATA y FG cigs ease ee Ag RCE Ce! wt. vf nls wey SS ARO vay oe ROR 6 . ed yh +. Shr’ Pope . oe RA ee ik + Ae Mt OS me CEN pe: Aare Th pte Mbt hie £ ATES Te ar SEA"
center_tall,2026-02-28,83,AF1QipNEys5hf77ERQncizSI1R9M_ZCVJsXn3XcxnI5w,25,"5,1,2,32,4,22,27",7,0,0,"5 As, Seek? ‘ ie So Dcokk “S) sete ALE oy Lo pee ae ca Uke Teva te AS. py ka s te , ar ; EAS | Baie fis Nae) GRY 1: soe 5 ee xt » oe ee eg” ES aXe Fan ee Nels! Rasa ee BS “VL Sighs"
left_tall,2026-02-28,83,AF1QipNEys5hf77ERQncizSI1R9M_ZCVJsXn3XcxnI5w,25,"1,4,6,3,7,33",6,0,0,ag Ras eS i pate h; PY wereld At Oe a ees v pete Pree aca ee: eed EN Bienes AAS re Tee ae Aw Leto “ES Ae aka | ee EAS Pecans K Cases a SES ae ei Sona b 1 BAN fee LAN YK fy 4 oi pt 
right_tall,2026-02-28,83,AF1QipNEys5hf77ERQncizSI1R9M_ZCVJsXn3XcxnI5w,25,"7,4,32,18,2,24,22,5",8,0,0,"7 neg AYA - Sea ed —_—O See Sh : pehe F Ie 8G 4 ee | Ves SA een tea See . aN, EYP Op by Ng ho RR Rast aa Serr Aare : - : PORE AY. Cie “RAS oe Pes, tie LAN) ARS Ae ES aL ‘ Bip eeh a"
wide_tall,2026-02-28,83,AF1QipNEys5hf77ERQncizSI1R9M_ZCVJsXn3XcxnI5w,25,"4,2,5,7,1,29,32,18,22,30",10,0,0,jog 4 iy “2 Rea « aay ra 5) Ay | See es a Rite SSS NEY I : ‘ 7 ate T ey) tats Avo ae Pre ue BEES RG ae ey aa 4d HES RCo ee ey LAVA ae A . art oY aa Gre NE ESL DER CRES hs SA REL PL
narrow_top,2026-02-28,83,AF1QipNEys5hf77ERQncizSI1R9M_ZCVJsXn3XcxnI5w,25,"5,7,2,32",4,0,0,ie aed XEN Wide < rings as og ya 5 . Bye Ry” DES Fa ane Al ne oa OS NE aattt ENCES SEBS Ey VA || A\ 7 7 tt EST oF ‘ i. S ap? ‘Ss se ak ry ad we . 2 td is xe i 32 ae see yin 5! oF a
broad_top,2026-02-28,83,AF1QipNEys5hf77ERQncizSI1R9M_ZCVJsXn3XcxnI5w,25,"4,1,8,7,2,29,32,18,3,22,28,24",12,0,0,"oA ) of eg - _ eo! * . { 4 . “| fia Pa er? a lay BRE ne gd ws fee. Pape WS ‘eee FP\n BS il Care ae OK : Sate, RA, . WARES hd eS EN . SSS GSS 1 ke Poy Me otc erhsre aes ‘ wa RSS Sea"
baseline,2026-02-28,84,AF1QipPsUfaWpyRhZsQFdVQ32Jbeb6r_i36h3t5W9puI,26,"4,7,6",3,0,0,<r Y wy cr 48 ek Re er A Ga a Ae tZ EN SEN a oe penenerees Ty a von Bes! eae LAr aAMe Sree Ar nce Snel Paver AN Bercy See ey AYE eam ph oot BA A Va ean EERE SENS © Ch AR fee ON Rid
wide_lower,2026-02-28,84,AF1QipPsUfaWpyRhZsQFdVQ32Jbeb6r_i36h3t5W9puI,26,"3,9,7,5,4,6,8,27",8,0,0,"‘ , put Oran oe BA Tene Cage 3. aes 9 pe ee be sere VA, Bib 7” fie pan T ee Sank = fie weg Ty A Resear ska) ee CA Gat A oN Ce aes oF Deg hg. Ses Pee Boye PAT EA UG ee nt Cae esr ty"
center_tall,2026-02-28,84,AF1QipPsUfaWpyRhZsQFdVQ32Jbeb6r_i36h3t5W9puI,26,"7,4,5,2,3,1,23",7,0,0,"en ett. Sy eee ; ~o: ion), ae art Bn ra\oe ae eo gta Le pO Easi 548 Vad Be Oi 7 | : a WER ey eTERASS SEAN PaaS * ayy’ Pe eeb ise = > ’ Z on Za a4 \ cee ae = ay “TT” tN Ck ie Fe Bt "
left_tall,2026-02-28,84,AF1QipPsUfaWpyRhZsQFdVQ32Jbeb6r_i36h3t5W9puI,26,"4,7,1,3,2",5,0,0,"MN Mealy? - ayen\ Wee : NUD a VA “4, be Ta Lect meted NSN ACETAL EARS: snes >. a ee ee 4 ‘i as “J - a ¥ . 4 ENGELS Bhs eg oF . _ ™ ave . 7 7 St io VAY ne Pees Woes, Suche ee ae NY "
right_tall,2026-02-28,84,AF1QipPsUfaWpyRhZsQFdVQ32Jbeb6r_i36h3t5W9puI,26,"4,9,5,1,27",5,0,0,"- te <a a eee . ya oR ee ar wR Ro POR Citgo eet ‘i CERES , Bercy lee Leia eet ue Sa Lim Ay SUE tt SA aE sty Rs ‘ —— wats ay 4, teh oft FO been, we Ent ‘Ke Boe *) SAL A Vee eg PA Be"
wide_tall,2026-02-28,84,AF1QipPsUfaWpyRhZsQFdVQ32Jbeb6r_i36h3t5W9puI,26,"7,2,23,9,3,5,25,4,38,27,6,1",12,0,0,"so a at ey Met. Ns ; tis ; Ww aay ae . i et oN Ne pew ta — ms Or aay 7. bed ne Oe . Ye h,¢ » t nae A Se Ae ey "" ah . . = seer) rn ek! oss CHES: Bek - ie ns Ots5 Mine SOUa eee 02 ve"
narrow_top,2026-02-28,84,AF1QipPsUfaWpyRhZsQFdVQ32Jbeb6r_i36h3t5W9puI,26,"7,4,9,3,6,2",6,0,0,"} CA th a wr . 7 Ayct v ea fee NY . an Se ane seaberebek Apiaiest. MSGS ""4 s 4, 9 A. <; sed - “3 ed So Berd $6 Ye “a; “qi esr , af ee kent fey Sia aN Oe re EE oe EOE Ree BY Pre Oy "
broad_top,2026-02-28,84,AF1QipPsUfaWpyRhZsQFdVQ32Jbeb6r_i36h3t5W9puI,26,"4,7,5,2,3,18,29,10,8,25,9,38,6,27,1",15,0,0,"{ a ek lke - of SPAY a an =~ . ~~ Q . =, - Slane cam | 4 are 2H 7 be ax NOS au \ TA aN 5 2 Pe NS > 4 ee: —— — T ran AS Lay ‘ : “~ sa, ee At. a ech Ve tee WS. SERIA BAS ped gs SES! "
baseline,2026-02-28,85,AF1QipOw7mapHrBy7hUZcbIdhXEvbJVXPYN-MnVWdoUK,27,"4,9,5,1,3,2",6,0,0,"Nee ede STNAG 4 © en eat |"" “eG ee Cues aS . ee fare ce iT Asoal “Sat Sra i 9 aN hy ERA Se i RED || TT % 5 \ Ne, od ‘4 a fone 1 ag i aoe 3 By. 2S hs ‘3 ee jee ‘ od ey? 4 ie) wr a r"
wide_lower,2026-02-28,85,AF1QipOw7mapHrBy7hUZcbIdhXEvbJVXPYN-MnVWdoUK,27,"2,1,7,4,9",5,0,0,L) Ls ib) LRA ere pra? Ponte BS Pe De) ALS Soe lean / SS die ti sae WE OA a © ee me be Pea: Ess ety 2 C ck BREE ISS ee OSL SE BOSE ERE SY JE age See ON || “i ae bi ied settee ak os
center_tall,2026-02-28,85,AF1QipOw7mapHrBy7hUZcbIdhXEvbJVXPYN-MnVWdoUK,27,"6,2,4,7,1,3,8,28,33,14",10,0,0,"=f 6 ffra 2 \I4 .* Aa ROR at aes Sirete ty a ape ane) Sra enaeine 4 ea toe Wai age BRS Benne Rey, NiSea Tee ite et are NG ES xe dio t! SET VAY : Say = = 7 Wr pan fe | fin R SAE Eo "
left_tall,2026-02-28,85,AF1QipOw7mapHrBy7hUZcbIdhXEvbJVXPYN-MnVWdoUK,27,"2,6,5,4,3",5,0,0,"mS fra 2 \i4 . f y 6. veer a ee ‘, ' ‘ PERE Fee ATT ""es ted Saas fx ioe) Dae ot RA piri aes cpt , kk aren mat an Rakes Sine Sieg | ' EES ae \ - We i: a OS gay FUGA 5 wh || jd ed By"
right_tall,2026-02-28,85,AF1QipOw7mapHrBy7hUZcbIdhXEvbJVXPYN-MnVWdoUK,27,"2,14,5,9,4,7,1,6,3",9,0,0,"| ; ‘2 14 . ar APT PAT NE Li, * at 5 PY AL as Vee Rag Fi at Sey ‘ ets Se > Tie bk Vs = T PAM eS Le af = fe ia Sects! a“ ood “ hy ee <9 aE NEES Le Hage, Sey : _— 4 ESN eae Nanette G"
wide_tall,2026-02-28,85,AF1QipOw7mapHrBy7hUZcbIdhXEvbJVXPYN-MnVWdoUK,27,"2,4,6,1,3,14",6,0,0,"maf © pera 2 \I4 epee /¢ is: gotta tt ESS an ay Lo3 Sti : PTE ere ATA, PAG Neat Wee Nef Mee BES ie) RLS ae ete 4 Hes Red ‘ Fee A i? erates . “4 CATE Rishg a : . . a — . FEU faye. ."
narrow_top,2026-02-28,85,AF1QipOw7mapHrBy7hUZcbIdhXEvbJVXPYN-MnVWdoUK,27,"4,1,2",3,0,0,"wee , a oe ah \(a\ te ANE me HNN C fyiz j4 <4 acai Aun hy ere lee % Tyo bi eps PSA € re ad fed Ve ef SUS ae aes bs AB io we Shy || pa am 4 \p ww ft \ ? te etapa? ed jd o« al T 1% o"
broad_top,2026-02-28,85,AF1QipOw7mapHrBy7hUZcbIdhXEvbJVXPYN-MnVWdoUK,27,"4,8,2,5,6,1,3,28,37",9,0,0,"OO * - ‘ “ON - 4 Wo No ase [F velar YES . ee , Doe we ad. fa PAT VS [ag Ne . ox Ley ONE) OA Vea fe * SAG REN SEE TN Det No eat ] , We dareieans SSPE Se AVIS See TOSS ' Sab Regs BSA"
baseline,2026-02-28,86,AF1QipPLhP4hNgXDaAMwkaJjzkJSlPBrlSP1h-oCyihI,28,"9,2,3,4,7",5,0,0,"roe. 9 YL MAAN IAA =f eves ae aS ns 2 Airey Jee ‘ Pre BR A: ; ols we \3 RC PY raced + > ee Pee Pa coy. TES: nite, tron we gt Be . vs a Oy ae a eee) oa eat . oc abe | Sen i ae lek e"
wide_lower,2026-02-28,86,AF1QipPLhP4hNgXDaAMwkaJjzkJSlPBrlSP1h-oCyihI,28,"7,4,2,1,3,5",6,0,0,"tem TN “o, nN LP a eens : an ConcSi WLS Ww tN G v Teed ao. Soon ies noe Teak. wy AO AA fu Kor eer hae wea BT “¥ so aye, th saben NS at wags ; un Pat Pes . : NAG _t z ret “ : 7 ih 4"
center_tall,2026-02-28,86,AF1QipPLhP4hNgXDaAMwkaJjzkJSlPBrlSP1h-oCyihI,28,"4,6,1,9,2,8,3",7,0,0,"“say de ob bp, 4\q eee AN vite, = Tn. A CreA NE. igen er Ye Varmits i At — wate ERS 6 en BS: : EU Y Ves ests we . st | EN a a Pere 4 : Caen ny anaes a. Nes fe be a gee ag Sig PEED "
left_tall,2026-02-28,86,AF1QipPLhP4hNgXDaAMwkaJjzkJSlPBrlSP1h-oCyihI,28,"2,1,8,7",4,0,0,"“wy wo és . ’ ' Coan vw eet nA & YN Taree -* - at? R 2, wey ea mK ee ae on, y. an heel RAK om rm sw y eee TONS ES ow Ky TE LO OSI CE SP gh wa gic . 2 SR COA Lm” ir an XS = || ™ ve "
right_tall,2026-02-28,86,AF1QipPLhP4hNgXDaAMwkaJjzkJSlPBrlSP1h-oCyihI,28,"4,6,1,7,5,3",6,0,0,". rv vA . \ he dey . ua Via w nit ‘ ‘ Parr S oe Tm eet coy an MS gah. ar Ms r ~ he ] —e, c . Ma ae ‘ . yar oe ew yrat a) “hae ‘ 4 coy qixtey. ty yes can Ek Shite tee ones eae erg o"
wide_tall,2026-02-28,86,AF1QipPLhP4hNgXDaAMwkaJjzkJSlPBrlSP1h-oCyihI,28,"6,4,2,5,8,1,7,9,28",9,1,0,"‘ so . wn 6 e “4% « a ae ea ee ec ~ VG \ hae tere ey el, & , . ia ey) ea ae _ 4 We eae Sea es Re are : ae “ ‘ ~ 2 TT Yes ON nan ‘ — praas) . 5 Pe ONO a ies so Luin . Ween’ eb SE ee"
narrow_top,2026-02-28,86,AF1QipPLhP4hNgXDaAMwkaJjzkJSlPBrlSP1h-oCyihI,28,"2,7,1",3,0,0,"LD liele ~ . ins a ‘ ry “* : 2 2 ah ' \W - Wt “AN ~ ab . “ for as. AN ‘ A DEG LE ‘ || s] ' ole f ~” 7 | ,>A\ “ Avr 1, a ve. > a ws \s rah om, NI ae oN mes At 1% >. f fy aie ny <we "
broad_top,2026-02-28,86,AF1QipPLhP4hNgXDaAMwkaJjzkJSlPBrlSP1h-oCyihI,28,"5,4,2,7,1,8",6,0,0,"eee VA at lod LA Lares a, . aan *HGFi T 1G). Ver eee Iya ; tee NS mn eee FN SRS Tee eg an prea Sater || Ne | ole G i ‘f a od r \5 TLS *e 4( “~y aaa T |G. aah “2 \ iy weet. ho saw w"
baseline,2026-02-28,87,AF1QipN8lN2IVLqK4sAOJ_vFHm3AXHh9n7uFHwwWGyBK,29,"7,3,4,1",4,0,0,"PeeR ee NG ESR Se % Np tS a yo Tt rr. Tn aed, ’ ee . etl aS ke o : > — 7 || wy Sa A RAS -, Se eae Ree girs i Ke oN I ay 3) SSR wi S08 a van Seen ra oe We el ee I= a agen we ae A we"
wide_lower,2026-02-28,87,AF1QipN8lN2IVLqK4sAOJ_vFHm3AXHh9n7uFHwwWGyBK,29,"4,3,1,5",4,0,0,"PO PPS a VE wR wee? 4 Ae ante — base 4 ‘as et, wet . wont at, gy wey "" Sore Gp eG AL'S Bickers oss m neti Fa hy ae yh Ss Nay od Wea ie eRe BEY iy ARAN RCSS se i RA Re ow. \}. rt ye"
center_tall,2026-02-28,87,AF1QipN8lN2IVLqK4sAOJ_vFHm3AXHh9n7uFHwwWGyBK,29,"4,7,3,2",4,0,0,"= : awa mo, fan “) > i On cet (OPE ne? Re ore YE RST ees RSS are TPN Seo sec! ey Adah SSR F oh and ses ae rf wre ee? 4 Cte ain = We noch RU Pc ere BE cana ae en are ere AeA ei ARS "
left_tall,2026-02-28,87,AF1QipN8lN2IVLqK4sAOJ_vFHm3AXHh9n7uFHwwWGyBK,29,"4,5,7,3,23,1,2",7,0,0,"oh eS { £ Als eee Ua gas Ty Se on) a at ARES 4 oe ' Baek PIRES raAN | WON BRS Sooty j = Weg Boia Rees Ps +, ooh. an Xi Sh We NS a ; > WES aNey : || wr n. =“ ~ 5 ony pent Pa) 7%, on"
right_tall,2026-02-28,87,AF1QipN8lN2IVLqK4sAOJ_vFHm3AXHh9n7uFHwwWGyBK,29,"7,3,4,2",4,0,0,"ey “ nw. AY Coa es TS Lo | wn) Sree per Sie ig ie : EIS he eb ee + Sativa? . (sent ean Doma Seta Sera ce . Bee ups scesin \\West ca sea FOS es OSA atetase te- SAAN PS, a e - A set!"
wide_tall,2026-02-28,87,AF1QipN8lN2IVLqK4sAOJ_vFHm3AXHh9n7uFHwwWGyBK,29,"4,2,7,5,3",5,0,0,we aed” | . ne ew Sern pices odes ae a ore py os oY Ps aT MEQty> eaetes aie) bro no. rae ray Vea 4 Core Le eae Dea \ pb TT TE BRO ESE VEE Cree Axe Pe TY Ni Sti tee ees S\N he piace
narrow_top,2026-02-28,87,AF1QipN8lN2IVLqK4sAOJ_vFHm3AXHh9n7uFHwwWGyBK,29,"4,7,1,2,3,5,34",7,0,0,"4 -~ 7 “a oan . 7” . . . on ° yy ° . 1 eaee ee Pa Sates oly BA Pei 4 2 Ay St 2 : Sees 3 forensics ee yey ay nae epee tS , Arad yeteen A\ 5, epee be (See? 1 ot F SGmaae ys, || -~ oY"
broad_top,2026-02-28,87,AF1QipN8lN2IVLqK4sAOJ_vFHm3AXHh9n7uFHwwWGyBK,29,"7,5,3,2,4",5,0,0,". em 77) Vi S@e ero Rr ere eS oo - ya) ae EEN Ne a aoc | Wn Canin > Re Ry ReRete || oY I]! oo? ntl wr n. =“ ~ ox 7, 5 Ane iM fy ray Pa) 7%, on / ""i. in ant X Fee oa eb EA ia an a b"
baseline,2026-02-28,88,AF1QipMA1KNHY-BkzEndCV8bbb6VSo3d5vNcieos4-_i,30,"33,4,6",3,0,0,"ae “bet AS aN Ra . RONEN Abr eeegeN camo a cs ns. 33% = eet ‘ org FISD t ARIA ONE GAL AGS || ~ Fy moe R Nag NA ae EA KS OL 4: Fi ony ere7, ee = ass at. io Sed Gy RS %, si SEK, Co 4"
wide_lower,2026-02-28,88,AF1QipMA1KNHY-BkzEndCV8bbb6VSo3d5vNcieos4-_i,30,"4,2,7,1,5",5,0,0,"ee? imo wR UL pate: Vg pa aed an SE Se , [~~ Mayet Ge ad f pons ys ie ‘ YS ae whe 4 = Kine QO! re er rN ‘ eee oO AN gps eo On bas ee Wee ee as F A. 2 Boor ees es or ol ted tm SNS M"
center_tall,2026-02-28,88,AF1QipMA1KNHY-BkzEndCV8bbb6VSo3d5vNcieos4-_i,30,"5,4,1",3,0,0,"a a ee 5 “ae! ripe pang! * . Paes t Fay Howie a ire. ca 4 Creel VAN Bir cama ON A ns 1 NEA NRE APACE AO Vee BAA VON ES Shae ae SAL OA Bigs ™ ? wa a . te) os || 7A Lt Cran a@,* +” O"
left_tall,2026-02-28,88,AF1QipMA1KNHY-BkzEndCV8bbb6VSo3d5vNcieos4-_i,30,"4,5,1,7,2,3,8",7,0,0,"‘ * TA >» 4 . ey Ste, Goes fee. een * “f Ea ait cee EE OY WANS Be ee er at eel vrs ne ye ed eta PY AR fae eae oo AC poe we wee ee EE NV SSREETGE fet, > 1b, Zo eS ear TEe A a) ae Ri"
right_tall,2026-02-28,88,AF1QipMA1KNHY-BkzEndCV8bbb6VSo3d5vNcieos4-_i,30,"4,2,3",3,0,0,"ee “. ‘ ai.4 rn Wet, eR ate ~ Re Ets hr are aN 4, OF VERA ! * . s Ree ae: he &: a ety, Sees Sem ENCES nls i an} . 2 sof Ee (4 rr ly - oti on _ pone a Fa Be ae ody eens || ny “F dak"
wide_tall,2026-02-28,88,AF1QipMA1KNHY-BkzEndCV8bbb6VSo3d5vNcieos4-_i,30,"5,7,4,2,3,9,17",7,0,0,"ee el . 5 . a .7 at os aes ee ’ ae oar, ot . . a A age LN pete Ry WW Ie Tear es a—{! Prioge: 7 ~aaW Fon’ De a RORY ESS ted eae y ay Gar (s ise) my re Sey ere atiaae ; mene SSS VE I"
narrow_top,2026-02-28,88,AF1QipMA1KNHY-BkzEndCV8bbb6VSo3d5vNcieos4-_i,30,"7,3,4,2",4,0,0,"7” a a e -Y ; ~ — . ™~ a a —— - ‘ nage ” . . , . \ . A . ~3, NL: RAS; \. H Nye Ores na . comers CANTY or Anes ro AAS see AO Vy Sees = appa ve EES FEL Oe k et || —_ - =? mT}, toe ad"
broad_top,2026-02-28,88,AF1QipMA1KNHY-BkzEndCV8bbb6VSo3d5vNcieos4-_i,30,"7,4,35,38,2,9",6,0,0,"- - Ld bid ‘ aa = a oo ae ae ON . an - .* id | ae wt ee? Ba pee Ss 58 Set once OY Pref Preah 1oN% arn : < Pe Pe wero AAP on, mes aS ae Scat MEP x Aion, eee ENE Ns Wa eee iS Bipot e"
baseline,2026-02-28,89,AF1QipMy07ShH1PZZKTwlfyeihWHhK1NMzrXYVSMKX9H,31,3,1,0,0,Ref eevee 52% Weds eins |? ‘3 swe TL EN Bea\s Ni apes || Pests de Seemiit : Tar rN } > & rata T Wet || PA NG oie wn Sad wa ten Bnd as Soe te thee ? st v Nw 1A] Bj . Teed OSes tra L
wide_lower,2026-02-28,89,AF1QipMy07ShH1PZZKTwlfyeihWHhK1NMzrXYVSMKX9H,31,"7,3,2",3,0,0,"SBRASSITG AI ear A at aN 7 T ae offs. WC See ISS pall SIRS Cee be * ot? Sy Sa Rea eT Ae "" aa SS ARs | ""\ =) SE \ Fa ait nd =} oA. || ekoey yo Ey a ¢ » “ 3 ee. Sy 3! \B {Ahan ‘ a F "
center_tall,2026-02-28,89,AF1QipMy07ShH1PZZKTwlfyeihWHhK1NMzrXYVSMKX9H,31,"7,3,2,4,1",5,0,0,PART f Fp heeente™ bh . dell No a G \ Sri hal Stas S51 | ee “re O ES 7 3 aw rt Te Vayda Reel rm €; nest SB wares Ware Wi 2% & — a aa ~Lie* at AeA | NY || J! b= as fake fae i oa/ = 
left_tall,2026-02-28,89,AF1QipMy07ShH1PZZKTwlfyeihWHhK1NMzrXYVSMKX9H,31,"18,20,4,7,5,32,2,1",8,0,0,"TT Led 18) Nem r — : “ap Lat oh ARUN || uN Y Ed nea i ee é \ es % oy 52, : YP) ig 20 A 4 7 eas enns 7” Pik 7 ON ¢ oie kV otter i \: ene Se a oy 5 7 Ae Yat ? 32 ret TT Ww Bj 1A] Ly "
right_tall,2026-02-28,89,AF1QipMy07ShH1PZZKTwlfyeihWHhK1NMzrXYVSMKX9H,31,"7,20,4,5,2,3",6,0,0,"qT * AL 7 a whe oe | Red eM BPS tee o6 bak Se eat SESE RR Pe tak Sy ot, ter 20 Pe Te he ie rere a BE baat AR re Ge ao ee et mM ee yO || aS ge Fy katie Prop ee a8 ah ay 3H as 4 uA e"
wide_tall,2026-02-28,89,AF1QipMy07ShH1PZZKTwlfyeihWHhK1NMzrXYVSMKX9H,31,"4,2,10,20,7,32,3",7,0,0,"EAT Be EW al ls RNR NCS ba BT ee 4 ab fea ES eae eke hey tel BS Goes) iA 2 WA 2 10 ee So re pay Te ray <a | ‘ ot BY ol NN Coceern || EO) WE Ns BAS Cotes | Meds Prop a, i aN ee ay —"
narrow_top,2026-02-28,89,AF1QipMy07ShH1PZZKTwlfyeihWHhK1NMzrXYVSMKX9H,31,"2,4,1,23",4,0,0,"Wed 2 eT | va Pt SS Es ‘ shes ° 4 aed Be) wea r) a_i me} | pots 4 1 t [oye wee ee Wek: Syae 2, | AF] to a ce 2 it he5? ini || ee o Kh ares Tn . oN qT | tf 23, ay Y : NAT sabe as 4 "
broad_top,2026-02-28,89,AF1QipMy07ShH1PZZKTwlfyeihWHhK1NMzrXYVSMKX9H,31,"7,1,4,2,17,20,3,5,24,6",10,0,0,"SAAT AT PVA, A OF PCN MMT SAN AOL 7"" | an oe [EO TONNG EEN (Seven: ie 1 ped e\4 k= Ved de cam € T = 4 ov “ . , ee eee ie AL) 2° Bee 3I ory a ba yar \esbteet OSA Wak = Oe POP Bacon "
baseline,2026-02-28,90,AF1QipOiBi50K5TwISV3rtRgP2GIQC4IT7UbtiGN28Ps,32,"2,3,4",3,0,0,"Pees ree, S\\ eae LU MP re ep py oat Sia samen'p SAS: [Egos Sey .d PSS We AVES ee ei tes || or atl oh, dep £2 La 3 ye ah e nae om “vt, iA ' at Sf ie be er, 2 RES —) aN ry WE: eae o"
wide_lower,2026-02-28,90,AF1QipOiBi50K5TwISV3rtRgP2GIQC4IT7UbtiGN28Ps,32,"2,4,5,3,6",5,0,0,"ED sees SS TY Caer FAs png EEE ts DS . eet sh\ ie. Spe cose sdeiyng, | NV Se ee ae rh) See Sst Need Nd Ny $2 Migit ed atm ees ee LARGE ey. CAN: nae Peres Rares 4 pees ee ange THE A"
center_tall,2026-02-28,90,AF1QipOiBi50K5TwISV3rtRgP2GIQC4IT7UbtiGN28Ps,32,"4,3,2,7,5",5,0,0,". ae WN \easececetich: SNGE AR 4) ca , mee 3 . Ci: ; econ 3 ee 3\\ Percy {\) Mie ~ rhs is; ™ + ‘a ror OIL Se A Sr tod aa \ ee eR Wee . SEN z Ree 2 Rint ke Satis ; a Rei eae Lak ep "
left_tall,2026-02-28,90,AF1QipOiBi50K5TwISV3rtRgP2GIQC4IT7UbtiGN28Ps,32,"19,3,4,32,5,2,1,27,6",9,1,0,"es S4 19 FR SA - BR EA SH rn ee TN ‘yey Sprint My ete Evel ee RN COG See Saya Woes PA bietierh 3 perce Rares 4 pase I Sievernd WY BE? PE we Pn aesw reat, i < — ane ar: aN ~, ‘ idea"
right_tall,2026-02-28,90,AF1QipOiBi50K5TwISV3rtRgP2GIQC4IT7UbtiGN28Ps,32,"2,7,4,5,9,1",6,0,0,"SNE eA gLs C20 ales coor -— en aaey ene, Seca TAO \> BEEBE eek caer RES rece snal 2 AG “ Se lemeeey _ j\\ Wace CEs SEES NRA EES NE Beageasocreasl 2 \WNEEERS ELT A A Sreersan) RES M"
wide_tall,2026-02-28,90,AF1QipOiBi50K5TwISV3rtRgP2GIQC4IT7UbtiGN28Ps,32,"4,2,5,3,20,7",6,0,0,Siberies 4 tape tts SEN Cre ree eu ED steel PAE RES ANN CSA LN valdteses) \| Ege Rare 4 NSS SS eee Cag ANS sagan \ Sen On oN ee ee ard ee Oe ere eta ay Caen ra OMS EAN PS yee em AL
narrow_top,2026-02-28,90,AF1QipOiBi50K5TwISV3rtRgP2GIQC4IT7UbtiGN28Ps,32,"4,7,5,3,20,2,6",7,0,0,"| ~ rr won stete Sag A ix Lb fate HONS, Vets eee 4 X = See SS NERS | = was S . Fast x So ae ea ee = Apc cd atime, S\N as aA Ra iy _.d WE a eres ryt gle ey ao as ers 4 COS ERI esd a"
broad_top,2026-02-28,90,AF1QipOiBi50K5TwISV3rtRgP2GIQC4IT7UbtiGN28Ps,32,"2,4,5,20,8",5,0,0,"-- “ws” in? ba i i SS) 2, ABE ees Nee We . aes oe. : were ea ae ale Shape ba, wy 2 SIF ""EA ee y ot Sree Cor ae NS PSST? ""ps erie see Ree eT CAIN “Fier anil aes goats SM Wetec Sy WR"
baseline,2026-03-01,94,AF1QipONKQXPCi8_IMuBZYIiNLRXP-o8Gm7HXKwK_kb8,3,"23,2,4,25",4,0,0,"a * — =, “% DRE yh £23 rn AW IV YS ‘ Ean 3h ’ away wee Rca kes) “ ae 2 ray Beas SE 4. ate a S38 teres LN? Sh Soh ie A'S: Siren Ose Vetrs 4 SEN Naan ata) Pe ie Soe ss os yy Sat, » B"
wide_lower,2026-03-01,94,AF1QipONKQXPCi8_IMuBZYIiNLRXP-o8Gm7HXKwK_kb8,3,"2,5,4,7,3,1,23,22,8,9",10,1,0,piwm- & 2 ¢ Say ELON EP TA OS Pel di Tey 5. . en taleaieg eR Yr ae SR aes Ae hs Lit ER ON Ee EE RNS Ton ara a re SS Se Be SP eed ENA QURMaC eS ek GS ee RNA aie Peep Ct exe TU. Wea 
center_tall,2026-03-01,94,AF1QipONKQXPCi8_IMuBZYIiNLRXP-o8Gm7HXKwK_kb8,3,"8,1,4,2,9,23",6,0,0,"q ‘et, A a arenes aes wae a es Sar ae” ‘ Lye ca + raat e eee BA There dh 8 papas Measeon os wel a Me ess cs we eed a BPrhtsk hay J ENN * ACA , Ps Sas . 1 apie we : pate q a ” ( oi "
left_tall,2026-03-01,94,AF1QipONKQXPCi8_IMuBZYIiNLRXP-o8Gm7HXKwK_kb8,3,"5,1,4,9,2,23,3,8,7",9,1,0,"BS be OTT Moore Aa LAnh es Bon Dica vied A feted th 3e. Ni foes CBee SBA *s ot < BR: a vey al gee fie BA SEES bebe TS RE ene Pe EY iP het ag ie ore, Yt Wen? = Se we oa Setar eed ag"
right_tall,2026-03-01,94,AF1QipONKQXPCi8_IMuBZYIiNLRXP-o8Gm7HXKwK_kb8,3,"2,40,4,3,23,7,9",7,1,0,"Sr LRT BN ROLES BO ry, abate ARUN ER ae bee SA a pe Saas B50 G Mean ee Fike yt —~ eye 2. Site Mes “Beth ee roe EERO Cet aes MY EMR eae Lp. wey a4 YS . ADE NG Rea Cot ad Mae feeeg a"
wide_tall,2026-03-01,94,AF1QipONKQXPCi8_IMuBZYIiNLRXP-o8Gm7HXKwK_kb8,3,"5,7,2,1,4,3,23",7,1,0,"pee een) ES WER TRNE Sa aot oer: : 5 on VW Ibs, nt “coh a oy > YS ones - epraty fear ay Arora By, SR! We career” AS se % a S Mp ptt Poe “Sierra = ca Se Lowe NITES Ah eee see 7 ente"
narrow_top,2026-03-01,94,AF1QipONKQXPCi8_IMuBZYIiNLRXP-o8Gm7HXKwK_kb8,3,"2,7,3,1,4,5,23,8",8,1,0,"ede rwenqg * 2 f Ee ot MS, oe Agteocar © fey by Yioes Vals ng : ° 2°. . ae Sed Pastis, b WARee seer gaa j wt RGN abe! Ny! 7 \A = ee af SRILA dae Niety’, os rr wes Wert Ye. f | eee "
broad_top,2026-03-01,94,AF1QipONKQXPCi8_IMuBZYIiNLRXP-o8Gm7HXKwK_kb8,3,"2,5,4,1,7,3,23,9,8",9,1,0,". a Vea eee ee LN j . ' ~ See : ena oth ek! us é ys bf . » Wrerecset tg v1 Ny Ve Sladen SEE A mgs: oo Weegee 2 Be oN TEN on, WES oeeete WSN pe to De ys ein a wean LES , TWAS ieee e"
baseline,2026-03-01,96,AF1QipN5UGDUBJE_TdMqBxwaVvmSpxhobGE5Jpp5IE9M,5,"28,7",2,0,0,"Ac TANS atl onic elt ON Le: SPOR IEE, Sap ae s Saas erent Erte ee a leara ieee Wee — ees, prea ‘ eae go nce er aY, ped RE ete ts ETS Ne phe ee Se . We niet erent, - aie as || eed a"
wide_lower,2026-03-01,96,AF1QipN5UGDUBJE_TdMqBxwaVvmSpxhobGE5Jpp5IE9M,5,"1,9,4,7,3",5,0,0,"RE ony nee =m BF zs Re are pites * kde ga aN TE, pa . a2 4s WA Wee mb Hikes Me LWhtelfets Pp 8S DE “ RENE ES saN peal cae Ne eee eee ESCA PC RT ot iene SSI Aaa & ye. Oe Say Qe ANS "
center_tall,2026-03-01,96,AF1QipN5UGDUBJE_TdMqBxwaVvmSpxhobGE5Jpp5IE9M,5,"1,7,3,2,4,5,8",7,1,0,"ws ge —1 i he whe. Spon 7 fete Xs ad . Hots ie * Y SAAD De We) Rese ie wh c to : Vee . ‘@ seared Vata, SF I Lyne Sah SLE Ne . hae Ob pia LE oe os GRR OVSARUN Nome igh Se Ay Mente ?"
left_tall,2026-03-01,96,AF1QipN5UGDUBJE_TdMqBxwaVvmSpxhobGE5Jpp5IE9M,5,"7,2,8,3,4,1",6,0,0,"Nb VON Whe ro 7 be ee ON S\N tea pet ("" ON x Sa ER Ber TN AAs earth a et) WS te See RN Sete ON 2 Ns MEL ge BUEN Neer x 7 ¥eL a VA ey a feats Srp See CEL ES. of Akela oy RO Ad ote o"
right_tall,2026-03-01,96,AF1QipN5UGDUBJE_TdMqBxwaVvmSpxhobGE5Jpp5IE9M,5,"1,7,5,4,2,24,3",7,1,0,"Re Be Ce —1 i t dhe. Spon 7 fete ; N whe peace wa Tie . se he abs, SO se NOE : EN oe:! oe BA \ Sees yes” pit N A rhe e846 NC “ ‘ & eA ‘ ent Se | ‘ vf itor Af BEETS é va WEAN sep f "
wide_tall,2026-03-01,96,AF1QipN5UGDUBJE_TdMqBxwaVvmSpxhobGE5Jpp5IE9M,5,"4,7,2,5,8,3,24,27,1",9,1,0,"4 ay . , ANY bare? £0 ' ea 7 ay . we ‘ a 7 EN! \ < rey! ‘ . weet] ’ ALS Yes OY ged Epa > ~ set Va FB a PE0y ' EN Sy \ilebeeatieay ees ae wa SO Agestah Wee Lae ea ate We bORA AY Ree"
narrow_top,2026-03-01,96,AF1QipN5UGDUBJE_TdMqBxwaVvmSpxhobGE5Jpp5IE9M,5,"4,8,3,7",4,0,0,"a , . uae Sta ¢ : ‘4 T zim) : NJ Di SVB SN SC sono Ande on ms > ab eso Jin 8 ss. ST a £ Wie of” 3 Py A FANGS Ue se ESE aN SRC er T Ss Bs orth re RMSE hat (insane COtee Petree eet Y"
broad_top,2026-03-01,96,AF1QipN5UGDUBJE_TdMqBxwaVvmSpxhobGE5Jpp5IE9M,5,"7,5,1,4,2,8,3,24",8,1,0,woe a 7 See eng be \ oN NG Ee ee re? aS ee - aN ~ Qs reas ee ok eee SA ™ eT Ws Vee OA \ ieee » 5 os aut ox Par ates han ©. 1. ipl Us rad ene PAN =x 4 a ate a KA iF Ge eae “at iN Ye
baseline,2026-03-01,97,AF1QipMF9sn-jl1cee6mjqNHlog2czXKVlISGoQ3Ubpd,6,"7,24,20,4",4,0,0,"ely BR Bee a ""oe . se F Lae acre, Pa Serra ON enti 7 Lg x - a SRA ER -t PR SESS et LeU eae i Pane TRA OAS PR Sean BZ —""T- - || ‘er 24 20 oe ths >. wagh T= ge ae 4“ ANS eve, a8 ) oN"
wide_lower,2026-03-01,97,AF1QipMF9sn-jl1cee6mjqNHlog2czXKVlISGoQ3Ubpd,6,"3,4,6,2,24,20",6,1,0,at. ‘Leas as 3 Ms oe : Pe te ae . oe ie _. paaeees te me eee rs eh eT ’ a Bere ay Mak Aceh RSS AV E ‘ hy a RN CE yep er Ey 4 ; RAE A ANP oe RA hc Saat VS.:. Tn Re PES AO TN AY ON h
center_tall,2026-03-01,97,AF1QipMF9sn-jl1cee6mjqNHlog2czXKVlISGoQ3Ubpd,6,"7,4,2,24,20",5,0,0,"DANE a0 [7 et Wo BON ‘Shen Ar GEN MERE || f be a T Is ani aes S rae i) or aw uy WN A ae “Af 4 * z 7 ‘ fei fv w2 y Pea ’: y 4s ‘2% ¥ 24 20 A oe >. gut te —, ge at ED Zee 4“ Ate PME,"
left_tall,2026-03-01,97,AF1QipMF9sn-jl1cee6mjqNHlog2czXKVlISGoQ3Ubpd,6,"2,24,20",3,0,0,"ENC be we We Sete ""oe oe. = . a omigs: are ye SORA Paige cock ONS Se Ale . ant, || f be f- T To! ay, aes S rae aw i) or ved 2, tA \ a) ‘2% oe 24 20 >. guar ge 4s Zee “ { PME, taba!"
right_tall,2026-03-01,97,AF1QipMF9sn-jl1cee6mjqNHlog2czXKVlISGoQ3Ubpd,6,"4,7,2,3,24,20",6,0,0,? 4 fee eae Ae. t pion. Y Aa po Ie 65 7 ie 4 ~ . a ca 7 by Lae < 4 YER eda REN a4 Rice CO Seatan ONS tay fA ie SEIU SST ED eeRE yee Day tS SSPE Zz a ae Lees neem gers Gn ane? TT me
wide_tall,2026-03-01,97,AF1QipMF9sn-jl1cee6mjqNHlog2czXKVlISGoQ3Ubpd,6,"4,2,24,20,7,3,8",7,0,0,"’ as af. “2a, rp : .. we al ‘\ . ae f © tha ERO o Aree a byes SI canes a © TE ai Ji AS 4 , PSR ch, EL eho ON Ce Nera eas A ae ; ee a ; ie || ies he! A) ITA | sled a T Is Le PRhire "
narrow_top,2026-03-01,97,AF1QipMF9sn-jl1cee6mjqNHlog2czXKVlISGoQ3Ubpd,6,"2,4,5,24,20",5,0,0,"qt fe pre . ‘ ‘, PaN(a Ess ses 2 0 | : SAE Te Se SN 2 IE Pre PMS oe Ey Se || té qt ay es & ?\ 4% fy | By si T Is Le Px aes S “at i) ee WN Qs ved 2, ot 5) a) tds vie 24 20 oe >. gut"
broad_top,2026-03-01,97,AF1QipMF9sn-jl1cee6mjqNHlog2czXKVlISGoQ3Ubpd,6,"4,28,2,24,20",5,0,0,"NA TS ¥ f ' ‘\ Ny ‘, wr, L Poa, . f : é to te OD Ratt) SNES HabaN Ax Gethin” REE, ‘4 faeces . PEND ARE IIS ON AVES Ri aes Mel are er® Cy eT} EEO 28 Vas a Fe AAG Gees \ GAS ar ra Ta"
baseline,2026-03-01,99,AF1QipPhpVFmWxOEuSQR2TvDy31tpDiVeCfEW7xvZ-XF,8,"4,22,3,2,8",5,1,0,"A ye Yee aN"" sh A 4 eRe, bier ARSE ere Nore mG WAN SE PIR A BU) RN. Bae : © “Re. Sa ah eS, Sika, yee wR Fo ORG Reet) Se AdNS Sd y rr ars || as “= wy ret 22, Cee Ps: 3) vf! Asis Z i"
wide_lower,2026-03-01,99,AF1QipPhpVFmWxOEuSQR2TvDy31tpDiVeCfEW7xvZ-XF,8,"4,7,2,5,30,3,9",7,0,0,"a! ws ee tS v8 A CWS Perse el ~~ a wy LESS em —< ay oy . Bea 4 (; aN NS 7 i y; s ‘ =e a SAIS hye Ne TU ey Ue Oo) TAS Ek Nae a erg Rey. iy} Nee : Tews Te NN an ay ” re \ Sit- Sede, "
center_tall,2026-03-01,99,AF1QipPhpVFmWxOEuSQR2TvDy31tpDiVeCfEW7xvZ-XF,8,"1,4,3,32,2,5",6,0,0,"eye seep Eph Mae N= PNG BY - S —— ‘ ‘ ’ fy ot / mo ie » AD Ve eS oe #1 hy Sea REY : Boo f ‘es ACNE, > ia veel ate” nr a TPL nee ‘ey 4 ean RRR Sess S38 ate Ne ae Scat a ee wie. 3 Te"
left_tall,2026-03-01,99,AF1QipPhpVFmWxOEuSQR2TvDy31tpDiVeCfEW7xvZ-XF,8,"3,32,4,20,2,22,7,1",8,0,0,"is : Sat F wr . i ( ay fs. el yA ei Rs, ane a * ‘3 ‘e * ne af << | WS ‘32 Ay SSDS é ie ico “oo Ned |"" OE Re a On meee Reed! 4 |) NaS ESS: ae PPK LS nw BT REN ER eas , SN PE Rut ara"
right_tall,2026-03-01,99,AF1QipPhpVFmWxOEuSQR2TvDy31tpDiVeCfEW7xvZ-XF,8,"22,2,9,5,3",5,0,0,"ere a eT eat ae, ’ t ? ¥ \ > or lo “! do, S . ry ‘ $ a a . Py +, Yue efi . ty SOY |e . Spf os honed ee “Joa ‘ = i ‘. att: “SERB be \\ NN ie ERT NRE eaeereenet: Pe TL Nene Sae ae ea"
wide_tall,2026-03-01,99,AF1QipPhpVFmWxOEuSQR2TvDy31tpDiVeCfEW7xvZ-XF,8,"4,7,2,9,8",5,1,0,"ve - ‘ ""on ! t . Chee G&S te OF | ts , yestins “ ¥4,-! we : fy <= PLOY, otf SS ~~ OB Le Hee Seen is ae: “> ot, xt} Ba t as art ants an) * ON rn“ ¢ g: eat er AIS == .&” ‘| ~ ee, + T"
narrow_top,2026-03-01,99,AF1QipPhpVFmWxOEuSQR2TvDy31tpDiVeCfEW7xvZ-XF,8,"22,5,4,14,2,3",6,0,0,y Vf ot Oe oe > Tf Nese ~— iS. f co re ST Se te . S Seanad Ma vy ; Pen Es PAN Sf SOD) A VES SS Wi) gt Pie L AY ett fe greet || oe oe we 77F if we) fx ax a St se “s xa 22 \\ ee 2k L
broad_top,2026-03-01,99,AF1QipPhpVFmWxOEuSQR2TvDy31tpDiVeCfEW7xvZ-XF,8,"2,4,3,32,8,6,7,22,9",9,1,0,"TN A% OE ele 2 ‘4 « =e Aaah Pat airs T Le ; ae ad “s Sart; i 4 swe ; Re 3 , S = : on at \ t ay) a i er S oe. vt \ we = ny : Pam vO wet en eS: » me p Sasee os SSS a) ferry 32 ee bgt"
baseline,2026-03-01,100,AF1QipPldk2El80lEMg_Qr66OZPGZxAbsZxvishUE3-J,9,"5,7,2,4,3",5,0,0,"My Racy LE Te 49 . Wisi 6S me iy eee ES pp ghee 5 Ore ev, sf Snes if fnew, aes Zt fe is ten ae tae Sse £ ts “: es Se ts) EET ar - || -, wry < fot Bed is <i = Sed vk a) G = aw Ke ay"
wide_lower,2026-03-01,100,AF1QipPldk2El80lEMg_Qr66OZPGZxAbsZxvishUE3-J,9,"2,4,3,6,5,7,24",7,0,0,vA _ aeea : Coe Gaerne AN FOO Pee OAS PALL EAT alg P yrnreiccant Boks pee b SUS md One rracs & oa 2 es SEN ’ POR pay Mee Et BUN cient Saas ISeeehek Pe | eos af AND Rn ts || oe a~ ~
center_tall,2026-03-01,100,AF1QipPldk2El80lEMg_Qr66OZPGZxAbsZxvishUE3-J,9,"4,1,3,2,9",5,1,0,"+ wr .] of hy ~ ‘ wt f) Ay Beh « t ? ea feet Sethe YS Mss ecg Vises: Lah) ses), 4 ~~ y- p! Leese tn ee fee SS ae EK TO FF Any fy ert Se, eSB VA RB A FO AROS SAY ME ECS OS ORES Ae :"
left_tall,2026-03-01,100,AF1QipPldk2El80lEMg_Qr66OZPGZxAbsZxvishUE3-J,9,"3,2,7,4,9",5,1,0,"a mn B, vee at ier ° z orare Tan N ma csecg’ Sera b ses ok pT ely e: % AS ene ale Si waLe ‘ . aNd, |, Le elereae ps as: net eth payee Se: SWE ig tin Cine NN oe ae e #3 ‘ eohe ean a"
right_tall,2026-03-01,100,AF1QipPldk2El80lEMg_Qr66OZPGZxAbsZxvishUE3-J,9,"4,1,3,2,5",5,0,0,"—— \ ty y 4 ' . HOTNESS Foca atari a ; sd ’ se, * fc: os Va 1 gars ree Rhys be pete cea ve Ly S % CIPS hes ie SSS PS pA ee ast Sie See & lates ote || ora A nw «3 ule vv oan ae Ra u"
wide_tall,2026-03-01,100,AF1QipPldk2El80lEMg_Qr66OZPGZxAbsZxvishUE3-J,9,"2,3,34,8,7,4,9",7,1,0,zmant View 2 AL og ae peal ha be AE es : Ky 3 \ phe ‘ .. ~ : d &!. ‘ Roe ht “ out eae Ameo Wah \ Ra etn ocnstge J pt rt pee ies t wi Saiee veg. * ve ‘ phate : Eee re Se: ha 34 fy =
narrow_top,2026-03-01,100,AF1QipPldk2El80lEMg_Qr66OZPGZxAbsZxvishUE3-J,9,"3,1,2,7",4,0,0,es. SOG a a » 3 ad SW tps: T Tae Vena | o ot) Ly Se \ « os mn rig X ~ : RAN Raise coe WB cbes ARS SAS WEEE Sy TA Tera UA Very ess rT BK SAA SASS. 1 hs 2 AR tetas BAR OS RDA t ow ||
broad_top,2026-03-01,100,AF1QipPldk2El80lEMg_Qr66OZPGZxAbsZxvishUE3-J,9,"4,2,7,5,6,3,9",7,1,0,"QEQt Fea yO TO 4, rec yA 4, rot SS ~ on NA Ned dee fA SS i ‘ Rae cg Viasat: <2 Fo ea | Ee) USE * eer wre fe pact oe Fee . To re ‘ ae) ye AF. 7 ar MSS 2, nat LOT . es) aa 2 Sn 5 SEE"
baseline,2026-03-01,101,AF1QipNFZYgGKp96GQBJvPiceJkI9oGSrC_wGANBW2k0,10,"7,2",2,0,0,"~ NT A ~s TT besa F ie iG Seer: a a Re SRSA oe oa ar \ AS ee . Vay aN ™ eet Zee Re vat ONCE, oye ae i a rent, . ian Toe AE * Ske ba sag! C5 whe means arts hat PTY VS Sans ce : SR S"
wide_lower,2026-03-01,101,AF1QipNFZYgGKp96GQBJvPiceJkI9oGSrC_wGANBW2k0,10,"1,5,8,7,2,4,3",7,0,0,"PEK hak Bef AALS SS LK A, Nena ered. § =. roe Mas aE gh ‘1 -— 1 | een. earn ORT ha ee. ee io ¥ cag hss ee Ss $5 S58 BY ree ———— ae a A A, Ss Cs ow ¢ Saeed > Yon ~ of Zw Ae heed. . "
center_tall,2026-03-01,101,AF1QipNFZYgGKp96GQBJvPiceJkI9oGSrC_wGANBW2k0,10,"2,7,30,9,1,4",6,0,0,"—_ Sages of « 2 Say a. . we te! A Seba eeaeh eon Ween Ar et aa MEY 7” oie \ : aT UN Seas Saye: LS OR Sy . vim Ws eed i em CO oe Kad xt i sane wrt Torsha g, See aoe § te a iP staety"
left_tall,2026-03-01,101,AF1QipNFZYgGKp96GQBJvPiceJkI9oGSrC_wGANBW2k0,10,"4,2,5,7,9,8,24",7,0,0,"- Aen Ottis wa. mg PRE: Ea at VL Ph ee sd Pe art Aes Site: eb: erent ed VS. IS SAA « 4 ToC be ae oe ie Se aS co ses. 2, Bae eyes: Co SPE EYES. ibeein ieetay VN pe nae me “£ fa Thet"
right_tall,2026-03-01,101,AF1QipNFZYgGKp96GQBJvPiceJkI9oGSrC_wGANBW2k0,10,"2,4,5,3,9",5,0,0,"ae R) a sictet A Te Sa Cas VA woo De A BEDE eon ‘Vin _* YS EA CEA aa’ AS ™ anatase A © 44 PLES tg GREEDY We Ke Re PONG ey . Sas SE PO be , Beet A Lene eT, : et PAL EEA 2 * we a at "
wide_tall,2026-03-01,101,AF1QipNFZYgGKp96GQBJvPiceJkI9oGSrC_wGANBW2k0,10,"5,2,8,4,9,1,24",7,0,0,"i"" sy prey 5 : oon : , eet hs} jiy » , ha viet Ys ‘ ‘ CES 2 ry ye eet |S . = ere ay eis GPE eta as VN Soe Mae et | hy RES, os Cite: we. ee De - \ VE RA OP CRA =~ ‘ eS “8 rege Ya t "
narrow_top,2026-03-01,101,AF1QipNFZYgGKp96GQBJvPiceJkI9oGSrC_wGANBW2k0,10,"2,4,1,33,7,3,24,9",8,0,0,ye 2 Vithe. \ Wiese ore ee Pea BEES RN Ry. Sates NH Ae Fo bY \¢ RUN AS i 4 2 aa Cees < WSs. wey NAA RS tn oS pe ‘a OM av aan he S “ Aare Ng: we ie aie - Art ‘ faq. a 2. y ata eee |
broad_top,2026-03-01,101,AF1QipNFZYgGKp96GQBJvPiceJkI9oGSrC_wGANBW2k0,10,"7,4,3,2,9,8",6,0,0,"a0 > ia tee Se 7 - . sedge Ry ‘ are , ta ected ee - \ ‘ : , ey . ~ (Aa Cee ay 4 > tbe ay, ont YY. Sage sae) ot ae Sh) wy el Dy u ANS WE ‘Ss 3 yy vet 7 . he wee Pa tired “ aos a EN "
baseline,2026-03-01,102,AF1QipO7W2pN3c33A9wClBCqibHYq2XJWWvddu6-RpW0,11,"4,2",2,0,0,a LEA e et BET Ay eee ae ok A NO EE oe: Ke oan “tt L Se “Ege. AF ONG UR CRT Re SAE ve RGt erate La wee i » we Nat ee eat rt aod : ifr tat e . nent yang te AY. Be ee ean tt va¢ || a
wide_lower,2026-03-01,102,AF1QipO7W2pN3c33A9wClBCqibHYq2XJWWvddu6-RpW0,11,"1,4,5,2,3",5,0,0,"PNG eS Sr Bye teas ok RS Can 1 4 se aN “a 1 SN Ta Ae Bee SU ae TI Cae oN | | aaa rae JN ne Pe es tea EY ee De oF || = , Woe! Pre eed / S 5 “f. and Ww \ 5 iS we S Wks at 1D oot pone"
center_tall,2026-03-01,102,AF1QipO7W2pN3c33A9wClBCqibHYq2XJWWvddu6-RpW0,11,"3,2,7,4,13,1,5",7,0,0,NAA ae oh PM a We ete ay wey rapt rea 3 SHEA ES. of 2 BSS Ser Bags oh So ASN SR nee PyNX Nod 7 oe .a ; \- ~~ — JN || f & 7 aan “eA if wae as v) +a \ art ~~ ~\ ats Cen. ~~ “4 ty a> 
left_tall,2026-03-01,102,AF1QipO7W2pN3c33A9wClBCqibHYq2XJWWvddu6-RpW0,11,"4,7,2,24,13,3,1,5",8,0,0,"aS a foo it yy, NO oe Sy wena et Set oe x hee yl Re A “Ne SCE ay | RMSE SE pe Ree Ole feo +S SS peace eb . PNG a i re att bey 4 CD SAN app We Mn AACE ES OSE || ome § f & 7 aN ned i"
right_tall,2026-03-01,102,AF1QipO7W2pN3c33A9wClBCqibHYq2XJWWvddu6-RpW0,11,"3,4,12",3,0,0,"KA wey ROD aes vitae Awe SEEN See, Be ‘\ ary PDN RE oN held 3 PNT LN J eo Ea dR oe Bee en tis oe Me recate eS NS oa i (3% Rise on ‘Hs! bp ea: 4. Nene || vt ef & A Qaol v) +a ast si"
wide_tall,2026-03-01,102,AF1QipO7W2pN3c33A9wClBCqibHYq2XJWWvddu6-RpW0,11,"3,4,24,1,2,5",6,0,0,"éé “ vow a A ‘ un Th Sahar GN} wo UNY 3% Sigha NA ¥ ihe ean A s,, 4 “f bt . Fy mam, aoe OS Na Hanis Shy 0B a ioe: Nes yy Ne 5A ee RN LAER VN 4 naes . Te iA: Cancer a Wa ew: || & as"
narrow_top,2026-03-01,102,AF1QipO7W2pN3c33A9wClBCqibHYq2XJWWvddu6-RpW0,11,"4,3,7,2,8,5",6,0,0,4 or : ; ot aiiht : pe ern Nal te. SA eT a Ea Ok a ee A 3 7 SaaS 7 ty ' \ oy ‘ Yewtrae res CRAY ie << wen a> i inont a Faery (Pe See OETA i OM || [! ae a at 44 if bea «; 2 Cen. ~~ 
broad_top,2026-03-01,102,AF1QipO7W2pN3c33A9wClBCqibHYq2XJWWvddu6-RpW0,11,"1,4,2,5",4,0,0,"F AON Caen Ay A. “1 T VS wR, we my Py . Cale ES Ors BS Fa ce rae og cane REY ESSER Raa a ZAS Pn Once OP Mae Wat ini ar iy ; Ra ay be Peaks ON. fey t ey i ~ S vs SK gta SALTS A es w"
baseline,2026-03-01,103,AF1QipMEigYtOwhL_C95lD_lFzuoM0HMCr9nCD0IRESF,12,3,1,0,0,"Lia Pc NN A een coenes ‘BES Pe ce baw RE - oe Fy || aS mee oat, & nA _ booed Bap ASS ge de 03, aa. fard ei Sesh xe At ney oe Mery} ee NJ plas fan iS,5oe aes s Ve. he eee PAs Pup “ "
wide_lower,2026-03-01,103,AF1QipMEigYtOwhL_C95lD_lFzuoM0HMCr9nCD0IRESF,12,"3,5,8,7,2",5,0,0,"ey OQ Taner et FURS Nth ME pent ny woly He oe rN am $. PAZ Bee oe eS ee . ee eae : a Aa "" ate SO =F aed Im oss rahe par ri, Caen || A be Ft leN ead 3%, XN. ok. v 5 ae =. Lan Rey ao"
center_tall,2026-03-01,103,AF1QipMEigYtOwhL_C95lD_lFzuoM0HMCr9nCD0IRESF,12,"5,3,4,1,29,25,2,7",8,0,0,"ino DB \ we An (ae oe x\ xetehy ad T, U Wi Sar v ra % - wet = ff "" ¢ 5 eo. ELT MER WE j ates pee) La Some ek, Seed oe EN eres oe Werte reas f aes aeons lf tne dave a MER fi era eow"
left_tall,2026-03-01,103,AF1QipMEigYtOwhL_C95lD_lFzuoM0HMCr9nCD0IRESF,12,"1,7,3,4,2",5,0,0,"1 Nay ee EL uM vt PRA or RES NGAOe EN Se Rea Oe ah Reese VRS Sars — re Gs Ae She 7 ov "" Bee . i - opD || w® yrs Ne grt © Ese a4 AA a he 1° \ is 1 em, ey Ni ays & Ny BY {s. Po My. x"
right_tall,2026-03-01,103,AF1QipMEigYtOwhL_C95lD_lFzuoM0HMCr9nCD0IRESF,12,"1,3,4",3,0,0,Xie \ ye hy ie oe et os Ves PESTON GRE BE (Made ON Bh eed... Dae sees eT ere A VAG FESS PEN ec eA PRN Oat ae || Ld ate w® Ese Cans [é x a a4 re AA is weet Cee A 1° \ ey My. AY le >
wide_tall,2026-03-01,103,AF1QipMEigYtOwhL_C95lD_lFzuoM0HMCr9nCD0IRESF,12,"2,1,7,3,4,5",6,0,0,". - . Pa . ls Me NG ee [oie Swe! wo, ~ 2 WA LE Sy ~~ KS Soe Se Srey i se ee [: ean egy acer Bise on BE: RA aah te wa ey Asesate: sag ame Gk SCALES ES. NENA EE SEES SO eG baa sph WL"
narrow_top,2026-03-01,103,AF1QipMEigYtOwhL_C95lD_lFzuoM0HMCr9nCD0IRESF,12,"2,4,7,1,3",5,0,0,"orn nd eee ak 2 peers oe R : rt ae aw \ ~ . Cote, ~t > L we fe. we Se: She ORES fe ORS a ad ay bay eeeee eG PS Ae, SS) = oes ft (Ae oR ek fe MAN ape atta || 4 NS . eet nd es, we wh"
broad_top,2026-03-01,103,AF1QipMEigYtOwhL_C95lD_lFzuoM0HMCr9nCD0IRESF,12,"3,1,5,4,2,7",6,0,0,"Sng eb PAN AS eS - ? ‘ . ~ sf, ae wee : “Jy ~ GaN Ae 3 A aN Se seedy Ree Wace Se PERE ESERN ES AERC ON RS Ae pee Seek TA ERED: Str ASS ot ee ot) s Pays ae ok oe , Selina! ig ect — "
baseline,2026-03-01,104,AF1QipOhYJcCoCZr_58gSMaWN4XAB7M7uA5yv4FEuA96,13,"4,6,40,3",4,0,0,"Pe - werent tes yy ee ae i, Be a LGTY RO Yh SEBS VANCSE sth he tans eae We AS Reser pean ea TANS OSPR SS Prt ate EA Tee MEA PED Tater o Cry Eee VS BS sen REE CRO TT re o . See ay S"
wide_lower,2026-03-01,104,AF1QipOhYJcCoCZr_58gSMaWN4XAB7M7uA5yv4FEuA96,13,"5,3,4,1,14,7",6,0,0,"ny ~*~ f= > ee Sayeed REG BE AU Sonal” PWNS Aes pease sponges V"" eeuP ESF) aS a oD RRC a {"" sca al ae Slee, Sie yor ryan tt ete Mesa, Pires SONS Ceo wy Rett ars v7 oo ae ren Pais B"
center_tall,2026-03-01,104,AF1QipOhYJcCoCZr_58gSMaWN4XAB7M7uA5yv4FEuA96,13,"2,4,7,3,6",5,0,0,"ae i gONs seas aR REE rhe erat art oe = . ASK we oN 2 4 pees \ ae || AS Gt ef Fes Pe ETe rN aw wy eet \ & a Ne te pe oe (as “F; oS Sate Poors par we Wy iy, 2. hy wey Fee =e ax ‘2 ¢"
left_tall,2026-03-01,104,AF1QipOhYJcCoCZr_58gSMaWN4XAB7M7uA5yv4FEuA96,13,"8,4,2,3,5",5,0,0,- a a hae gS f Are OOS “> gun ~ até SASS Sait 8 tte SS? eee Foe: 4 met hs Nei art A SENDS SRS \ wines Shae pO tee Oe is A OAS eee oe emtibe oa: (EE NAR oy EF ey yee Ren aes ds 4 oe
right_tall,2026-03-01,104,AF1QipOhYJcCoCZr_58gSMaWN4XAB7M7uA5yv4FEuA96,13,"2,7,8,1,4,3,5",7,0,0,"are | (ace SL wh : etarn . 2 Sys ty ae ar é uf if wh Bd te, hae ; aba Tos By MBN Soo ra > ERS ssB ee Se Pee S Vem ony, Pee 4G ray Meao A 7-8 fi Sct fe emg Nels ea at ie hen SA. ; a"
wide_tall,2026-03-01,104,AF1QipOhYJcCoCZr_58gSMaWN4XAB7M7uA5yv4FEuA96,13,"4,7,13,2,20,3,5",7,1,0,Oe oe gore AD. se eh it ee SY ® Var Ve bee ee ee iy oo) oe ie wy WEA wee TERA TE oh £ Kot vo ey et b OF ihe . Me | Z ha NOY peat <A <P cf vat y eae rine . Reais Boas Aa: \y Re ere 
narrow_top,2026-03-01,104,AF1QipOhYJcCoCZr_58gSMaWN4XAB7M7uA5yv4FEuA96,13,"4,5,2,7,20",5,0,0,. be Sell . bears | SET SS | Seats . pga f Nae Se ee NaS oe FX Ts ed onic HS Es whet ES Se Ew. 4 ey hy faethe Ba re RNY ox Rca ee oN TEM deta BePshs Sa) L Ny Sanka eh Ci PY - 4 “ok
broad_top,2026-03-01,104,AF1QipOhYJcCoCZr_58gSMaWN4XAB7M7uA5yv4FEuA96,13,"7,5,3,4,13,2,20,6",8,1,0,"~~ _ oe + Lass fon ie f Waleed: Pes ae res Naectid cana ted aoe ne ga RS <7 +7 its . Ringo SAS ae Ne Se WN ire, ~~ - a! Pike Saas IES me Weak a aaa oh Mee ne tees: ee een a bee eee"
baseline,2026-03-01,105,AF1QipMftd2LaOGx35hX4kWjqA2BG7mi6NWiRccLjuvg,14,"3,38,4",3,0,0,"hase nye i"" 3 vwed NW mae) Ne ot BW ‘is Ge yt are ai we \ BAS Spe || Ley 38 wa aT ne SS We “\ ox a”, 3 ee, ok Sy) a at: ox SOS iq? rc S. “p> ty! ay, By A om BISA PIR, ee AY SW eas "
wide_lower,2026-03-01,105,AF1QipMftd2LaOGx35hX4kWjqA2BG7mi6NWiRccLjuvg,14,"6,2,3,4",4,0,0,Toe TR ee Ns bt ne Cin Aad Sane net ore yt. ed aR VN RSP RE SE oN <6 oth oe § Ce Wie wa VY pa fe eb ry Sat pay Seats Uo a) fad aM As ‘ Pay ge Be OAM aaa eer eZ f° Cee een eG Ste fe
center_tall,2026-03-01,105,AF1QipMftd2LaOGx35hX4kWjqA2BG7mi6NWiRccLjuvg,14,"29,2,3,7,4,8",6,0,0,"te Car ae Le Fe ee ee ~~ ive water 29 Coreen’ O8 ie WOE ea a eet wey WERE Ae ee 2; UVB a thant rs | : é oo CN geviTo ay NES || YF AR at reo) Ae, ee [jx ae a bie & ty fea Na wt aS N"
left_tall,2026-03-01,105,AF1QipMftd2LaOGx35hX4kWjqA2BG7mi6NWiRccLjuvg,14,"3,4,25,5",4,0,0,oe VEU Bea : fet fr Pt: y es Pg Pod ate LEA LR RE le Oe Nyt et TD ee oS pease ee we W ath es et at ary RS RT —<s fel cee gh pn TAS hu bas (SR > Ys oe || ys FA yeh Ree Ae ‘ees NY LA
right_tall,2026-03-01,105,AF1QipMftd2LaOGx35hX4kWjqA2BG7mi6NWiRccLjuvg,14,"2,1,3,25,4,5",6,0,0,OF eles ees iS) er 2 CSTR . ER 1 rat AS ECNY [ By FEN FEE: Ww ehae pes NS ite AS AOE SSS ais Patra Bh Seka yaks ‘ SRS ONE Gk See POG ee Wc aa & ee nei Nee iF . —— ate ary ‘oS Pan P
wide_tall,2026-03-01,105,AF1QipMftd2LaOGx35hX4kWjqA2BG7mi6NWiRccLjuvg,14,"4,7,5",3,0,0,"Pal Me Ip, Bec a I OA se SS : nA. 4° yee ba a LN s aa) ‘ . TaN aS SEAS ie narad . 7 yy etal Gonerrenea Ge ys Se ~ SS AE NSS CoN] Pl Pe Pid ape 4 oe OO ny pa 5 SOCEM A Sob ears! i a"
narrow_top,2026-03-01,105,AF1QipMftd2LaOGx35hX4kWjqA2BG7mi6NWiRccLjuvg,14,"6,2,9,7,4",5,0,0,"EN GE Ee 6 ‘2 ae won tro oe ea TS tee |: Ras RNY Ais ae TANS Bry a onal ‘e : teaianyd he OS i: Q Mae es anaes || me ~ of aff { hee Lah ke are © xi wey ty ANS ye ae Sie, he SS te fa"
broad_top,2026-03-01,105,AF1QipMftd2LaOGx35hX4kWjqA2BG7mi6NWiRccLjuvg,14,"1,2,9,4,7",5,0,0,paseo tte ie t\ TE PEEL Seine 1 LO eM FAR AEA. | \ SERENA SND )) \WES EA : <r se it ATC neat oe aoe i ne at * e “fin: Ae RS \ || a ~ of 2 oe T aff La we ds Pa W “yeeert Say * red a
baseline,2026-03-01,106,AF1QipMlDWAyXeRWIe3KWeJCi6t9m4_wa4XmUhbO_AsK,15,"2,8,4",3,0,0,"ae War atile ne . aa “a ey ies ay call Wee tn Soe H sO EC IRR TN. VN $ ae a fn Wee } Ws ie \ ¥ { ene! Nites paged ; ) ee es F, i a4 ( Ade an Ne Ao AS 2 l bee EP aR ERE Y of YWraepR"
wide_lower,2026-03-01,106,AF1QipMlDWAyXeRWIe3KWeJCi6t9m4_wa4XmUhbO_AsK,15,"5,9,3,7",4,0,0,"aAN WESTON pe [FOSS CNEL \ tine ko Wes sero t CS ee OO COUR ARM GY Soe 5 SRC 9% Kens tah OPE NG Se ft eS Be | Rg Ne ’ ss mA gts, ty Sic (56 . : PE : TaN ey VERSA OO RS ea RN rr de "
center_tall,2026-03-01,106,AF1QipMlDWAyXeRWIe3KWeJCi6t9m4_wa4XmUhbO_AsK,15,"2,6,3,7,4,5",6,0,0,"eae ec i cee Cae , 2 Se Ray ak \ 6 ie eo hoe 3 Am Kegs Ye PS Ag St “3 MP SOM TES. Va ote Gee ae | < ih cad, L . iss ana 2% “| | Bats ea 3 ~ PS 7, et ae nt aL. ee ee ie ee AVY aa Aw"
left_tall,2026-03-01,106,AF1QipMlDWAyXeRWIe3KWeJCi6t9m4_wa4XmUhbO_AsK,15,"4,1,8,3,34",5,0,0,mR Mepis Sey of on ay it SRN eee met SE Se ' ANS rr y OR eee a ay eed Peay ea . M4 % RGN ay ok SOLER | Weseis LoL aE eAY OSG ee pte ed Tika SPeRN ee a et AS NAGE SS peers IO ae ae 
right_tall,2026-03-01,106,AF1QipMlDWAyXeRWIe3KWeJCi6t9m4_wa4XmUhbO_AsK,15,"5,7,2,4,3",5,0,0,"mT i - Aes ee savage SEAR EES SEAR age xy aR Siac, IY baa? i? Ps ne - * yer s 5) ieee] 7 Ai Ase? a BD Ore eR SOC ee Bal oh PAE % Rye Uys UT.% Peg RS ASas RS Gupes ieee meee; Wiis W"
wide_tall,2026-03-01,106,AF1QipMlDWAyXeRWIe3KWeJCi6t9m4_wa4XmUhbO_AsK,15,"4,9,1,8,7,3",6,0,0,cers 04 VTE Ww ERRe “9 Barkly Ge My RK Le My Wa joccinnaey feweshad ny 4 REO NEOs ruin tae f RT aoe EASON N Wee OE Rare NE fons At Qe Vy agg GEAR : be WSL [ate eatin fact a STAD Re
narrow_top,2026-03-01,106,AF1QipMlDWAyXeRWIe3KWeJCi6t9m4_wa4XmUhbO_AsK,15,"2,5,3,8,4",5,0,0,{WCE HG een ented \ es Sie ten ects VERE ee Pee ga\\e UP RES Pens I im a eee ps SC ERE RAYS we ie say Somer A ee Sh ee aly ~ Ol Ree ois. || SNES PRG i b ihe \ BAM: “) £0. etait Rea
broad_top,2026-03-01,106,AF1QipMlDWAyXeRWIe3KWeJCi6t9m4_wa4XmUhbO_AsK,15,"2,4,1,8,3,12,34,6,7,5",10,0,0,"Ee et chee Ge . oe 4b ty Fy. TT ty se . am NAG tah st fs a ee 49 Be O44 - af list Cae acelin oak fs, we See SONS NG es f Vase ao x AA oye e~ cel eae AEA | \ NUR pest ine iH me at 2"
baseline,2026-03-01,107,AF1QipOGPBWReL0e_Ykaa8eX7oI_w4OKFJDwkqSMMoKe,16,"8,4,7,5,3,2",6,0,0,can ge io Jnr sean et eto Fe A Ses ‘afd foe me ee! Wray bp Ret» iiss oe abe we £8: 1A a LMR Sy et SAE NG RCO NE Kirn 4 Dies CRN RS URES GES Os Bae SNe oP Pee yd we ERAS Pe wae nage
wide_lower,2026-03-01,107,AF1QipOGPBWReL0e_Ykaa8eX7oI_w4OKFJDwkqSMMoKe,16,"7,1,4,5,2,3",6,0,0,"Oe ae OR OES LY ke nS eS . 7 ww IX, at meh) KES eee A Ere , Dee UN Pog £ . bey oer eee FF co euGn whl wel, 1 mae SY pong STF GS & = HA BS Soe Se AR BI ag oT aA 4 5 alr TN gion Ppt "
center_tall,2026-03-01,107,AF1QipOGPBWReL0e_Ykaa8eX7oI_w4OKFJDwkqSMMoKe,16,"1,8,2,3,4,5,7,9",8,0,0,"a“! oe gee te, hak Sh Os A 1 ToeeA Sy Caro a : 8 NOY ONS EL ve sal oy SIN Ug tern ae Hees es rater we RE yyy ah J 8 PANS gh KES ab o fo \Paees Seen ae Ad Ronn NG BN Wet Es SSR NTS "
left_tall,2026-03-01,107,AF1QipOGPBWReL0e_Ykaa8eX7oI_w4OKFJDwkqSMMoKe,16,"3,7,2,5,4",5,0,0,"ws po YT A oe. * . . o ee tie Ae Peed Se SU TS PS NSE See : Pin ae eg POY gh 3. Sy CExat ei et UN RT ee Th AS ey a? ‘ tone a mere cat ars, Nee ys eggnee em “Mm PSO og ee SY || ay \"
right_tall,2026-03-01,107,AF1QipOGPBWReL0e_Ykaa8eX7oI_w4OKFJDwkqSMMoKe,16,"5,2,4,7,3,8,24",7,0,0,"NYT By , 5 er aan) . Aiay ho Weta th iy wae a Net BEN Nea oan a eee oe SN SS ae ay . ‘ WE EA ~~ Eg ~ NS plane _. ares 2 ~ rs tee RNY : 3B Jz a . “Ses, . ’ 4 7 ti ON y.? . | x oy ~ "
wide_tall,2026-03-01,107,AF1QipOGPBWReL0e_Ykaa8eX7oI_w4OKFJDwkqSMMoKe,16,"8,23,3,5,2,7,9,4,40",9,0,0,"ds ~, WN aah eyey ce’ he BGA Shon ‘ ole NA ca t anaes . Nite mo posh yy. “A . s ae) gs} 1X ihe — ne EM ’ tee / <8 poet ™ ain ‘ we ~ * we ak i, Won APE TN (O57 niet A Gone et 23 pes"
narrow_top,2026-03-01,107,AF1QipOGPBWReL0e_Ykaa8eX7oI_w4OKFJDwkqSMMoKe,16,"7,4,5,3",4,0,0,"a © \ 7. 8s eee ~ & ~, ris be) 4. . ie, PA wl SO AF“ WAT Ee es tan beg BPR edie Ace || | ~--—— 47 s “4 he ay “f yet <4 ay oA Mo ad ro a XY abe aay ét wae my f tas Nay ae | at A> AW"
broad_top,2026-03-01,107,AF1QipOGPBWReL0e_Ykaa8eX7oI_w4OKFJDwkqSMMoKe,16,"17,4,3,7,1,8,9,5,2",9,0,0,"‘’ NSS & {7F. \ << 17 ps, a Wo Vg A ta ues JA ‘ a) 4. Jf ee Lng: Mi CRORE S ~. . Mee fe We ye. "" co . atk rating Wee as aa rae et m PR o an rahe. Wana _. ian BA 00 | . “NS foe aeas"
baseline,2026-03-01,108,AF1QipPLCyDAleHo2_nt-__XsKFOIh2SjDXDR696Wmg5,17,"3,1,2,7,5",5,0,0,"ce re ar rea NG Pe paternal, Sie Pe, Bey aN 3 i SNE TE the Pare Snes AA? Re bg wm a ae) ot: ft os ae tS RS de FEF IN5 Pd Bea tae MSS SEATS PE: || oh lw 1» -d Wet “a, drone ay ¢ ant"
wide_lower,2026-03-01,108,AF1QipPLCyDAleHo2_nt-__XsKFOIh2SjDXDR696Wmg5,17,"4,23,1,3,2,7",6,0,0,"i ane, , ed PAL oe” eae Rye 4 Pa REE dae oat oe Sfttenngs \ SREY te Praia | EA renet ts akc it See ¢ 23... Pg ere. an x a -- a an Sore iqht rest Ney SIM AL Woe, ee ae 1. ef wo pee "
center_tall,2026-03-01,108,AF1QipPLCyDAleHo2_nt-__XsKFOIh2SjDXDR696Wmg5,17,"24,30,28,1,7,4,5",7,0,0,"Se iSebmmerst’S Sy) | . WRB , ad te a Ce Saree} Ara XS a 24 CARO SS BOT eee Divo 30 SERRE © a apa ttes TI: | . _ - : woe we ut oes || rane NaN et at L q~ + ‘ant WS eed te ar f i. 2"
left_tall,2026-03-01,108,AF1QipPLCyDAleHo2_nt-__XsKFOIh2SjDXDR696Wmg5,17,"8,5,7",3,0,0,"vot SA AQ Leow FART - ‘ £ ete ME “8 \ E- Fr | PSR UES erect) 8 _ . yr ees oe Be eA, ees OP SEAN RG a EY. rane eee TAX ear S PANES TONS Van tere “ ESS Ya < _ Sona a a || Am We <~ | "
right_tall,2026-03-01,108,AF1QipPLCyDAleHo2_nt-__XsKFOIh2SjDXDR696Wmg5,17,"28,2,1,4,18,7,3",7,0,0,"Sw Pa Si - , ao, Mas ins ws eed ef yee'g ON ihe ee SLY EO EAA SES BEL Po ECR Senta a ce z Ret Re LAIN eh! S ENE SE AC Corrs me SF NN eS et PRE Re oS . - : - ve ao a | eo tee? rata "
wide_tall,2026-03-01,108,AF1QipPLCyDAleHo2_nt-__XsKFOIh2SjDXDR696Wmg5,17,"4,2,3,8,28,1,7",7,0,0,SO ig Penn SA eo og . . me ag laf” Oe oar ee oar ee Bn ca w / a ~ reo: . SESE A Ne 4 PE on ee SA UD Gad «yt ENN areas. Aras RW a a 2 hes a en RE Boosts fg AR 3 eA“ Pose yO fT ae ep
narrow_top,2026-03-01,108,AF1QipPLCyDAleHo2_nt-__XsKFOIh2SjDXDR696Wmg5,17,"8,2,1,7,4,3",6,0,0,". oa ft A: baie ‘ rs be ae Sieaoaty SEES) ee oS He, ce Bove Psat tes wee ors a: Pot ae r=, eS “ek Oe Lm Ian on NTE. yt Ae yew SNe oe YUN APSE See leNe SaF At . ide Temes RES . a ||"
broad_top,2026-03-01,108,AF1QipPLCyDAleHo2_nt-__XsKFOIh2SjDXDR696Wmg5,17,"27,4,7,1,25,8,28,3,18,2,5,6",12,0,0,"rn a 27 ‘ Nes ‘a Ae eo yl oO 4 g ' rt Str. ee : . Se s} 7 . ‘oe, Se : 4} a ed ie Ey, ¢ Yen's Piet Geter arate ava ies «4 Sa ae eer) AS L Sar ete F 1 URES SE = RES j - hres i 7° ae "
baseline,2026-03-01,109,AF1QipOZiy5y7_33Jvu12eWe2DdZTMDPeaGKMf7H_tAj,18,"3,5,2",3,0,0,"Xe: re ee SEN RY, Teese Boe fe geet Coveres MORNE, wo 7s See pe «oh SANT a3) weenie pel Recrashe a > a, eae es || 3 (a NF aw Es) & AK a Hi Vas a. MS ott, at ‘ tT, o fe 5 Me 0 Pa Ro"
wide_lower,2026-03-01,109,AF1QipOZiy5y7_33Jvu12eWe2DdZTMDPeaGKMf7H_tAj,18,"7,1,8,4,2,38,3,22",8,0,0,"eh eats, AV ee OR are ee REN G en Saou oth Fars bat iedane Bias OD A eed rs SOT ae FS heyy 7 Sener a) RPA ta Chaat SAU fee gE SY . (ond PRS OL . OG Bs PE ek Oe Fanaa {BAN oe ONT Tg"
center_tall,2026-03-01,109,AF1QipOZiy5y7_33Jvu12eWe2DdZTMDPeaGKMf7H_tAj,18,"5,2,4,3,18",5,1,0,"ny, tke 5 < 2 . é wy _ "" oN =f hawt ey £ ve : cane ' One “eS ae tere CS yk A Tye tees mere at es USES ca me Se gy FT a — —_ ae ae ate pes cess GRE —ESSUE Recon TS, Se AG ee || ‘ x "
left_tall,2026-03-01,109,AF1QipOZiy5y7_33Jvu12eWe2DdZTMDPeaGKMf7H_tAj,18,"3,7,2,4,5,35",6,0,0,"ta. WAS Le rent Ne re Fa Neer - = “nee wad fae eR, . "" Fs yee ad Sais) oy ri? we gS yee i FO A Sareyy Ear ONE FX wt, Ta) EASA, Ber eee ee BP ep titege wee, a Se ’ tL) 3 Spe Oe) ay "
right_tall,2026-03-01,109,AF1QipOZiy5y7_33Jvu12eWe2DdZTMDPeaGKMf7H_tAj,18,"4,7,33,2,5,3",6,0,0,". LTA. be. i a ORaRY eet ey Db, Nes pieeate: an me Niet 4 f ieee We 7 ee » ASR Pee hysar Vr 689 MS 7338 oes oN Chee, ie a ry mag ¢ oy EAD Wateeel PLT As ae) Sore SE Stati me PEG es"
wide_tall,2026-03-01,109,AF1QipOZiy5y7_33Jvu12eWe2DdZTMDPeaGKMf7H_tAj,18,"4,5,7,8,2,26",6,0,0,"Bet Po ae Pst RAE 4 ; BD eS \ arc seers MEL ax Sy wiht \ 5 ea é gas , \ Nt SIE Hitas as ee aka 7 = ; Seek Po yee po *yaee peo ee i rerEnes Ed Yew Sd | Me BEES AA rel ry eg oe be, S"
narrow_top,2026-03-01,109,AF1QipOZiy5y7_33Jvu12eWe2DdZTMDPeaGKMf7H_tAj,18,"2,7,4",3,0,0,"y we G . ae wo cen : stat ne wd eo aa B Pe SO ’ pe Ree re ot ae Fr fRey: ra ae > py ae Ee, Sart? tA rat Sy 2 eae Sha at Wee CY: an ee VN ayes Sse EEA y eee Verte Watt meaner Ree SA"
broad_top,2026-03-01,109,AF1QipOZiy5y7_33Jvu12eWe2DdZTMDPeaGKMf7H_tAj,18,"2,7,3,4,5,38,1",7,0,0,3st . : A \ Coat ; wp ’ the Jie \ tena NS >. Sek u » oe . / ee . ES EA pares ANN VE Bed fo eRe es Ree ens? PIAL at va Tt rime owe Nee Gea Pm) BEA CNAs SS ean Maret A Ae Te ae “a¥ D
baseline,2026-03-01,110,AF1QipNl9bjSllfGIMqq_I6YAGvLlwroxGMRRLQ9gbae,19,"10,23,9,4,6",5,0,0,"eee Se a TIN ED Sw erteet Aa, 10 BY Uyatdd 1B 23 ook eery RAG Sed ea ho We Yo x A Ae OAS TES 9 EL nts ee cE NTRS \\\ Cer saiaenN a a ee eee ae LAF, ‘Oe ett eee Rae 2a aaa Og eee Mt"
wide_lower,2026-03-01,110,AF1QipNl9bjSllfGIMqq_I6YAGvLlwroxGMRRLQ9gbae,19,"5,2,9,23,4,6",6,0,0,"wad LOSSES Bal ea NC” Tey BIER T eed 5 2 lo mr RT Pe NRE AN Paes SEA. ee || —_ "" ey Tin, te NN Oe ie Le Yl a, SS ES ‘ | ~~ os qr \ ce fx. iN ri-9 > Gd cs. m4 | oa $¢ Pe Th x Wa oe,"
center_tall,2026-03-01,110,AF1QipNl9bjSllfGIMqq_I6YAGvLlwroxGMRRLQ9gbae,19,"7,4,23,25,18,37,5,3,1",9,0,0,eT ie A es SO fa te COWL | Ty re ihe rr) ee ae os ‘e FS Zs mete \ Gana! ai SN Loti > Rates Bey of aie p AL ete be BEG Neon PEG 7 Betas hall Be Sere Ee UE hers . Fe fens : Re ZING C
left_tall,2026-03-01,110,AF1QipNl9bjSllfGIMqq_I6YAGvLlwroxGMRRLQ9gbae,19,"4,6,32,5,18,9,3",7,0,0,"oa. i — = Eg coe Cn Akg “#--«~"" BS wd 4 Sages Se LDA, ‘ 6 f at: 32 Ra yA ch fag Abe rar weed 7b Ve \ kee Bet Re was BLOTS Td er (nee Rape Sen NES to a etl ae \o ey wo B23 gee xe KO"
right_tall,2026-03-01,110,AF1QipNl9bjSllfGIMqq_I6YAGvLlwroxGMRRLQ9gbae,19,"4,3,1,7,23,2",6,0,0,"a” Behe NM a. 4 So UAE6% ~—_ | faaeah: eas ee"" ya Ay ee 3 Pa bg 4S rly A ‘4. Mw cosmo > Se tahoe (eke NES = sa el earn, Ene (eas TN eoaatce 4 =a Sa Syn NGS oy ES ee ik Sa See ae S2"
wide_tall,2026-03-01,110,AF1QipNl9bjSllfGIMqq_I6YAGvLlwroxGMRRLQ9gbae,19,"14,23,4,6,36,3,9,2,8,7,1",11,0,0,"a T ee wf we Le ‘ ne g wane oo —lU/ ~ SS A | T = mit 14] a tke. eo Spa % ‘XN = ( metas ea See cane Ls secre) eg BAT beat = ho BD, isd 48 23 RASS BEAN Pee Ee D ESS He RIE, 4 Pee SOT"
narrow_top,2026-03-01,110,AF1QipNl9bjSllfGIMqq_I6YAGvLlwroxGMRRLQ9gbae,19,"7,37,2,4,18,3,6",7,0,0,THEN CH Dexainl Bpvide Fy AR sh f ae 7 beioK ire” 7 Vy 37 “S77 eecar soins Rate’ Mea hes yer7 A 2 lo moe RT De Nie eee G VV ESE EAT Se BE ek SY ° eG RBRR OS || OG AN fe at zo SE oe
broad_top,2026-03-01,110,AF1QipNl9bjSllfGIMqq_I6YAGvLlwroxGMRRLQ9gbae,19,"7,2,24,23,4,5,20,3,18,9,25,1,8",13,0,0,Pehla wet oft] By47 sg ws oN ON fron TIN 7 eon Mer Er ANS. S sr Sh Bie aE ASK ba aay 2 rey en Sad Keates er ca! Fe N So ‘ Pa and: Si Stab \ A vel VV Bate Ns ye ney ae : —_ sd | ees
baseline,2026-03-01,111,AF1QipNNpu3YZ1UVaOR35aRRxZ_8wAOjK2tP4TrWgZ-H,20,"2,3,4",3,0,0,"faon7 Ss Seana, os i te her pr = fdnk Chee Ci mechs, A ieteegy wen | NG RTOS ; oh See eA FET VE RS ga eS ys er . Ay eS ee ALAR a: og a ers PE Ae Pes ar we SEES WE est Sate a OP Ped"
wide_lower,2026-03-01,111,AF1QipNNpu3YZ1UVaOR35aRRxZ_8wAOjK2tP4TrWgZ-H,20,"5,7,8,9,3,2,4",7,0,0,"ee he 5 = af Be Sie Be Re eek é Fess ei} Lee <¢ BD Ss PEP NG CTS ANT Xe 7 etek a eos 7 ove ay een ene ertely mt SS IRE Sar | ee [8 | KES aes gen ashe eaetty ae,’ we een Ye te | y e"
center_tall,2026-03-01,111,AF1QipNNpu3YZ1UVaOR35aRRxZ_8wAOjK2tP4TrWgZ-H,20,"1,4,2,3,5,18",6,0,0,"ore - en - Sa I IE” bf al AS weected | Bay NS ay oe Ss es AY a ae T parhye cuNa [Se285\ Fad ERR BW ese eae 1 it eM ~eeoN pn Pree = -. **4 || tae Te) mds Pa ie eae od, T 'T , a & Of"
left_tall,2026-03-01,111,AF1QipNNpu3YZ1UVaOR35aRRxZ_8wAOjK2tP4TrWgZ-H,20,"7,4,5,14,8,3,2,34",8,0,0,"oa tok —- ¥ - ‘: «iT : Netz: / ? ELTk 7 €: > ADEA SY ANGr oad , mane a AS 4 5 ae! y ' er 14 AY we Ke Pekesde | Wey al baal ee So "" Toye ES ve oy] aI eco ~ eT CERES Ne GRE he td ag "
right_tall,2026-03-01,111,AF1QipNNpu3YZ1UVaOR35aRRxZ_8wAOjK2tP4TrWgZ-H,20,"7,5,3,4,2,18,23",7,0,0,"ag FA Be AL YALL TE oa peccsteg | BY uy Fs : of NS ee var tates * ae ok Vee oa PA}: n Th aa, ose SAW IRAN Bees * We Se eee . nnn ff, NF yk by 7 eed Bo bY EAN ae Hi Pooeory FEA || W"
wide_tall,2026-03-01,111,AF1QipNNpu3YZ1UVaOR35aRRxZ_8wAOjK2tP4TrWgZ-H,20,"2,7,9,3,4,8,24",7,0,0,"Pe te oe 1S oe = 497 bP PWR, SAYA $222 Xe Ae i i Tide] © one a nm a ta Atel ofeah eo 2 a4 Ew © ACS, MAVEN ne een N\A nein SVT pee Wee \ Vs RY AGES cad + * es TNMs od, ""ENT 7 SN Sa "
narrow_top,2026-03-01,111,AF1QipNNpu3YZ1UVaOR35aRRxZ_8wAOjK2tP4TrWgZ-H,20,"3,7,2,4",4,0,0,""" % a T46 aN NI Sarre” =k Nats BONG S << 3 No Ry? pl Bas, a yf Yas et ANNES 7 Fes IY iso sede Fn \ N ‘ SORA YE Fe Rating MAE gins Se ro eee {oo Tey ; ES Hitna 0g wT: gis ao ORE: Te"
broad_top,2026-03-01,111,AF1QipNNpu3YZ1UVaOR35aRRxZ_8wAOjK2tP4TrWgZ-H,20,"1,7,4,2,24,3,34,8",8,0,0,"ait & qs ym ed th 1 € YAN ey bea h- ; ne ESN al Ka Wa 0A dN a SA oe NS ols \k ; a) Sh BAN Far, ads fiz ON ONO ; eva? DMG RY 7 bap” BA, eM RET : » to “;% Sue ‘- ear i oll fac 4, Vr "
baseline,2026-03-01,112,AF1QipPdDYoXnKvUZ-vuRoks5NUKsGYYGdS92h76ZjIV,21,"7,23,8,4,3",5,0,0,"x me ea - A bie de ae aa BST OTE Tab oNK Totter ct Wet 7 PSA. Ve i SAS TS a GER ST aoe ke ee - || ws fet “, r= Zs rey ae EN v 23 y aut f« TT oe Pa 8! ae Xf oa his rom he hs 4 Ko 3."
wide_lower,2026-03-01,112,AF1QipPdDYoXnKvUZ-vuRoks5NUKsGYYGdS92h76ZjIV,21,"1,2,4,3,9,7,23,8",8,0,0,AT NES SE IN Dh ed 1 WAL Se 1 eG - a; 2 ated Sebo! / = gn) . ae . Ze wit ee F aoee Se Cy ae ‘ AY 3a et eee Ve SERA N | PR ON BERR EN caak % s SINS Ws ee cies op Weg SEO | ee y ee a
center_tall,2026-03-01,112,AF1QipPdDYoXnKvUZ-vuRoks5NUKsGYYGdS92h76ZjIV,21,"7,3,2,5,9,4",6,0,0,"Mra ett Sic Be aS SSI 409 Boy 7 Bey YOY? “3 &- [i es EX Xe ee] T Gre fae (APA! bX OY eta Sy Vc Seeded ONS Vetien ay key 7 | EQ Deen SF CSS aN || 2% we Ta Whe, on ae ty: NTs a yer t"
left_tall,2026-03-01,112,AF1QipPdDYoXnKvUZ-vuRoks5NUKsGYYGdS92h76ZjIV,21,"2,9,4,7,6",5,0,0,"- — . A GIi-, AH a Bey RS) AOS Male gL RAR em tee Vea pS) SRR colt Gta || 2% we Ta ~~ * ae We ”) Pa mt ‘\ yer ts gin | fe SE 9 fey lo av if v \ ( ae x fe x fay BS esis +e 4 Xr & et"
right_tall,2026-03-01,112,AF1QipPdDYoXnKvUZ-vuRoks5NUKsGYYGdS92h76ZjIV,21,"2,1,7,3,13,9,4",7,0,0,"ad ."" T U6 wo NAA *_ , YES, BS RAC. 2, As & as e wb Cla ‘ fae T nes - a Rey aol [MS ipl NE ee ee NG Tf aN wi POYNG JR pee 1 Noy Se See wane A 7 nce, Ve || TUS few eu amy A ad ty: 3"
wide_tall,2026-03-01,112,AF1QipPdDYoXnKvUZ-vuRoks5NUKsGYYGdS92h76ZjIV,21,"1,3,7,12,4,9,2",7,0,0,"*, ” ~ \' STAIN oa 1 T AT \% “3% oh RAN aA S hes! ey ASR? Lg Bt ed Be, PI TY At S. CS. ALINE A : I yA Ee ORT Naa Y LS ne casey es! BNC EY & seat pa Aye ig a eet PL Yin ge ee Al Nea"
narrow_top,2026-03-01,112,AF1QipPdDYoXnKvUZ-vuRoks5NUKsGYYGdS92h76ZjIV,21,"3,7,9,6,8",5,0,0,bot * Cie ° at: Kal eRe Meneed Foe fi tole ; cue Ss en eer We 3 eee AN BI? EY. ed Sof NG SST LAN Te ig oN Daten | hes E Qin cit SU Bey [ORR aad HIN IRE SOMA) oe || ~ Jae op = os | 
broad_top,2026-03-01,112,AF1QipPdDYoXnKvUZ-vuRoks5NUKsGYYGdS92h76ZjIV,21,"6,1,5,7,4,2,12,9,3",9,0,0,"RAO) CATS Se pa ee ky eled 6 | fae. ; aan js ade JON RA *, —-1¢ Gre t lta ral ma \N ioe 5 ese GIN ye Ne i Seed LY BS? navel cea a lo Wehr ‘if <f TES. Ye pe] 7 Xs me ae NS ft “4 fe "
baseline,2026-03-01,113,AF1QipN6EbEkElMPz1tBBEdWJJiKFC5F6DzJ7M4y9bfp,22,"7,24,8",3,0,0,"CS. FESR SY © Se ate deat NOAM. CY A) ARR ROSS SNA APE A EE RS EMT phe en || yo» y W537 ptt mid Led) tse batan Ax ag Rice jap tenes ces Sa, oe ae i 7 a ye) ( A VN, a Aaa Ke ee ate "
wide_lower,2026-03-01,113,AF1QipN6EbEkElMPz1tBBEdWJJiKFC5F6DzJ7M4y9bfp,22,"1,24,2,7,4,5,8",7,0,0,"—_ - ae . rANAT \® esta ved rn we J Gobaeced a we, < ENO Rel Wee ds ERs ernrts Va! TL ER a SEXES wire Ae ot iar Pf Fiat ROAR NES, sip, AE ee wire Cee BEN oe eee ny, 1 See Ore tae :"
center_tall,2026-03-01,113,AF1QipN6EbEkElMPz1tBBEdWJJiKFC5F6DzJ7M4y9bfp,22,"9,7,5,2,4,8,1,24",8,0,0,"CaN Vo len SORT ee’ ERO 9 ae wet oad 7, [elas 5 soy fs pS ertdes E } ko ds EEN Lot fae ; as) ae Se REE peat i ORS Exneot y Ne a nade LSSES ee eect RXR || Pen 2 be ae | 2ge A; ee =n"
left_tall,2026-03-01,113,AF1QipN6EbEkElMPz1tBBEdWJJiKFC5F6DzJ7M4y9bfp,22,"9,5,2,4,7,3",6,0,0,"TON teed Tey ee . vr. a pda hE NE ra Petal Sees Mee L sie \ Pee 9 i T - Lhe em Pros Pera Wh st Seb . . ra ag Os, aa Le inal. pean ae NS. ys Lae de Whe CIN A MG Eee SES ne Bree why "
right_tall,2026-03-01,113,AF1QipN6EbEkElMPz1tBBEdWJJiKFC5F6DzJ7M4y9bfp,22,"2,8,5,3,4,7,20",7,0,0,"pte SE WESCLS ! sent ens eo , 2 rT iv: Bedi de OF NSS ee OSS; , LA t: ihe sien we <i eS GR ce TALtESor A Ent yes ten. Tce Ff nge = nef ah Ni Saas te Cea SON eee ei er YN I peer SA "
wide_tall,2026-03-01,113,AF1QipN6EbEkElMPz1tBBEdWJJiKFC5F6DzJ7M4y9bfp,22,"19,7,15,4,14,5,2,8,3,18",10,0,0,": . alee vo . ao el etn Fe Oe - a ran fuer Uy = ‘ o 19 mee “, mR el ‘iM Bs FI Vd Pate DNS ten “oe tert” ey eee Ate eA Ca eee Se OS eget \e ae egos RX NL ADA RES Nance eer Ne te Ne "
narrow_top,2026-03-01,113,AF1QipN6EbEkElMPz1tBBEdWJJiKFC5F6DzJ7M4y9bfp,22,"4,3,5",3,0,0,Na ee A A Be oriet are. ANN Seas WAT AN ae NGA Ve Seer Te T Neh rte len . ee ke NALS Se ed Aaa y Bess aL PS A SERPS Vi: ek || su wad “4 Aa No ae arena! Ni eae Pd NS AD - row a Cet 
broad_top,2026-03-01,113,AF1QipN6EbEkElMPz1tBBEdWJJiKFC5F6DzJ7M4y9bfp,22,"2,5,4,7,3,18,1",7,0,0,"aa SAT TN ANN: > TA p Wad +e, se apogee BN NA DR,” ape rereaet Sse NYY Ribealnt oe oat Ps NOS faok Noe hse Ty . ms ey Nae a Ses Ss Na Cres aa ee reas zs c me: PERG at Set FE: PSE U"
baseline,2026-03-01,114,AF1QipM7uGtne1p4U2UIb9xxZ4cwvrs-yi0r6F7CEf8g,23,"7,5,27,3,9,4,2",7,0,0,"en i Kon G6 elZk A ora ae by ere, As 7 Lot giel Ree WT BA mn phe sean wae os WES a aa 5 n Sater COPRR a Sea. Seen BN LEE SEY ‘ ‘ rw hier — erates | || "" arte wee ats We be \t ae 27"
wide_lower,2026-03-01,114,AF1QipM7uGtne1p4U2UIb9xxZ4cwvrs-yi0r6F7CEf8g,23,"2,7,5,1,9,4",6,0,0,"SoS rere ta T bong! Sie 2 ad wen JT] e Leas Hebel Ort Fg an E aE A, 2s VON GS Sef: So ae ST ee ey AY aon te LF Fyilg Et 7 Pt 7 Aat [Ale re DOORS aa eee a rae ee M oo Reiser prerey "
center_tall,2026-03-01,114,AF1QipM7uGtne1p4U2UIb9xxZ4cwvrs-yi0r6F7CEf8g,23,"7,6,5,1",4,0,0,wot Ws ORS x \ Si tyh ever : AAS Fee BSS 7 Ere [Fh 6 BF lo Lela PAG. AY a [ly || ia at NY “\o Ks ty) rk ud fi we ie’ lets mo Seow re we S60 s iad i LAS aM ae _~ I ee (ee 5 T RE a e
left_tall,2026-03-01,114,AF1QipM7uGtne1p4U2UIb9xxZ4cwvrs-yi0r6F7CEf8g,23,"1,3,2,4,5,6,7",7,0,0,"1 ee se gk ' 3 et tila 3 ON Le ey, Deane mh ef No. We Ap oe re } PW Aye Wee PREAARS Me ee ed a { iG bea Avs [rae a2 aaa o> an SOEEe NRT ST RECON || ia Ly, ee ba WN ty) rk \iS oh! —"
right_tall,2026-03-01,114,AF1QipM7uGtne1p4U2UIb9xxZ4cwvrs-yi0r6F7CEf8g,23,"7,4,6",3,0,0,"7 “ \. it Sere | ee a . NEL RSs [ep Let PMG Le Ae [lee gone sides he MY oe || “\o nti} Pk 4 \ iW Ar-- fo‘ ta taer, von i 1M -_ Siecle hé boo? Th “ 6 Lee, etl Ga NS beng? ho at Ae 4"
wide_tall,2026-03-01,114,AF1QipM7uGtne1p4U2UIb9xxZ4cwvrs-yi0r6F7CEf8g,23,"6,4,5,1,9",5,0,0,"ey Sa Oe Ek ~ \ AAS Al \Asc ees aN AAAS an a Cared CG eNO oe) bates aS . poe ices Iysreh a 439 Wie fe 6! ae ‘ asd? lo es tn ae Phe he: SRE hee Wes CS VUNENG, ob We Pa eae oy ad pie"
narrow_top,2026-03-01,114,AF1QipM7uGtne1p4U2UIb9xxZ4cwvrs-yi0r6F7CEf8g,23,"1,7,4,5,2",5,0,0,"PB y cement, ee ™ 1 \\ ents raN Spf yt < As s om dr§ bees \aeeant ves we ONE Gs ES es Ng Est 7 ta. (7 aes fF Se Tf NRE Var fe te Oy Se ee I aad? || a me) A Cas, Lat ae i\ \~ “HA rh"
broad_top,2026-03-01,114,AF1QipM7uGtne1p4U2UIb9xxZ4cwvrs-yi0r6F7CEf8g,23,"4,6,5,1,9,2,27,7",8,0,0,"aN ree me + « ran! oy ; tg oo an - \ ae a Mosca » | ep see res mA RATES, \e Pee NE Le Ste ey NCS ENS diag iene F a — Lae IN 4 a) Say am 4 yo AAQ Myo EX = car SIF ~ || ._ 4 ——_ me J"
baseline,2026-03-01,115,AF1QipPWBkqL4v5NLJ1PiJyG15nio0wI2mF4tBFBbnrg,24,"4,7,3",3,0,0,"em eee G yee TE it ae a. fl rz AM ated PS bee oc A'S tee” +, , ec bae Cet uu aea\V Sante D UR SE re: Stave: Ath Sane NSS NE 72, EON A Br Veh NEES PA md S RL Bae ¢ eer Teh : rel sea"
wide_lower,2026-03-01,115,AF1QipPWBkqL4v5NLJ1PiJyG15nio0wI2mF4tBFBbnrg,24,"4,9,7,8,15",5,0,0,". ey oe . Lm ee! Sa ee § mee Nee NSO TN Bee eae Was Nemes 4 9 Fe pene gE POI e Be ey eg 7 7. eine es Wee Se Jatin tye VY OES SE ECCT oN REE Rae eee, | ae FAN EP aoe easy \ AS BS Si"
center_tall,2026-03-01,115,AF1QipPWBkqL4v5NLJ1PiJyG15nio0wI2mF4tBFBbnrg,24,"7,3,2,4,15,5,8",7,0,0,"we hc hemetne AO | Sarena —_— — antl GS Sy Sade ers er tN eee NESS “ Ra \ ME reSNT Ss gone Note ay en Rei) Hint ae Dy, len ste as Te to ba Ll Nae \ y OSE eee BCS We) EEG eV ORS. at"
left_tall,2026-03-01,115,AF1QipPWBkqL4v5NLJ1PiJyG15nio0wI2mF4tBFBbnrg,24,"3,2,7,4,15",5,0,0,"he chee ON Sey ge A airs SO wee il Ses. erat eke, AAA ae aoe ae N yen tate ANSE Nee eae Em ary: BN eS ne : $0 Vetere nd Le ERS A ee b\galrg | Sp PARA RESO | MACAO R A R || * & ox, "
right_tall,2026-03-01,115,AF1QipPWBkqL4v5NLJ1PiJyG15nio0wI2mF4tBFBbnrg,24,"4,3,7,5",4,0,0,"WONT Rp aan! Siler eek, G49 Reeth 3s cata | sea ke 4 agrees Re Tosh mee eg AY ets Sos ketty ~The ys Voy e ete NH ~ A DS x edna U ING ay Qa Coan tess : ARC ores ME ETON ET ass WARES"
wide_tall,2026-03-01,115,AF1QipPWBkqL4v5NLJ1PiJyG15nio0wI2mF4tBFBbnrg,24,"4,6,3,2,16,7,9,10,1",9,0,0,EE LG BN Vara Oe 4X can A Ree: 4 Seek we Br oR Cae +f ¥ = wr ota a: 43 | Asse vane Neo eee al C WF alla ¥ GENS eS eel: A | arth 6 Ao staph hy A neki DOES Sat a ae ie etd ‘ oR Reset
narrow_top,2026-03-01,115,AF1QipPWBkqL4v5NLJ1PiJyG15nio0wI2mF4tBFBbnrg,24,"9,4,3",3,0,0,"rare + foe , ,. se "" WOT Bed Nese Wow: oth Crepes h ety re ns -- eA oi —<~ all oceee3 Mee rs YB , whee i “ Ne ""9 LN SF Rts Wea ENN"" > pa RS is conan ¢ “ ‘Witla Gad BARES, re AY (at"
broad_top,2026-03-01,115,AF1QipPWBkqL4v5NLJ1PiJyG15nio0wI2mF4tBFBbnrg,24,"7,2,3,4,15,5",6,0,0,Rete | ped lb Mt aE TEN NACo XN See ea See 7 Fn y.& A } stat ean <2 OLE an fees Ses Sons bss OSS a ET Ee pete nate ON POTN Mie YO Beary \ > mG SAE NEY. “Reem Mie WE NS ES ee Edie P
baseline,2026-03-01,116,AF1QipMtLrJPK0faCkX-3VID6XidGCN3fBR-dfPYm_vb,25,"4,7,1,2,22",5,0,0,. at pias SORE Tet Oe ALS NPS 4. é SBS ET I Penge YH LO Bs 7) Pawes Osea 1% eee 1% « SPAN HY Seepee ere Pera Reenwe Pest . $ SN Se ee Do || otha a) rer Ja a4 yn ay ree 4 ye. oe Pat
wide_lower,2026-03-01,116,AF1QipMtLrJPK0faCkX-3VID6XidGCN3fBR-dfPYm_vb,25,"8,7,4,2,9,5,22",7,0,0,"nN Sy tN en a on ENT aes 8) Bt Na es SAE) eH EDR at ON” | Bx Pe ONES ee Lee UN ace Ce Teekay eRe KORE eed E meme EL GES tere ER SE COE | See eicaet parr CQ Leg a res g Ease, 7 AK S"
center_tall,2026-03-01,116,AF1QipMtLrJPK0faCkX-3VID6XidGCN3fBR-dfPYm_vb,25,"19,5,8,2,3,32,27,18,22,7,4",11,0,0,"each + Bl: 19 , © EP ar 5 wr SU pee. ae SAAR ak Ze 8 NESS ays, o | ERS Baas & as ES BAL ONE ee aa AAR 2. | SARS Yio LARS 3 I pAtyers 2 =<, (§ : if M ‘ ; bn) Pan Br, ees = a Oe AR a"
left_tall,2026-03-01,116,AF1QipMtLrJPK0faCkX-3VID6XidGCN3fBR-dfPYm_vb,25,"22,9,27,18,2,5",6,0,0,"CER er Exe era een PERRIN IAS Bs oa eee ih bg Niet ets Seo eee meee | ye ae CET | Re 22 Ale: o aA pe . % “gn, nS : , Wat ioe SBC oe y RW, ele hea , RRA RS rf Hae wake BG. Biconcce "
right_tall,2026-03-01,116,AF1QipMtLrJPK0faCkX-3VID6XidGCN3fBR-dfPYm_vb,25,"2,7,1,3,4,18,22",7,0,0,"2 ve Eons PS SK) Vere ne an at - on SPRL Soret wanes: \ rT Base Sets OBS . SERB eae uy rt a 7 eA LF WCE AL KS AS ESAS | op “Seat } TAY ham toa bare) ours roe Ne, re MANS SSeS 1) Pe"
wide_tall,2026-03-01,116,AF1QipMtLrJPK0faCkX-3VID6XidGCN3fBR-dfPYm_vb,25,"4,2,7,5,32,27,18,8,22,3,6",11,0,0,"~Law SM te ee. oararry OY WO ™ oo -~ v * aL pet) Be wa a eld etary aig . WRN T sD oan NO 4 ° ae. RN _~ - 2. omen PRT uy pat, PSE SN NCSL + { “ , Se q MS ~~. Bp. eAGeEN. Ks Set : wy"
narrow_top,2026-03-01,116,AF1QipMtLrJPK0faCkX-3VID6XidGCN3fBR-dfPYm_vb,25,"7,4,3,1,5,12,37,18",8,0,0,"TRA 7 ey DY” I= Ait 4 352 3 pee) reyes ATL BG Se | ES eh mek . 1 SESE Eo g flo ke Wel s& 5, _ ei \ Pilati PE VV OR || ~~ ae 12) ane Ne y V i eee aT wt 1” wis f 3432 eP oe f 37 i 18"
broad_top,2026-03-01,116,AF1QipMtLrJPK0faCkX-3VID6XidGCN3fBR-dfPYm_vb,25,"7,30,14,4,1,8,2,32,27,18,22",11,0,0,vs € a = .* —— f ey ane 7 a Ff a - — Aes ‘. ’ t § Ov 30 a7 “\ ore “ iat Ze £ vy Tigl .* Sy TAL 7 en 3Z fh SS aint rhe \N Se \o° rT) 1g 14 . : ROE LST +. K \. BS he oes ot ee fx & F
baseline,2026-03-01,117,AF1QipPMXsRVMDxz3y0VfHmgSpsS4GQhzWS3PhtW06tN,26,"2,4,7,33,5,3,35",7,0,0,"ASA ie 2.4 The, & ere weIa et Ser ey LEAT jf ene v cay Carre iy De ; jem 7 2 Boece Os . AA nok Seer ey apie Se, erie pe Ne EAR R ESS \ Bsc it ton as i” over 2 SoaAak NG || ci at ve"
wide_lower,2026-03-01,117,AF1QipPMXsRVMDxz3y0VfHmgSpsS4GQhzWS3PhtW06tN,26,"4,2,5,7,3",5,0,0,_ ON da an Ce ey ¢ Ba ¥ a Nee ny ME AEN Ky oe Bec eg ewe) TEENY Besar ee <-> ca LO Say fete [Brees EAN wag gi pel ey FAY pik ttn ti ST PAS BRANES geek ; andes ‘Bed PAL pA |: oh gy 
center_tall,2026-03-01,117,AF1QipPMXsRVMDxz3y0VfHmgSpsS4GQhzWS3PhtW06tN,26,"7,5,25,3,6,8,1,9",8,0,0,"r | pie we 74! 7, Ny : WN eo 71 en? ba Tm : ae mm) ey ben. 5 “vr é ites ’ ry ay y- ye oy AN. etndy ‘ao AC Cee eee U Pane ay Ble dS ON RED NESE opie es Lee Spats NA AONE esc: Ae BN "
left_tall,2026-03-01,117,AF1QipPMXsRVMDxz3y0VfHmgSpsS4GQhzWS3PhtW06tN,26,"25,3,5,1,7,9,2,4",8,0,0,Yen TRAIN fay : Pel i ~ mee VP RS is TSA bet “EB\ ES NaS SS A Eg oN SoS a RG” Patrik Be APR SSS Pay aD ON hi oo tl RS BRS zc Fog pater by a eilty te PE ie Sea ee ON OMY myles NLS o
right_tall,2026-03-01,117,AF1QipPMXsRVMDxz3y0VfHmgSpsS4GQhzWS3PhtW06tN,26,"5,1,4,2,6,7,3,22",8,0,0,ALS wer Lent 5 qe ~— aS Sa te ame Te. ~ a ‘ a li Co Boyes ~ Neer Ok ON - c a ee oe . ‘ Lee 1-4 Shey wary ay BN : rae TK ES anes ye ee naa 2 dees a ESOS ASE Nace ancora sae ee es Pi
wide_tall,2026-03-01,117,AF1QipPMXsRVMDxz3y0VfHmgSpsS4GQhzWS3PhtW06tN,26,"7,1,3,2,25,6,5,4,8,24",10,0,0,a FF ft wears oe 7 y a ae _ aN 1: Wee CAD [iW ic J S< aC FES ue Hp ES SO ne ‘3s UR Ma Rg i ee EAN Ce Nee Are oy | AG) eka eee eet af . Bl Sg 8297 el hh 3 ee free ra T ER RS MADE LE
narrow_top,2026-03-01,117,AF1QipPMXsRVMDxz3y0VfHmgSpsS4GQhzWS3PhtW06tN,26,"7,4,25,3,6,2,9,22,1",9,0,0,"nk ares ‘ fate? at lay% « Me Te ey, qe ~ \ ALS RNA wel. = 7 <4 OM Va tarot ee ss Bg| Rese eee oS ato, Oita en ae a be —p S777 (AN Saee ee beet LAMENTS sot RENT NS aS Lanes Ona Le B"
broad_top,2026-03-01,117,AF1QipPMXsRVMDxz3y0VfHmgSpsS4GQhzWS3PhtW06tN,26,"1,2,7,24,8,3,6,4,5,22",10,0,0,"TA Wal Wat Vr BY Yeas ya ne TY “ah, +. | sagt —- to 1 WO EA G Waa oe ken S qe Lars + A cy 2? FAVS wlperg” a i a , Sosatt Poa] C Ven doze bt’ S SE aero Soke a) id eg a Seen EAS ANC "
baseline,2026-03-01,118,AF1QipNLP1nQE3N8XGORp7XYFHkzwanTKBkrM2RxhHSf,27,"1,2,4,3",4,0,0,"we Rea PART LSA ie me Lees / iW AON eTTELAN WEG B Te TAY eG a hts eae ty | na ae a SEES aa iis | steht SK Se ANS or Ne SOLS Sie ae || vay tN pee 1) As i i es A = RE aawe "" TONG eek"
wide_lower,2026-03-01,118,AF1QipNLP1nQE3N8XGORp7XYFHkzwanTKBkrM2RxhHSf,27,"7,4,2",3,0,0,"i> et Ee lum Yass OS KX ~ oN Se se Q < a rel Ns PE : caay ned Xx NS: : eee See N fe Aa nes ee Aaa SG GARD, SAS SAP || a & — <a ~ if) se Oar ot AN oo. —— “7 ™ oe Sra3 =X THA Es fray"
center_tall,2026-03-01,118,AF1QipNLP1nQE3N8XGORp7XYFHkzwanTKBkrM2RxhHSf,27,"6,1,27,7,13,8,4",7,1,0,"NE OS nena EEN eae? SOF SAIATESS YN —< iy JAY Lays oN Sf PAS Me Tie baad “p23 Oaas an <P Te Fa Ay con: Ts Ean een : eet ING ed” a] eS ah ences ‘ Ss eral"" ~ sf ‘ ee inace Bie iio, s"
left_tall,2026-03-01,118,AF1QipNLP1nQE3N8XGORp7XYFHkzwanTKBkrM2RxhHSf,27,"3,2,6,7,4,1",6,0,0,"— aN“ AF teak Oe bdo S ah 3 - { sof ~ ; ee v3 . ‘ et Te “ee Seen xR - : an a i tears we The nites im PCr BY Pee : bys iy! Asse: Sats ahs ¥ 2 ; oy oy ~ n¢ : : re : _—, Lani “yt Sack"
right_tall,2026-03-01,118,AF1QipNLP1nQE3N8XGORp7XYFHkzwanTKBkrM2RxhHSf,27,"20,2,4",3,0,0,"Ney: SS = Ye a4 ef ‘ . we ar NY Cty scnye “oA ' dm, SAN NSBR PYG bee “LYRA? Eee | BAP eSoerry = Oo 20 RBSE YY Mh ey een. eS sl WAT nea es AONE ee Rye eet na Pach ES Se aN RSE ETS ("
wide_tall,2026-03-01,118,AF1QipNLP1nQE3N8XGORp7XYFHkzwanTKBkrM2RxhHSf,27,"2,5,1,7,4",5,0,0,": — ey 2 5 pepe 1 Se Siae EC NCeC EN ee RM es, Cex “ane § ee ey ity Se habe Pig eet eee i. : SES 1. ty Rae “a RCO || ma, | me 7 my bed eat ry ae > Cyrtsne se tA Oo: Me Wats oN oe +"
narrow_top,2026-03-01,118,AF1QipNLP1nQE3N8XGORp7XYFHkzwanTKBkrM2RxhHSf,27,"7,5,27,4",4,1,0,Os ma te SN Piers Cece ee 7 Secs USA EE l Bey: te CELT Sat ON oy NCS EP \ t ne Pen) oe De frie : Fearne feta nee es Orso tea \\ Ce NOT NSE ETS. VEER || Ne sieu et Ne tiie ~~ wea) o
broad_top,2026-03-01,118,AF1QipNLP1nQE3N8XGORp7XYFHkzwanTKBkrM2RxhHSf,27,"4,2",2,0,0,"mA BO el a RFA, vi enn CREE) re Noe ba War Bei OTE SESe eae ae rer eee NOREEN Aes: ee \ Seas SNES ENC, Lion “yc ae TEAMS Ce Bey Lg ABE: ox Pea oS Seat re i A ERD eee | OF ons A | S"
baseline,2026-03-01,119,AF1QipMFmFE2zSwwItqtCu8Avz54TuW5eH9s8-LcxJUB,28,"2,23,3,4,14,1",6,0,0,": ff gms TTY: inte atn“a'sS” =e N * 2 aS ‘et AY ee ‘ A ke r| dees | T easy }, a4 Ace SN Paes \ “a ny exea e oe > Hostess» Seay re . pant @) Ree SLE og be 422 1o Rs ve 23 = we Pel P"
wide_lower,2026-03-01,119,AF1QipMFmFE2zSwwItqtCu8Avz54TuW5eH9s8-LcxJUB,28,"3,7,4,1,6",5,0,0,re PE RAOS Ot A er 4H! A Suds E Gee HAN aaa OCI EN tele =. & we a uJ y 3. 7 \ mah Pe bt Ste Soo; aN oe Ny Re yee eee fits Bio! eq TOP ay x ae Arter ery Visca : 3 Sea aay \ ©: ! OS 
center_tall,2026-03-01,119,AF1QipMFmFE2zSwwItqtCu8Avz54TuW5eH9s8-LcxJUB,28,"7,3,30,22,14,9,36,4,23",9,0,0,"7 AE tbe oS. Dp. = ‘ 3 St ? is ore ane ay? at aS SN ery bp hele, Aa ATs aid: r 3 f ze 30 fy Rat ECTS } Wass ey \ sais ""LA's is NZ a 22 Ey lo Bs) Re Sap s { ASLAN 14° RN Hoes We aa "
left_tall,2026-03-01,119,AF1QipMFmFE2zSwwItqtCu8Avz54TuW5eH9s8-LcxJUB,28,"4,20,7,37,2,3,14",7,0,0,"VawaNt mre Pan ene POE Eaten ge 4 Berd ts i La Aa la\atron He MT eats 20} s355 345 - 7 Feo T p 7 Sa 37 | . > Re s Spe eet — dite Be! A 6S rk - ay ‘ x 2 age a Seto an ‘s "" AG _ || r"
right_tall,2026-03-01,119,AF1QipMFmFE2zSwwItqtCu8Avz54TuW5eH9s8-LcxJUB,28,"9,1,7,3,24,4,5,14,23",9,0,0,"Ard Neat) Bo PON, * 9 ? ; f, 3a ""i S %. AN { ALGS7 ay pv fins “ 1 GPa ve He N uf <i! aN be le ‘: ° 7 FS! oy = 3] f 7 mae ze uns ate MY Te : wee 0 ie ate a gaeteae 3. aL IL E aa = e"
wide_tall,2026-03-01,119,AF1QipMFmFE2zSwwItqtCu8Avz54TuW5eH9s8-LcxJUB,28,"4,7,1,3,17,9,8,2,30,31,14",11,0,0,"qT era ee, — 4 a Cesta Near | 7 i, Cy ot fz 1 Re ed! ; ae S. GY 7A Ene Pea Use (émes Sy te > R On AT. + ‘ Stare 4 RY? 82 ""a? Bad, NOs [ate ay pany Mey hel) he EEA NS at Berd / id 4"
narrow_top,2026-03-01,119,AF1QipMFmFE2zSwwItqtCu8Avz54TuW5eH9s8-LcxJUB,28,"27,2,9,1,3,14,23",7,0,0,"“Gad rus 4h dia Say eay tT toni au OR di Let ates z kd fiesateck RE mE oe) . 7X0 we 27 AWE Om\\\ a eas Re A ET || Rime a ioe ‘e bit bend Y foes) ES a as SES es | 2 ah, b- eel by ba"
broad_top,2026-03-01,119,AF1QipMFmFE2zSwwItqtCu8Avz54TuW5eH9s8-LcxJUB,28,"6,9,3,20,7,4,2,30,31,34,32,14,23",13,0,0,"a. i cag” re ul, tne i a . t Pr th Ried Aa ker 6 AR, Pah Fa” Naas ie 9 ae ‘, Er ag ye diy poe ‘olele rae “s, prtele Ral ic tan OL Wess BAD oe Se oe hit. “MN ye AN 3 AL Se ards Stas"
baseline,2026-03-01,120,AF1QipOBM5hLAYFlc1Fa8LN6Ueb4kynLjeQFj_VpFDmd,29,"28,4,8,1,16,14,7,5,3",9,0,0,"Wee bs a oS PEE astawees “es eee ge TE 28 es aia We ees Rete FON Se a ME Tye’ SRE it Ys NEL PAE ee || hn, Shee ie we MY Mage At aS eS \ Xv ES, ‘4.8 Man. 4 Dated be iN ne Ay wh 1, a"
wide_lower,2026-03-01,120,AF1QipOBM5hLAYFlc1Fa8LN6Ueb4kynLjeQFj_VpFDmd,29,"4,2,8,3,7",5,0,0,"MEER Hard oe naa ee os ee BON Vt ates SEES oar Ses lea atten - er why kss: Wong fee es oc ENTE N : hh th ae Cs <4 Ce Cae . a NN AN Oey gE RES RAE ES || eed oA wer ‘ye rh Aer, tr Jo"
center_tall,2026-03-01,120,AF1QipOBM5hLAYFlc1Fa8LN6Ueb4kynLjeQFj_VpFDmd,29,"8,4,2,3,5,24,1",7,0,0,"“8 ret we Ze Ye Raat ye SES. vee, Alege vas eae th a * wey Me Ly, Mate y , a Mars a on OPE — rere £4 CONES Lt se ee mee eee oe ah yor . od .e Shae Sen eo caa eee N: - the? Hepa re "
left_tall,2026-03-01,120,AF1QipOBM5hLAYFlc1Fa8LN6Ueb4kynLjeQFj_VpFDmd,29,"7,3,33,5,4",5,0,0,"7 ark Ba Raye os MAS WN ~ Reif rs cue ee a, oon ny NAY, erph ee eh CR eS te en nn UR HON EAMES Sh ae YR CS Bg SA TERA Saat arc ee Og NES Aa iy vot N Sy RAN pe Aa a ak na Re Tos 2a "
right_tall,2026-03-01,120,AF1QipOBM5hLAYFlc1Fa8LN6Ueb4kynLjeQFj_VpFDmd,29,"3,4,2,8,23",5,0,0,SE Ne — SN ECE a are Rese barge SHES re a Sar 42 Soya tage ty tfeg.% Soy a ae ans ny Pot ANSE ee es ae SVS: : ANG Sa ee ea as ee Pave Dae ee ear = & aN ‘ eR Vey oN etal WANS OR: S 
wide_tall,2026-03-01,120,AF1QipOBM5hLAYFlc1Fa8LN6Ueb4kynLjeQFj_VpFDmd,29,"2,3,4,15,23,5,16",7,0,0,i ea See Ce “gy i ' ih eee CET LS AeA ieee Ve NS SO SALE x Lg VRS NSS ge ee hos tae ee QP Ee sy tone ie Ne aC Broheney: | aa a Weise Se eas Roc Gis eet Benya SS Se Rae fede His ie 
narrow_top,2026-03-01,120,AF1QipOBM5hLAYFlc1Fa8LN6Ueb4kynLjeQFj_VpFDmd,29,"29,8,3,5",4,1,0,"A SA Rabea Se eer Rees 29 LASS EE S¢ ¥ Y otye aae fons aie Reo See Ao Ai VEE 8 EPS = Le Bee eye AS Te OL RECON EPs || ro Soh yas aS es A By: AD rs) Ras as ti oy in Ds CEO, if me fi"
broad_top,2026-03-01,120,AF1QipOBM5hLAYFlc1Fa8LN6Ueb4kynLjeQFj_VpFDmd,29,"4,2,5,8,28,7,18,6,34,3,20",11,0,0,"“Le Pier . 4 e ie eee 2 et LM ae ogy we Ras ase eed ge bares er Se SSS 5 ey a Snort aD Seen rane ee SRG, ae SEA EY, AO ne 8 RES Salty Deen Aaa ese Tate Make han ts at en, it SEA ME"
baseline,2026-03-01,121,AF1QipMKVt0V5Rpl_ydwPD3DUF2hl7claC-uEj4b4U0C,30,"2,4,3",3,0,0,“aig EHS fe » Se en ws BEA eee Mig. RS SES i of tts) 2. pee ty Any eh: Ch type aL Ves RSE pe MgSO Oy Soe eee Ne Dart Poke SON aN Fs PEN wees DS tAS WE aTs ars PUR CRS RO || ON acs 
wide_lower,2026-03-01,121,AF1QipMKVt0V5Rpl_ydwPD3DUF2hl7claC-uEj4b4U0C,30,"4,6,3,9,7,2",6,0,0,"Ser SCH Poe] 4 Ochs ; ey Sone Bde oe rad Sac ee sg Rare tq e coe Ag Nas Tass Aad <6 mom wn ¥ Lite pee : es Ne A se eT ee || ie. wid Alas we. 43 Epa e: at fe soy He <¥ fe + f oI, fi"
center_tall,2026-03-01,121,AF1QipMKVt0V5Rpl_ydwPD3DUF2hl7claC-uEj4b4U0C,30,"2,3,5,6,4,30,34,37,10",9,1,0,"Nout we Se OR rene eee | a eee en Fgles Gee af ‘2. a Py Tee a we a Cee ee £3 ye Won eoc% REE web é lta epee fi Oa “hs ERE ES iS west R. . ee eee ery a bags dG Thagey oe sat, Pog AR"
left_tall,2026-03-01,121,AF1QipMKVt0V5Rpl_ydwPD3DUF2hl7claC-uEj4b4U0C,30,"4,25,2,6,3,1,10",7,0,0,"Ses Oe OEE SS welt ad EP nog TP nef RE Se ee, wR. ene Meet Pe 4 Od Parie ws mat RAS Ass Bit eet mi) Set WAR i PR SES LEC IS || iy at ve, aed ~ ae Wis re aes ans Ca, v at ta ae <¥ o"
right_tall,2026-03-01,121,AF1QipMKVt0V5Rpl_ydwPD3DUF2hl7claC-uEj4b4U0C,30,"3,7,34,4,2,10,1",7,0,0,"ey SEY ~ ia ge ens ree he : AS ge ety ; . fit Bee Nét st ie « Ha ae asa, PERS ee) KS wey ty ys + rong “ thy «. Prayer at OF on TG tf 3 eat gE RE ks \ wae Wy Woks She USN a rd “yt 3"
wide_tall,2026-03-01,121,AF1QipMKVt0V5Rpl_ydwPD3DUF2hl7claC-uEj4b4U0C,30,"2,9,28,6,7,4,1,3",8,0,0,"Seen : Ber ey : Te: « EZAS pee AS oa SAAS, ERC EE TREES As RS a mad apes OSes AORN pie, ery tR Blk ee SAP LO WER te age. py PERE RSs tid NCE I «OU CASS adits 2”. PSEA S Fg ep ls po"
narrow_top,2026-03-01,121,AF1QipMKVt0V5Rpl_ydwPD3DUF2hl7claC-uEj4b4U0C,30,"4,2,30,8",4,1,0,"Seat le Me TO te iin Se Tg le TE SD el oimtaa / - . r wif . capt Sr FST ye ete: AIS EREE RI a en OE Oar eed ers BT S ot fist ee geting 4% 4 of SACS AS, Pera praee (2 Wap en ea at e"
broad_top,2026-03-01,121,AF1QipMKVt0V5Rpl_ydwPD3DUF2hl7claC-uEj4b4U0C,30,"2,8,3,7,1",5,0,0,"a NN SEE SEIS BR RT Sh ea NRA See eae BF Sowcee eg or ees ROMANE TOON ' Gen ARS pee CN pies a5 ee ea Bee SLES Re in 2 Are AST RNS eet es aoe Sonat wets ay, Us? Soe 8 & ve Se. Ee 5S"
baseline,2026-03-01,122,AF1QipPorTuz5ALiHEJAM2Lpu1_jlheLOS1Rbw_jFR9n,31,"7,40,2,9,4,1",6,0,0,7¥40 yn EB ERS . be os ten eo oy a ye bay oy He PES gti ars ag a a) eer ory TNs tal a we Vues ony es - teint ead Deets : CTE ASS || mw Sr aN RPO Le p% 2 aes 9 fe ANA wee KE 4 ve AS
wide_lower,2026-03-01,122,AF1QipPorTuz5ALiHEJAM2Lpu1_jlheLOS1Rbw_jFR9n,31,"7,4,3,32,5,38",6,0,0,"7) Renae be oh “E “i Lee A Ale ra: oo 4 SS See NNSA SS ‘ ee Reg oe eet Fe: AROSE, . PEARY Se eee a a 375 a Loa Mm ae. — ae Faeroe eas, Gant ae ee . a“ te a Sven % Sea Cty es — eee "
center_tall,2026-03-01,122,AF1QipPorTuz5ALiHEJAM2Lpu1_jlheLOS1Rbw_jFR9n,31,"3,4,9,23,5,1,7,8,2",9,0,0,"ile » ¢ Lote 3 Sy oy a rae / aN RAL re ae See SORA Ny Yh ae SO pe Ree rey mt, aged PN ee ya. one : Re AY SS oy cee Wk S VRS Re oa [4 Os Denies PERO 9 RAY ae Ree CA Ant OS PR OA One"
left_tall,2026-03-01,122,AF1QipPorTuz5ALiHEJAM2Lpu1_jlheLOS1Rbw_jFR9n,31,"6,7,4,3,2,1,5",7,0,0,"Amel ~ ~) . . tees pre oe “fo LP ets al SaaS * > we, w i Be eerie ¥ 6 LES TOE Ee a Rol hy! at neg). oF, >. PRM ac ~ cys ae be. Ne ey ah a a es: aye Rees, ene fee ———™ nee aE "": a U"
right_tall,2026-03-01,122,AF1QipPorTuz5ALiHEJAM2Lpu1_jlheLOS1Rbw_jFR9n,31,"5,1,7,32,8",5,0,0,"~ | ~ ey . y , ~ are FS Sx fetal, EX TA A pein or ys 5 ge AE Ab se ee ow SNe eta ea PNA AES by ee aj Pay hs Ste elke Sete ~Fan *t LS SPSS te) te Mod RN S| RA te || 1.0 ——? Eid = L¥"
wide_tall,2026-03-01,122,AF1QipPorTuz5ALiHEJAM2Lpu1_jlheLOS1Rbw_jFR9n,31,"4,3,32,7,1,36",6,0,0,"NS Ng ce PN tee gy 4 ae oy ay ee > ETS PN ives Ca vt : yg wn! oh &, ome mt Ae ; ; Z a PTE Seals ERIS RAR eS AOE RERE SIS gens ars eae Tee Ae See SS ieee yee Pa ger ita! iNet MAE ak"
narrow_top,2026-03-01,122,AF1QipPorTuz5ALiHEJAM2Lpu1_jlheLOS1Rbw_jFR9n,31,"5,4,2,8,7,1,3,32",8,0,0,"F “yt ny NS & 5 Aas et . ee alte 4 % vr Te CN Sr stp ae soa Ace , 2 . ~ rs yy va a KE SS ng ASAE pre MISTS Pa SN SPIES 2 eet fe 8. pains ae ae ‘dé ee “a fs. ‘> Mas eae <, A Bee AS "
broad_top,2026-03-01,122,AF1QipPorTuz5ALiHEJAM2Lpu1_jlheLOS1Rbw_jFR9n,31,"7,2,3,1,4,32",6,0,0,"* ad oe . ran aad Rtas A fat SO Xe . . 7 ae -~ 2 woe mee U7 aia of . | - mS, EA (f ty /. . wD ear f Se ‘ — a a ? as Se a SAD cK ioe eae ED AE t $3, Y: RP ear? 7 oy ys ee ee 1 \ Ns "
baseline,2026-03-01,123,AF1QipMp6DlOsKFVOGtUIHKsjh3bItpP7ppIW8ZY0nW9,32,"4,3,5,2",4,0,0,"Sergey pf yaad, cy FS; reg Wi oad lee : Pre steep tf ema IAIN fot enh Sty te “ee ‘atte * Poh ONT Sao LER wean a int Pe Se EAMES Weer ai iy: xeSh ay a ike fe oe Jars ie | || ot A Sf"
wide_lower,2026-03-01,123,AF1QipMp6DlOsKFVOGtUIHKsjh3bItpP7ppIW8ZY0nW9,32,"5,4,3,7,2,8",6,0,0,"we Ae SMA Aran 4h tor yt : + SEPT) & se Ste : SA NC oon JS PZ ee ay ee <5, 4 fe P: v5 b SON aN PSR IAD ae Oe Asiiase at pt tote on Re flew yes ‘ a «LE s > és ade ws Oe Re a Ng At a"
center_tall,2026-03-01,123,AF1QipMp6DlOsKFVOGtUIHKsjh3bItpP7ppIW8ZY0nW9,32,"4,19,3,2,8",5,0,0,". we - Sam PR ek aN NA Sy a 4 AMA Bf . EGE ae ? eh LRT NS EEF ‘ aD a LR ERA EO SES pen Se <I 19 a As FN 4 3 < < Py t> POE avg tity wa TPL ONS ULERY OS ee aen Be || otis ¥ ane, oy, "
left_tall,2026-03-01,123,AF1QipMp6DlOsKFVOGtUIHKsjh3bItpP7ppIW8ZY0nW9,32,"7,4,34,16,5,2",6,0,0,". a sen gte. t ath pe Bh, et y Pre EY (A ee a t AG) og SS Sas es feet Wag Agee SOAS Lg Lk Brat CEP te se ZR NS af) mes apes Jad? Fe ina Be A Ry B Sere ne lg en ‘ sor Tee, ~ a . ie~"
right_tall,2026-03-01,123,AF1QipMp6DlOsKFVOGtUIHKsjh3bItpP7ppIW8ZY0nW9,32,"2,4,5,7,3",5,0,0,"Teepe Te , ~ ros Lo ee ein Fs wit aL? Bessy oP ak PES eG” fe Pe Rae < . See, seve toa Wee e; phen Ota, Re BAY re Rat Aaa et SS Sy ye wy AEE SS ~. at ASS us “ot "" Leyes Seek rae ~~ "
wide_tall,2026-03-01,123,AF1QipMp6DlOsKFVOGtUIHKsjh3bItpP7ppIW8ZY0nW9,32,"4,7,5,33,3",5,0,0,"4 KORE et ene ae me i ee tel Go ae ge ‘ page IES Hy ay Rete ai SONS, PPS spe Y, ; BOREL fae y oe: ah TS Be D Sika teas Ao aes © cage he? PPP BML: re) -_ poor CSR re epee es Se add "
narrow_top,2026-03-01,123,AF1QipMp6DlOsKFVOGtUIHKsjh3bItpP7ppIW8ZY0nW9,32,"3,4,7,2",4,0,0,"\ on ary cae uf, Le tee a a? Jee Meta Ys Y 3 RW EL ALT, Pee ARES MLE IEG 4 , FR STS EL ee gia Le oem ye Se 7 eighties ™ ON Ly “eAVEE Ge! om ’ £. Sia ath hat Por RA ME AL LF atk # ;"
broad_top,2026-03-01,123,AF1QipMp6DlOsKFVOGtUIHKsjh3bItpP7ppIW8ZY0nW9,32,"4,2,5,3,7,8",6,0,0,"- NN DT OR arena eee ee, Ae Vara 4 fee ge MA Seige os oy - . aaa i INLAY, vate Or . Oe Een . te> 3h Pe 2%, 59. % , ya Nee Wes tts Ap aay Fe wd : Tf gOS es 5 EWG) et te oe, tpreet V"
